635	115
33877	115
24957	114
33637	114
38530	114
167	113
1473	113
2690	113
3974	113
6794	113
8052	113
9543	113
9910	113
11395	113
13315	113
14459	113
16199	113
18273	113
20725	113
21864	113
28383	113
28836	113
29934	113
32331	113
34490	113
37206	113
38564	113
41850	113
47296	113
48022	113
838	112
1330	112
2157	112
3031	112
3148	112
3837	112
4064	112
4481	112
5419	112
5592	112
5630	112
6026	112
6113	112
6522	112
7156	112
7416	112
7768	112
8612	112
9792	112
10307	112
11078	112
11641	112
11860	112
12627	112
14250	112
14767	112
14863	112
15223	112
15745	112
16123	112
16151	112
16158	112
16206	112
17163	112
17249	112
17277	112
17304	112
17637	112
17650	112
17810	112
18471	112
19143	112
19929	112
20552	112
20703	112
20760	112
20770	112
20796	112
20822	112
21041	112
21712	112
22347	112
22657	112
22960	112
23886	112
24385	112
24406	112
24713	112
24771	112
25040	112
25423	112
25846	112
25942	112
26018	112
26394	112
26858	112
26884	112
27274	112
27636	112
27835	112
27901	112
27994	112
28280	112
28293	112
28298	112
28629	112
29059	112
29731	112
30396	112
30777	112
30807	112
30940	112
31212	112
31468	112
31541	112
31916	112
32291	112
32427	112
32928	112
33009	112
33441	112
33568	112
34129	112
34416	112
35176	112
35335	112
38065	112
38175	112
38440	112
38488	112
38978	112
39278	112
39896	112
40034	112
40057	112
40539	112
40763	112
40768	112
41245	112
41316	112
41739	112
42011	112
42089	112
42615	112
43275	112
44169	112
44918	112
44984	112
45362	112
45431	112
45985	112
46264	112
47062	112
47667	112
47843	112
47844	112
48102	112
48867	112
49041	112
49064	112
49308	112
49572	112
4	111
166	111
277	111
331	111
471	111
496	111
540	111
557	111
597	111
748	111
1112	111
1441	111
1774	111
2020	111
2380	111
2452	111
2630	111
2848	111
3070	111
3345	111
3437	111
3561	111
3861	111
3921	111
4037	111
4079	111
4168	111
4889	111
5052	111
5056	111
5210	111
5216	111
5519	111
5573	111
5611	111
5685	111
5860	111
6064	111
6095	111
6277	111
6383	111
6424	111
6688	111
6871	111
7033	111
7083	111
7108	111
7222	111
7231	111
7287	111
7298	111
7355	111
7508	111
7517	111
7658	111
7761	111
7790	111
8049	111
8269	111
8317	111
8621	111
8644	111
8647	111
8719	111
8762	111
8765	111
8776	111
9067	111
9149	111
9222	111
9291	111
9469	111
9614	111
9865	111
10171	111
10400	111
10475	111
10566	111
10727	111
10795	111
10808	111
11074	111
11155	111
11284	111
11714	111
11867	111
12007	111
12153	111
12202	111
12344	111
12372	111
12432	111
12460	111
12582	111
12608	111
12829	111
13317	111
13437	111
13540	111
13616	111
13704	111
13758	111
13765	111
13867	111
13889	111
13937	111
13964	111
14082	111
14320	111
14440	111
14717	111
14747	111
14989	111
15118	111
15140	111
15216	111
15237	111
15266	111
15322	111
15359	111
15365	111
15597	111
15691	111
15852	111
16005	111
16093	111
16131	111
16216	111
16264	111
16522	111
16601	111
16659	111
16997	111
17464	111
17643	111
17682	111
17926	111
18154	111
18277	111
18313	111
18480	111
18785	111
18808	111
19029	111
19246	111
19263	111
19527	111
19712	111
19850	111
19920	111
20037	111
20240	111
20367	111
20436	111
20699	111
20721	111
20756	111
20769	111
20862	111
20921	111
21049	111
21060	111
21210	111
21240	111
21250	111
21590	111
21655	111
21768	111
21974	111
21984	111
22072	111
22126	111
22143	111
22145	111
22425	111
22565	111
22642	111
22672	111
22794	111
22813	111
22988	111
23200	111
23434	111
23602	111
23640	111
23714	111
23812	111
23964	111
24073	111
24124	111
24275	111
24386	111
24601	111
24636	111
24766	111
25198	111
25271	111
25364	111
25429	111
25622	111
25880	111
25964	111
26246	111
26253	111
26404	111
26723	111
26852	111
26999	111
27020	111
27106	111
27250	111
27259	111
27407	111
27477	111
27511	111
27824	111
27946	111
27955	111
28224	111
28393	111
28505	111
28746	111
29382	111
29570	111
29749	111
29855	111
29861	111
30051	111
30058	111
30153	111
30169	111
30760	111
31133	111
31166	111
31450	111
31539	111
31738	111
31817	111
31966	111
32049	111
32329	111
32350	111
32353	111
32355	111
32972	111
33064	111
33172	111
33186	111
33471	111
33647	111
33658	111
33659	111
33708	111
33783	111
33828	111
34004	111
34116	111
34136	111
34805	111
35054	111
35072	111
35093	111
35146	111
35155	111
35333	111
35366	111
35391	111
35441	111
35564	111
35647	111
35889	111
36126	111
36323	111
36421	111
36517	111
36586	111
36616	111
36630	111
36696	111
36768	111
36859	111
37119	111
37135	111
37541	111
37542	111
37574	111
37982	111
38134	111
38167	111
38395	111
38614	111
38783	111
39030	111
39113	111
39149	111
39212	111
39413	111
39857	111
40013	111
40115	111
40128	111
40282	111
40405	111
40534	111
40776	111
40951	111
41054	111
41149	111
41670	111
41713	111
42029	111
42171	111
42208	111
42369	111
42370	111
42513	111
42606	111
42670	111
42689	111
43002	111
43137	111
43183	111
43261	111
43371	111
43453	111
43503	111
43526	111
43572	111
43744	111
43806	111
43954	111
43965	111
44163	111
44180	111
44269	111
44297	111
44358	111
44499	111
44987	111
45041	111
45242	111
45904	111
46123	111
46276	111
46304	111
46372	111
46461	111
46621	111
46638	111
46746	111
46791	111
46880	111
47442	111
47459	111
47572	111
47577	111
47616	111
47715	111
47964	111
48163	111
48781	111
48797	111
48814	111
48940	111
49088	111
49240	111
49310	111
49319	111
49393	111
49782	111
49929	111
49969	111
48	110
54	110
69	110
110	110
197	110
323	110
359	110
408	110
410	110
423	110
643	110
687	110
840	110
852	110
869	110
935	110
1052	110
1164	110
1531	110
1556	110
1580	110
1639	110
1657	110
1843	110
1981	110
2073	110
2079	110
2080	110
2153	110
2199	110
2207	110
2268	110
2340	110
2359	110
2406	110
2475	110
2621	110
2756	110
2770	110
2800	110
2887	110
2909	110
2912	110
2914	110
2945	110
2970	110
3012	110
3053	110
3113	110
3246	110
3341	110
3405	110
3441	110
3454	110
3472	110
3511	110
3547	110
3578	110
3580	110
3600	110
3710	110
3718	110
3735	110
3772	110
3789	110
3803	110
3809	110
3849	110
3981	110
4065	110
4086	110
4164	110
4260	110
4310	110
4329	110
4552	110
4568	110
4612	110
4678	110
4817	110
4999	110
5031	110
5058	110
5064	110
5104	110
5127	110
5139	110
5333	110
5379	110
5380	110
5386	110
5591	110
5615	110
5654	110
5745	110
5771	110
5787	110
5797	110
6086	110
6092	110
6130	110
6210	110
6315	110
6408	110
6529	110
6539	110
6551	110
6682	110
6705	110
6748	110
6757	110
6810	110
6951	110
7005	110
7031	110
7098	110
7116	110
7248	110
7269	110
7292	110
7347	110
7372	110
7447	110
7448	110
7466	110
7506	110
7557	110
7584	110
7624	110
7625	110
7726	110
7770	110
7897	110
7969	110
7976	110
8086	110
8088	110
8101	110
8152	110
8225	110
8337	110
8511	110
8544	110
8638	110
8747	110
8750	110
8779	110
8899	110
8910	110
8937	110
9041	110
9044	110
9169	110
9182	110
9186	110
9202	110
9258	110
9268	110
9424	110
9428	110
9444	110
9525	110
9530	110
9550	110
9707	110
9708	110
9760	110
9833	110
9854	110
10010	110
10019	110
10036	110
10082	110
10192	110
10204	110
10232	110
10323	110
10391	110
10554	110
10564	110
10589	110
10648	110
10650	110
10676	110
10678	110
10691	110
10756	110
10760	110
10780	110
10954	110
10992	110
11042	110
11094	110
11198	110
11217	110
11221	110
11290	110
11307	110
11412	110
11461	110
11492	110
11501	110
11557	110
11616	110
11622	110
11627	110
11640	110
11642	110
11702	110
11735	110
11753	110
11774	110
11825	110
11835	110
11905	110
11928	110
11965	110
12013	110
12085	110
12116	110
12203	110
12237	110
12304	110
12385	110
12419	110
12425	110
12571	110
12654	110
12821	110
12824	110
12876	110
12909	110
12918	110
13000	110
13011	110
13276	110
13298	110
13310	110
13358	110
13386	110
13467	110
13482	110
13841	110
13844	110
13992	110
13994	110
14114	110
14140	110
14145	110
14146	110
14152	110
14166	110
14167	110
14249	110
14358	110
14496	110
14500	110
14606	110
14685	110
14708	110
14871	110
14968	110
15087	110
15197	110
15500	110
15585	110
15659	110
15670	110
15681	110
15689	110
15715	110
15722	110
15758	110
15771	110
15801	110
15841	110
15889	110
15973	110
16061	110
16201	110
16227	110
16295	110
16390	110
16411	110
16442	110
16514	110
16518	110
16571	110
16578	110
16640	110
16669	110
16683	110
16753	110
16810	110
16847	110
16870	110
16937	110
16968	110
16973	110
16985	110
17066	110
17098	110
17208	110
17309	110
17371	110
17493	110
17527	110
17590	110
17639	110
17649	110
17655	110
17663	110
17665	110
17738	110
17751	110
17849	110
17851	110
17974	110
18023	110
18066	110
18181	110
18183	110
18197	110
18231	110
18240	110
18249	110
18320	110
18326	110
18484	110
18486	110
18534	110
18576	110
18686	110
18751	110
18823	110
18874	110
18932	110
18985	110
19017	110
19052	110
19066	110
19096	110
19115	110
19158	110
19275	110
19288	110
19290	110
19303	110
19319	110
19348	110
19656	110
19750	110
19787	110
19814	110
19963	110
20017	110
20079	110
20108	110
20113	110
20374	110
20397	110
20501	110
20567	110
20569	110
20606	110
20685	110
20749	110
20779	110
20799	110
20835	110
20895	110
20920	110
20940	110
20966	110
20978	110
21165	110
21182	110
21274	110
21278	110
21330	110
21331	110
21508	110
21601	110
21604	110
21674	110
21743	110
21855	110
21885	110
21956	110
21960	110
22092	110
22303	110
22351	110
22352	110
22382	110
22491	110
22507	110
22695	110
22870	110
23107	110
23135	110
23190	110
23266	110
23289	110
23430	110
23431	110
23571	110
23582	110
23610	110
23630	110
23846	110
23976	110
23979	110
24015	110
24109	110
24114	110
24163	110
24220	110
24290	110
24363	110
24397	110
24465	110
24488	110
24536	110
24655	110
24658	110
24726	110
24756	110
24776	110
24793	110
24849	110
24969	110
25004	110
25019	110
25094	110
25182	110
25240	110
25252	110
25398	110
25411	110
25466	110
25488	110
25614	110
25619	110
25623	110
25673	110
25688	110
25796	110
25799	110
25851	110
25855	110
25870	110
25877	110
25892	110
25963	110
25984	110
26064	110
26109	110
26134	110
26149	110
26172	110
26295	110
26333	110
26377	110
26486	110
26503	110
26555	110
26624	110
26632	110
26686	110
26731	110
26759	110
26810	110
26888	110
26975	110
27006	110
27042	110
27070	110
27132	110
27142	110
27366	110
27440	110
27460	110
27508	110
27538	110
27552	110
27602	110
27671	110
27830	110
27947	110
28055	110
28208	110
28273	110
28344	110
28395	110
28439	110
28464	110
28474	110
28477	110
28610	110
28659	110
28661	110
28665	110
28682	110
28725	110
28802	110
28844	110
28939	110
28948	110
28955	110
29162	110
29211	110
29239	110
29255	110
29363	110
29435	110
29438	110
29439	110
29481	110
29535	110
29575	110
29587	110
29592	110
29748	110
30057	110
30085	110
30107	110
30123	110
30245	110
30263	110
30269	110
30311	110
30356	110
30363	110
30392	110
30393	110
30414	110
30458	110
30467	110
30550	110
30742	110
30763	110
30764	110
30811	110
30819	110
30845	110
30988	110
31063	110
31116	110
31138	110
31140	110
31193	110
31201	110
31274	110
31401	110
31439	110
31440	110
31470	110
31488	110
31518	110
31792	110
31797	110
31842	110
31899	110
31910	110
32087	110
32097	110
32200	110
32230	110
32271	110
32288	110
32367	110
32382	110
32451	110
32766	110
32839	110
32904	110
32906	110
32918	110
32959	110
32986	110
33051	110
33106	110
33135	110
33148	110
33171	110
33196	110
33233	110
33284	110
33368	110
33440	110
33526	110
33580	110
33608	110
33628	110
33636	110
33695	110
33704	110
33718	110
33883	110
33912	110
34025	110
34090	110
34133	110
34202	110
34234	110
34425	110
34482	110
34491	110
34534	110
34556	110
34582	110
34657	110
34777	110
34818	110
34902	110
35024	110
35029	110
35198	110
35227	110
35270	110
35369	110
35462	110
35557	110
35608	110
35633	110
35643	110
35685	110
35691	110
35730	110
35751	110
35803	110
35865	110
35899	110
35988	110
36003	110
36060	110
36127	110
36153	110
36159	110
36240	110
36333	110
36402	110
36431	110
36453	110
36628	110
36963	110
37030	110
37087	110
37109	110
37213	110
37257	110
37304	110
37437	110
37509	110
37643	110
37752	110
37800	110
37805	110
37809	110
37941	110
38023	110
38060	110
38103	110
38320	110
38326	110
38351	110
38465	110
38506	110
38673	110
38692	110
38710	110
38755	110
38766	110
38786	110
38831	110
38872	110
38896	110
38963	110
38982	110
39045	110
39075	110
39121	110
39161	110
39222	110
39326	110
39384	110
39404	110
39417	110
39437	110
39477	110
39593	110
39630	110
39633	110
39751	110
39808	110
39852	110
39913	110
39932	110
39974	110
40125	110
40145	110
40216	110
40283	110
40303	110
40330	110
40335	110
40361	110
40387	110
40443	110
40456	110
40470	110
40547	110
40646	110
40692	110
40792	110
40837	110
40881	110
40906	110
40943	110
41073	110
41148	110
41254	110
41255	110
41300	110
41306	110
41330	110
41501	110
41585	110
41709	110
41735	110
41822	110
41841	110
41862	110
41917	110
41991	110
42008	110
42026	110
42160	110
42181	110
42207	110
42224	110
42229	110
42234	110
42303	110
42365	110
42428	110
42440	110
42482	110
42486	110
42488	110
42492	110
42562	110
42567	110
42682	110
42733	110
42761	110
42918	110
42951	110
42992	110
43052	110
43210	110
43304	110
43358	110
43385	110
43568	110
43674	110
43681	110
43771	110
43852	110
43873	110
43919	110
44122	110
44161	110
44209	110
44239	110
44240	110
44244	110
44266	110
44340	110
44356	110
44374	110
44507	110
44585	110
44627	110
44651	110
44656	110
44663	110
44680	110
44694	110
44785	110
44852	110
44872	110
44899	110
44961	110
44964	110
44977	110
45088	110
45102	110
45125	110
45141	110
45168	110
45180	110
45193	110
45233	110
45347	110
45385	110
45417	110
45589	110
45622	110
45862	110
45968	110
46030	110
46091	110
46098	110
46100	110
46114	110
46190	110
46207	110
46331	110
46351	110
46364	110
46539	110
46683	110
46751	110
46816	110
46871	110
46895	110
47072	110
47102	110
47138	110
47177	110
47403	110
47599	110
47637	110
47663	110
47845	110
47912	110
47915	110
47993	110
48011	110
48192	110
48214	110
48292	110
48318	110
48441	110
48449	110
48527	110
48553	110
48714	110
48746	110
48878	110
48974	110
49014	110
49056	110
49061	110
49101	110
49111	110
49167	110
49312	110
49416	110
49417	110
49426	110
49449	110
49453	110
49456	110
49500	110
49574	110
49626	110
49647	110
49725	110
49898	110
49971	110
12	109
27	109
95	109
175	109
317	109
328	109
329	109
366	109
400	109
416	109
442	109
491	109
535	109
576	109
583	109
722	109
749	109
799	109
814	109
834	109
851	109
885	109
963	109
1021	109
1059	109
1111	109
1181	109
1211	109
1228	109
1237	109
1240	109
1303	109
1326	109
1336	109
1340	109
1348	109
1364	109
1371	109
1479	109
1516	109
1520	109
1539	109
1571	109
1652	109
1669	109
1677	109
1692	109
1840	109
1874	109
1877	109
1879	109
1906	109
1960	109
2009	109
2016	109
2032	109
2141	109
2184	109
2217	109
2249	109
2261	109
2311	109
2316	109
2363	109
2366	109
2387	109
2408	109
2410	109
2426	109
2523	109
2537	109
2561	109
2615	109
2662	109
2704	109
2707	109
2710	109
2723	109
2735	109
2742	109
2771	109
2807	109
2815	109
2830	109
2853	109
2859	109
2868	109
2870	109
2882	109
2896	109
3085	109
3120	109
3168	109
3262	109
3271	109
3308	109
3340	109
3360	109
3407	109
3432	109
3449	109
3469	109
3474	109
3478	109
3495	109
3531	109
3548	109
3613	109
3637	109
3689	109
3712	109
3736	109
3737	109
3754	109
3765	109
3802	109
3814	109
3824	109
3847	109
3874	109
3877	109
3897	109
3937	109
3960	109
3991	109
4016	109
4019	109
4094	109
4095	109
4097	109
4214	109
4321	109
4332	109
4334	109
4348	109
4374	109
4379	109
4388	109
4390	109
4414	109
4417	109
4449	109
4461	109
4465	109
4529	109
4551	109
4558	109
4580	109
4693	109
4715	109
4808	109
4822	109
4866	109
4879	109
4897	109
4982	109
4991	109
5026	109
5158	109
5211	109
5236	109
5265	109
5278	109
5312	109
5321	109
5335	109
5350	109
5355	109
5374	109
5376	109
5424	109
5438	109
5445	109
5486	109
5533	109
5629	109
5653	109
5674	109
5679	109
5697	109
5705	109
5719	109
5728	109
5739	109
5756	109
5766	109
5816	109
5830	109
5834	109
5891	109
5911	109
5925	109
5928	109
6012	109
6031	109
6055	109
6068	109
6070	109
6112	109
6170	109
6194	109
6203	109
6245	109
6251	109
6291	109
6304	109
6320	109
6399	109
6476	109
6484	109
6512	109
6561	109
6583	109
6626	109
6637	109
6725	109
6751	109
6808	109
6875	109
6955	109
6967	109
6995	109
7009	109
7013	109
7017	109
7018	109
7070	109
7096	109
7107	109
7123	109
7139	109
7173	109
7184	109
7207	109
7291	109
7296	109
7326	109
7346	109
7358	109
7368	109
7378	109
7388	109
7398	109
7421	109
7451	109
7452	109
7459	109
7479	109
7487	109
7494	109
7498	109
7565	109
7577	109
7598	109
7651	109
7692	109
7784	109
7829	109
7832	109
8000	109
8065	109
8105	109
8185	109
8236	109
8237	109
8251	109
8286	109
8288	109
8334	109
8391	109
8393	109
8455	109
8463	109
8476	109
8477	109
8487	109
8491	109
8528	109
8551	109
8572	109
8649	109
8690	109
8702	109
8704	109
8748	109
8789	109
8797	109
8812	109
8865	109
8928	109
8929	109
8940	109
8943	109
8965	109
8982	109
8990	109
9002	109
9013	109
9032	109
9060	109
9082	109
9083	109
9128	109
9174	109
9193	109
9214	109
9262	109
9350	109
9373	109
9455	109
9488	109
9539	109
9568	109
9574	109
9613	109
9620	109
9655	109
9681	109
9747	109
9778	109
9804	109
9846	109
9911	109
9943	109
10040	109
10051	109
10054	109
10073	109
10097	109
10109	109
10110	109
10111	109
10125	109
10147	109
10149	109
10306	109
10337	109
10347	109
10409	109
10416	109
10446	109
10476	109
10506	109
10565	109
10578	109
10588	109
10591	109
10601	109
10675	109
10698	109
10723	109
10733	109
10754	109
10783	109
10800	109
10822	109
10854	109
10926	109
10961	109
11053	109
11070	109
11112	109
11115	109
11152	109
11158	109
11164	109
11201	109
11228	109
11326	109
11333	109
11339	109
11347	109
11354	109
11356	109
11363	109
11368	109
11376	109
11399	109
11419	109
11476	109
11477	109
11498	109
11505	109
11529	109
11559	109
11568	109
11585	109
11601	109
11634	109
11659	109
11670	109
11679	109
11703	109
11708	109
11717	109
11727	109
11765	109
11788	109
11794	109
11871	109
11875	109
11882	109
11898	109
11942	109
12078	109
12115	109
12119	109
12150	109
12151	109
12207	109
12255	109
12381	109
12391	109
12402	109
12405	109
12428	109
12448	109
12479	109
12480	109
12490	109
12500	109
12533	109
12564	109
12580	109
12671	109
12706	109
12716	109
12734	109
12791	109
12793	109
12836	109
12884	109
12896	109
12949	109
12958	109
12967	109
12997	109
13042	109
13077	109
13112	109
13246	109
13296	109
13343	109
13356	109
13369	109
13421	109
13430	109
13449	109
13549	109
13565	109
13581	109
13603	109
13614	109
13638	109
13663	109
13694	109
13696	109
13706	109
13713	109
13733	109
13748	109
13779	109
13781	109
13792	109
13801	109
13805	109
13825	109
13826	109
13848	109
13876	109
13882	109
13934	109
14034	109
14039	109
14044	109
14058	109
14063	109
14077	109
14091	109
14108	109
14113	109
14137	109
14144	109
14150	109
14170	109
14187	109
14234	109
14253	109
14266	109
14274	109
14279	109
14321	109
14323	109
14327	109
14377	109
14480	109
14547	109
14549	109
14555	109
14643	109
14746	109
14758	109
14831	109
14838	109
14844	109
14885	109
15001	109
15002	109
15005	109
15026	109
15065	109
15068	109
15079	109
15162	109
15311	109
15337	109
15349	109
15435	109
15460	109
15471	109
15524	109
15580	109
15628	109
15664	109
15709	109
15713	109
15826	109
15912	109
15934	109
15948	109
15971	109
15981	109
15995	109
16010	109
16039	109
16106	109
16124	109
16162	109
16167	109
16188	109
16200	109
16229	109
16257	109
16305	109
16336	109
16355	109
16375	109
16535	109
16543	109
16572	109
16587	109
16651	109
16699	109
16722	109
16758	109
16777	109
16792	109
16797	109
16800	109
16814	109
16822	109
16828	109
16849	109
16864	109
16886	109
16924	109
16944	109
16954	109
16956	109
17031	109
17034	109
17093	109
17107	109
17145	109
17279	109
17348	109
17354	109
17361	109
17366	109
17393	109
17395	109
17450	109
17478	109
17491	109
17499	109
17565	109
17579	109
17689	109
17707	109
17712	109
17789	109
17794	109
17809	109
17812	109
17968	109
17975	109
17984	109
18032	109
18064	109
18097	109
18101	109
18131	109
18188	109
18196	109
18248	109
18316	109
18343	109
18359	109
18361	109
18427	109
18475	109
18482	109
18496	109
18535	109
18537	109
18619	109
18640	109
18692	109
18721	109
18729	109
18738	109
18793	109
18794	109
18879	109
18883	109
18892	109
18904	109
18947	109
18956	109
18968	109
18973	109
18982	109
19011	109
19019	109
19021	109
19028	109
19154	109
19160	109
19220	109
19235	109
19299	109
19314	109
19322	109
19331	109
19352	109
19368	109
19511	109
19530	109
19606	109
19619	109
19653	109
19661	109
19675	109
19682	109
19747	109
19839	109
19885	109
19889	109
19946	109
19980	109
20015	109
20019	109
20024	109
20035	109
20065	109
20088	109
20095	109
20162	109
20164	109
20242	109
20255	109
20342	109
20371	109
20428	109
20514	109
20536	109
20655	109
20683	109
20787	109
20926	109
20960	109
20970	109
21019	109
21046	109
21055	109
21062	109
21106	109
21112	109
21164	109
21176	109
21184	109
21205	109
21243	109
21247	109
21286	109
21311	109
21381	109
21458	109
21464	109
21472	109
21497	109
21523	109
21576	109
21579	109
21608	109
21628	109
21702	109
21703	109
21750	109
21760	109
21791	109
21837	109
21843	109
21887	109
21927	109
21985	109
22027	109
22061	109
22067	109
22085	109
22097	109
22114	109
22136	109
22139	109
22153	109
22205	109
22216	109
22233	109
22252	109
22342	109
22346	109
22377	109
22421	109
22427	109
22445	109
22456	109
22460	109
22545	109
22570	109
22605	109
22622	109
22637	109
22652	109
22686	109
22687	109
22713	109
22714	109
22750	109
22759	109
22953	109
22963	109
22981	109
22985	109
22987	109
22998	109
23001	109
23012	109
23039	109
23050	109
23116	109
23127	109
23216	109
23221	109
23239	109
23246	109
23264	109
23296	109
23322	109
23392	109
23463	109
23496	109
23521	109
23544	109
23547	109
23564	109
23589	109
23603	109
23621	109
23642	109
23682	109
23706	109
23710	109
23743	109
23783	109
23852	109
23877	109
23919	109
23923	109
23930	109
23945	109
24020	109
24097	109
24103	109
24117	109
24133	109
24166	109
24205	109
24225	109
24243	109
24255	109
24273	109
24291	109
24294	109
24325	109
24340	109
24404	109
24420	109
24439	109
24471	109
24473	109
24475	109
24481	109
24485	109
24494	109
24510	109
24531	109
24535	109
24538	109
24674	109
24734	109
24783	109
24789	109
24837	109
24858	109
24942	109
24952	109
24953	109
25022	109
25026	109
25047	109
25079	109
25086	109
25091	109
25123	109
25132	109
25133	109
25212	109
25303	109
25324	109
25352	109
25392	109
25498	109
25502	109
25523	109
25557	109
25611	109
25625	109
25635	109
25697	109
25773	109
25821	109
25835	109
25872	109
25904	109
25975	109
25977	109
25993	109
26004	109
26021	109
26048	109
26053	109
26073	109
26092	109
26110	109
26111	109
26194	109
26200	109
26282	109
26314	109
26546	109
26650	109
26663	109
26679	109
26680	109
26727	109
26749	109
26787	109
26795	109
26828	109
26830	109
26918	109
26932	109
26951	109
26969	109
27016	109
27040	109
27047	109
27150	109
27152	109
27199	109
27360	109
27362	109
27392	109
27410	109
27417	109
27439	109
27456	109
27490	109
27497	109
27532	109
27591	109
27642	109
27695	109
27708	109
27738	109
27773	109
27837	109
27846	109
27876	109
27924	109
27931	109
27939	109
27958	109
27980	109
27989	109
28004	109
28010	109
28043	109
28051	109
28061	109
28094	109
28097	109
28166	109
28202	109
28215	109
28271	109
28283	109
28311	109
28330	109
28357	109
28379	109
28381	109
28406	109
28415	109
28419	109
28454	109
28514	109
28573	109
28576	109
28589	109
28663	109
28705	109
28709	109
28719	109
28762	109
28813	109
28827	109
28835	109
28858	109
28866	109
28877	109
28911	109
28927	109
28935	109
28964	109
29047	109
29108	109
29132	109
29188	109
29196	109
29314	109
29326	109
29353	109
29360	109
29454	109
29468	109
29482	109
29538	109
29710	109
29797	109
29819	109
29821	109
29829	109
29853	109
29885	109
29922	109
29946	109
30029	109
30032	109
30049	109
30060	109
30090	109
30092	109
30109	109
30249	109
30279	109
30288	109
30316	109
30317	109
30478	109
30488	109
30501	109
30526	109
30574	109
30580	109
30594	109
30599	109
30641	109
30709	109
30724	109
30732	109
30781	109
30927	109
30948	109
30965	109
31014	109
31042	109
31083	109
31131	109
31147	109
31213	109
31348	109
31365	109
31376	109
31393	109
31431	109
31557	109
31647	109
31651	109
31655	109
31701	109
31783	109
31803	109
31830	109
31870	109
31880	109
31905	109
32024	109
32040	109
32093	109
32157	109
32160	109
32211	109
32217	109
32259	109
32267	109
32315	109
32335	109
32376	109
32479	109
32522	109
32530	109
32580	109
32646	109
32669	109
32675	109
32713	109
32722	109
32736	109
32752	109
32756	109
32774	109
32850	109
32858	109
32875	109
32896	109
32925	109
32953	109
32991	109
33024	109
33025	109
33027	109
33053	109
33063	109
33103	109
33117	109
33127	109
33175	109
33193	109
33223	109
33249	109
33292	109
33304	109
33310	109
33367	109
33375	109
33408	109
33463	109
33468	109
33498	109
33513	109
33541	109
33572	109
33598	109
33603	109
33612	109
33679	109
33692	109
33707	109
33743	109
33777	109
33919	109
33928	109
33945	109
33990	109
34009	109
34064	109
34065	109
34169	109
34173	109
34265	109
34349	109
34358	109
34363	109
34372	109
34390	109
34396	109
34402	109
34455	109
34471	109
34473	109
34545	109
34570	109
34605	109
34654	109
34655	109
34663	109
34668	109
34672	109
34723	109
34745	109
34815	109
34848	109
34880	109
34882	109
34927	109
34959	109
34978	109
34998	109
35010	109
35048	109
35055	109
35058	109
35164	109
35165	109
35196	109
35261	109
35283	109
35322	109
35336	109
35377	109
35448	109
35542	109
35548	109
35558	109
35565	109
35582	109
35627	109
35671	109
35680	109
35700	109
35755	109
35774	109
35778	109
35805	109
35825	109
35835	109
35838	109
35867	109
35956	109
36008	109
36050	109
36068	109
36083	109
36141	109
36152	109
36186	109
36205	109
36230	109
36272	109
36325	109
36398	109
36399	109
36406	109
36448	109
36534	109
36619	109
36620	109
36631	109
36668	109
36691	109
36783	109
36811	109
36855	109
36856	109
36873	109
36953	109
36954	109
36992	109
36997	109
37026	109
37029	109
37040	109
37162	109
37182	109
37217	109
37231	109
37295	109
37321	109
37336	109
37402	109
37414	109
37455	109
37470	109
37524	109
37611	109
37614	109
37616	109
37690	109
37695	109
37700	109
37702	109
37727	109
37762	109
37843	109
37869	109
37876	109
37887	109
37891	109
37899	109
37922	109
37945	109
37989	109
38014	109
38027	109
38064	109
38085	109
38124	109
38159	109
38181	109
38223	109
38259	109
38286	109
38294	109
38298	109
38325	109
38333	109
38377	109
38446	109
38464	109
38499	109
38582	109
38589	109
38644	109
38726	109
38737	109
38738	109
38788	109
38804	109
38833	109
38926	109
38937	109
38984	109
39017	109
39049	109
39054	109
39096	109
39147	109
39163	109
39194	109
39202	109
39248	109
39255	109
39332	109
39488	109
39511	109
39526	109
39527	109
39589	109
39619	109
39625	109
39640	109
39642	109
39645	109
39675	109
39681	109
39683	109
39696	109
39736	109
39738	109
39748	109
39855	109
39868	109
39898	109
39961	109
40000	109
40002	109
40008	109
40035	109
40065	109
40099	109
40105	109
40124	109
40137	109
40171	109
40179	109
40181	109
40230	109
40272	109
40352	109
40362	109
40378	109
40423	109
40449	109
40497	109
40502	109
40507	109
40555	109
40580	109
40600	109
40602	109
40610	109
40619	109
40627	109
40644	109
40680	109
40701	109
40707	109
40713	109
40720	109
40788	109
40817	109
40828	109
40879	109
40894	109
40900	109
40904	109
40915	109
40986	109
41014	109
41037	109
41077	109
41112	109
41119	109
41134	109
41214	109
41250	109
41265	109
41290	109
41291	109
41297	109
41357	109
41492	109
41502	109
41509	109
41534	109
41579	109
41671	109
41697	109
41738	109
41808	109
41871	109
41877	109
41889	109
41898	109
41979	109
42047	109
42095	109
42096	109
42131	109
42197	109
42198	109
42219	109
42227	109
42237	109
42335	109
42359	109
42448	109
42544	109
42609	109
42623	109
42633	109
42647	109
42668	109
42674	109
42680	109
42707	109
42708	109
42721	109
42725	109
42796	109
42818	109
42824	109
42850	109
42890	109
42902	109
42904	109
42906	109
42942	109
42972	109
43032	109
43041	109
43058	109
43083	109
43092	109
43132	109
43206	109
43235	109
43239	109
43251	109
43259	109
43305	109
43312	109
43331	109
43362	109
43404	109
43452	109
43465	109
43472	109
43479	109
43504	109
43640	109
43667	109
43723	109
43729	109
43758	109
43820	109
43899	109
43909	109
43921	109
43926	109
43942	109
43990	109
44006	109
44039	109
44051	109
44064	109
44094	109
44132	109
44199	109
44204	109
44216	109
44229	109
44255	109
44271	109
44289	109
44311	109
44328	109
44334	109
44353	109
44382	109
44415	109
44442	109
44444	109
44473	109
44505	109
44509	109
44561	109
44567	109
44613	109
44638	109
44671	109
44705	109
44742	109
44769	109
44928	109
44973	109
44978	109
44979	109
45070	109
45101	109
45132	109
45177	109
45249	109
45374	109
45375	109
45415	109
45441	109
45475	109
45526	109
45536	109
45547	109
45552	109
45560	109
45614	109
45621	109
45707	109
45745	109
45837	109
45854	109
45863	109
45867	109
45885	109
45890	109
45893	109
45912	109
46011	109
46064	109
46118	109
46149	109
46157	109
46195	109
46239	109
46278	109
46328	109
46409	109
46422	109
46443	109
46465	109
46479	109
46483	109
46518	109
46522	109
46524	109
46531	109
46533	109
46561	109
46597	109
46623	109
46643	109
46654	109
46666	109
46688	109
46710	109
46713	109
46775	109
46891	109
46909	109
46964	109
47008	109
47022	109
47122	109
47178	109
47195	109
47230	109
47239	109
47340	109
47348	109
47382	109
47394	109
47443	109
47485	109
47501	109
47553	109
47557	109
47621	109
47692	109
47815	109
47862	109
47873	109
47921	109
47965	109
48017	109
48033	109
48129	109
48183	109
48193	109
48239	109
48271	109
48275	109
48298	109
48312	109
48322	109
48367	109
48380	109
48382	109
48415	109
48443	109
48478	109
48488	109
48529	109
48556	109
48569	109
48578	109
48607	109
48652	109
48668	109
48687	109
48692	109
48724	109
48787	109
48833	109
48863	109
48896	109
48909	109
48912	109
48923	109
48930	109
49081	109
49130	109
49143	109
49147	109
49197	109
49207	109
49208	109
49226	109
49233	109
49242	109
49320	109
49343	109
49375	109
49381	109
49397	109
49401	109
49404	109
49457	109
49462	109
49482	109
49552	109
49812	109
49814	109
49895	109
49932	109
49945	109
49970	109
15	108
41	108
57	108
63	108
68	108
117	108
131	108
159	108
168	108
174	108
180	108
194	108
233	108
266	108
269	108
291	108
301	108
351	108
363	108
406	108
426	108
433	108
448	108
453	108
459	108
461	108
506	108
510	108
548	108
555	108
560	108
594	108
602	108
605	108
637	108
639	108
647	108
698	108
701	108
735	108
737	108
739	108
768	108
781	108
788	108
802	108
836	108
848	108
884	108
912	108
1003	108
1007	108
1018	108
1028	108
1043	108
1046	108
1054	108
1063	108
1096	108
1103	108
1105	108
1129	108
1133	108
1136	108
1152	108
1160	108
1166	108
1222	108
1227	108
1234	108
1293	108
1296	108
1318	108
1321	108
1333	108
1338	108
1347	108
1374	108
1377	108
1381	108
1386	108
1391	108
1421	108
1442	108
1480	108
1485	108
1523	108
1530	108
1538	108
1567	108
1589	108
1597	108
1603	108
1606	108
1624	108
1638	108
1676	108
1719	108
1726	108
1729	108
1737	108
1746	108
1759	108
1784	108
1785	108
1798	108
1812	108
1855	108
1857	108
1860	108
1871	108
1910	108
1917	108
1945	108
1949	108
1952	108
2003	108
2008	108
2026	108
2027	108
2030	108
2046	108
2093	108
2105	108
2121	108
2134	108
2143	108
2146	108
2162	108
2165	108
2179	108
2182	108
2188	108
2218	108
2219	108
2235	108
2244	108
2245	108
2253	108
2260	108
2275	108
2276	108
2279	108
2313	108
2321	108
2351	108
2376	108
2378	108
2389	108
2405	108
2409	108
2419	108
2512	108
2515	108
2547	108
2589	108
2598	108
2602	108
2604	108
2637	108
2697	108
2716	108
2721	108
2730	108
2736	108
2753	108
2795	108
2835	108
2840	108
2851	108
2862	108
2891	108
2900	108
2908	108
2915	108
2916	108
2931	108
2946	108
2958	108
2976	108
2981	108
3000	108
3001	108
3005	108
3018	108
3024	108
3028	108
3076	108
3082	108
3141	108
3164	108
3185	108
3188	108
3199	108
3207	108
3233	108
3274	108
3284	108
3328	108
3334	108
3342	108
3347	108
3377	108
3436	108
3442	108
3451	108
3461	108
3464	108
3470	108
3490	108
3491	108
3497	108
3501	108
3563	108
3577	108
3593	108
3594	108
3595	108
3615	108
3616	108
3619	108
3629	108
3642	108
3644	108
3647	108
3668	108
3670	108
3700	108
3716	108
3771	108
3795	108
3865	108
3940	108
3944	108
3955	108
4005	108
4010	108
4015	108
4028	108
4044	108
4080	108
4089	108
4135	108
4137	108
4147	108
4148	108
4191	108
4203	108
4209	108
4243	108
4246	108
4265	108
4287	108
4307	108
4326	108
4338	108
4343	108
4357	108
4384	108
4394	108
4403	108
4420	108
4432	108
4447	108
4462	108
4476	108
4487	108
4503	108
4548	108
4553	108
4554	108
4556	108
4572	108
4577	108
4609	108
4619	108
4629	108
4637	108
4653	108
4673	108
4719	108
4748	108
4763	108
4772	108
4811	108
4814	108
4859	108
4880	108
4884	108
4898	108
4905	108
4918	108
4930	108
4964	108
4981	108
4987	108
5007	108
5011	108
5017	108
5042	108
5043	108
5071	108
5077	108
5088	108
5114	108
5118	108
5130	108
5167	108
5177	108
5190	108
5196	108
5223	108
5244	108
5247	108
5287	108
5291	108
5298	108
5310	108
5311	108
5314	108
5336	108
5339	108
5345	108
5348	108
5366	108
5367	108
5384	108
5428	108
5439	108
5468	108
5474	108
5490	108
5498	108
5505	108
5513	108
5531	108
5541	108
5577	108
5604	108
5605	108
5606	108
5616	108
5647	108
5676	108
5747	108
5749	108
5754	108
5760	108
5772	108
5784	108
5795	108
5802	108
5824	108
5833	108
5875	108
5885	108
5897	108
5906	108
5909	108
5920	108
5923	108
5935	108
5938	108
5939	108
5950	108
5955	108
5959	108
6019	108
6046	108
6065	108
6090	108
6099	108
6136	108
6145	108
6150	108
6169	108
6181	108
6218	108
6253	108
6275	108
6299	108
6303	108
6311	108
6314	108
6330	108
6334	108
6342	108
6421	108
6449	108
6466	108
6496	108
6501	108
6517	108
6526	108
6553	108
6566	108
6619	108
6620	108
6636	108
6656	108
6657	108
6658	108
6673	108
6697	108
6700	108
6701	108
6703	108
6710	108
6720	108
6747	108
6754	108
6755	108
6799	108
6801	108
6803	108
6813	108
6817	108
6844	108
6861	108
6880	108
6886	108
6887	108
6890	108
6894	108
6913	108
6917	108
6926	108
6947	108
6956	108
6978	108
6980	108
6987	108
7023	108
7077	108
7079	108
7082	108
7099	108
7111	108
7114	108
7117	108
7124	108
7194	108
7202	108
7221	108
7225	108
7244	108
7300	108
7312	108
7317	108
7350	108
7362	108
7370	108
7389	108
7397	108
7423	108
7440	108
7445	108
7449	108
7496	108
7509	108
7516	108
7538	108
7566	108
7569	108
7572	108
7597	108
7615	108
7619	108
7621	108
7645	108
7656	108
7665	108
7710	108
7731	108
7733	108
7766	108
7779	108
7833	108
7861	108
7870	108
7876	108
7889	108
7932	108
7935	108
7950	108
7972	108
7986	108
7996	108
8014	108
8020	108
8030	108
8031	108
8033	108
8041	108
8089	108
8106	108
8114	108
8122	108
8150	108
8184	108
8202	108
8223	108
8228	108
8249	108
8282	108
8358	108
8406	108
8414	108
8420	108
8456	108
8499	108
8537	108
8538	108
8546	108
8562	108
8568	108
8576	108
8587	108
8607	108
8610	108
8615	108
8652	108
8680	108
8712	108
8732	108
8754	108
8760	108
8778	108
8786	108
8796	108
8798	108
8802	108
8806	108
8817	108
8847	108
8881	108
8886	108
8938	108
8948	108
8951	108
8994	108
9005	108
9007	108
9015	108
9022	108
9036	108
9037	108
9049	108
9068	108
9071	108
9094	108
9099	108
9113	108
9118	108
9145	108
9156	108
9164	108
9176	108
9183	108
9195	108
9207	108
9228	108
9231	108
9237	108
9261	108
9265	108
9295	108
9324	108
9383	108
9438	108
9465	108
9472	108
9480	108
9490	108
9500	108
9502	108
9565	108
9572	108
9575	108
9579	108
9590	108
9603	108
9642	108
9644	108
9687	108
9702	108
9714	108
9716	108
9729	108
9737	108
9751	108
9789	108
9795	108
9844	108
9873	108
9874	108
9875	108
9880	108
9899	108
9920	108
9925	108
9927	108
9939	108
9941	108
9946	108
9948	108
9978	108
10000	108
10030	108
10032	108
10052	108
10075	108
10081	108
10096	108
10128	108
10133	108
10169	108
10188	108
10197	108
10199	108
10211	108
10215	108
10225	108
10228	108
10249	108
10251	108
10262	108
10290	108
10293	108
10305	108
10320	108
10343	108
10354	108
10362	108
10366	108
10396	108
10404	108
10406	108
10435	108
10442	108
10485	108
10488	108
10516	108
10558	108
10611	108
10616	108
10623	108
10636	108
10677	108
10700	108
10713	108
10720	108
10721	108
10768	108
10792	108
10807	108
10824	108
10832	108
10849	108
10879	108
10909	108
10920	108
10928	108
10934	108
10948	108
10952	108
10956	108
10969	108
10970	108
10973	108
10975	108
10994	108
11001	108
11017	108
11032	108
11045	108
11052	108
11062	108
11065	108
11075	108
11079	108
11084	108
11092	108
11143	108
11154	108
11183	108
11231	108
11236	108
11241	108
11254	108
11289	108
11306	108
11318	108
11330	108
11336	108
11366	108
11397	108
11405	108
11448	108
11454	108
11474	108
11485	108
11541	108
11554	108
11576	108
11584	108
11599	108
11609	108
11657	108
11663	108
11671	108
11686	108
11699	108
11739	108
11795	108
11810	108
11842	108
11866	108
11893	108
11917	108
11945	108
11953	108
11980	108
12045	108
12052	108
12139	108
12144	108
12148	108
12185	108
12212	108
12263	108
12274	108
12287	108
12311	108
12315	108
12340	108
12350	108
12359	108
12361	108
12390	108
12424	108
12433	108
12439	108
12472	108
12478	108
12483	108
12492	108
12510	108
12512	108
12524	108
12556	108
12559	108
12560	108
12572	108
12613	108
12639	108
12653	108
12710	108
12715	108
12719	108
12730	108
12751	108
12768	108
12781	108
12809	108
12813	108
12840	108
12841	108
12881	108
12910	108
12914	108
12954	108
12966	108
12968	108
12985	108
12989	108
13004	108
13016	108
13030	108
13098	108
13120	108
13132	108
13141	108
13166	108
13214	108
13266	108
13290	108
13305	108
13307	108
13404	108
13464	108
13484	108
13502	108
13519	108
13526	108
13533	108
13546	108
13584	108
13604	108
13619	108
13621	108
13661	108
13673	108
13679	108
13680	108
13707	108
13717	108
13762	108
13772	108
13776	108
13778	108
13788	108
13799	108
13820	108
13832	108
13838	108
13849	108
13857	108
13862	108
13920	108
13944	108
13989	108
13991	108
13998	108
14003	108
14043	108
14047	108
14065	108
14071	108
14131	108
14139	108
14178	108
14179	108
14180	108
14218	108
14227	108
14229	108
14257	108
14278	108
14283	108
14284	108
14330	108
14352	108
14397	108
14414	108
14415	108
14417	108
14419	108
14420	108
14452	108
14477	108
14483	108
14489	108
14521	108
14544	108
14553	108
14580	108
14597	108
14615	108
14634	108
14638	108
14650	108
14680	108
14686	108
14693	108
14703	108
14706	108
14719	108
14737	108
14743	108
14749	108
14750	108
14757	108
14765	108
14774	108
14787	108
14855	108
14860	108
14861	108
14873	108
14899	108
14905	108
14907	108
14978	108
14979	108
14986	108
15052	108
15058	108
15084	108
15124	108
15130	108
15141	108
15152	108
15166	108
15174	108
15259	108
15283	108
15294	108
15302	108
15334	108
15364	108
15379	108
15414	108
15465	108
15466	108
15496	108
15498	108
15499	108
15537	108
15549	108
15553	108
15558	108
15575	108
15603	108
15612	108
15629	108
15654	108
15657	108
15668	108
15680	108
15701	108
15704	108
15725	108
15742	108
15746	108
15747	108
15757	108
15764	108
15789	108
15795	108
15808	108
15812	108
15816	108
15821	108
15822	108
15833	108
15834	108
15837	108
15874	108
15880	108
15896	108
15986	108
16006	108
16012	108
16019	108
16020	108
16033	108
16038	108
16065	108
16088	108
16102	108
16121	108
16128	108
16147	108
16150	108
16165	108
16189	108
16196	108
16197	108
16209	108
16222	108
16237	108
16248	108
16357	108
16409	108
16416	108
16457	108
16465	108
16475	108
16482	108
16527	108
16532	108
16534	108
16577	108
16580	108
16590	108
16609	108
16613	108
16617	108
16618	108
16650	108
16655	108
16667	108
16673	108
16715	108
16729	108
16734	108
16741	108
16747	108
16762	108
16763	108
16769	108
16770	108
16778	108
16836	108
16860	108
16871	108
16876	108
16881	108
16906	108
16914	108
16921	108
16939	108
16945	108
16950	108
16958	108
16995	108
17007	108
17017	108
17038	108
17048	108
17049	108
17079	108
17090	108
17097	108
17133	108
17184	108
17185	108
17186	108
17300	108
17302	108
17318	108
17323	108
17327	108
17344	108
17367	108
17404	108
17428	108
17433	108
17452	108
17497	108
17506	108
17518	108
17537	108
17541	108
17551	108
17553	108
17567	108
17597	108
17634	108
17661	108
17671	108
17679	108
17694	108
17714	108
17719	108
17734	108
17752	108
17788	108
17796	108
17800	108
17803	108
17820	108
17821	108
17832	108
17852	108
17859	108
17872	108
17878	108
17933	108
17939	108
17978	108
17991	108
18021	108
18046	108
18060	108
18071	108
18087	108
18093	108
18138	108
18147	108
18160	108
18163	108
18177	108
18193	108
18195	108
18204	108
18212	108
18242	108
18263	108
18265	108
18297	108
18324	108
18345	108
18403	108
18404	108
18405	108
18407	108
18417	108
18422	108
18433	108
18456	108
18502	108
18505	108
18562	108
18581	108
18599	108
18600	108
18731	108
18732	108
18733	108
18741	108
18773	108
18800	108
18821	108
18865	108
18870	108
18889	108
18906	108
18913	108
18930	108
18960	108
18969	108
18974	108
19006	108
19008	108
19042	108
19085	108
19101	108
19102	108
19162	108
19165	108
19211	108
19238	108
19253	108
19273	108
19292	108
19359	108
19381	108
19394	108
19396	108
19407	108
19425	108
19433	108
19435	108
19438	108
19440	108
19464	108
19513	108
19518	108
19587	108
19641	108
19644	108
19648	108
19667	108
19700	108
19719	108
19722	108
19723	108
19734	108
19772	108
19775	108
19808	108
19811	108
19843	108
19845	108
19876	108
19915	108
19936	108
19943	108
19948	108
19991	108
20030	108
20038	108
20100	108
20104	108
20119	108
20147	108
20173	108
20180	108
20234	108
20244	108
20258	108
20262	108
20278	108
20288	108
20294	108
20312	108
20316	108
20320	108
20353	108
20424	108
20440	108
20490	108
20517	108
20524	108
20537	108
20548	108
20559	108
20581	108
20588	108
20597	108
20600	108
20616	108
20632	108
20642	108
20648	108
20652	108
20706	108
20767	108
20778	108
20788	108
20802	108
20808	108
20811	108
20821	108
20824	108
20825	108
20843	108
20852	108
20858	108
20865	108
20872	108
20907	108
20923	108
20967	108
20975	108
20976	108
20994	108
21083	108
21085	108
21107	108
21118	108
21177	108
21180	108
21190	108
21196	108
21207	108
21236	108
21252	108
21256	108
21257	108
21261	108
21265	108
21300	108
21325	108
21332	108
21364	108
21371	108
21373	108
21386	108
21397	108
21399	108
21400	108
21406	108
21432	108
21465	108
21521	108
21528	108
21538	108
21560	108
21573	108
21580	108
21581	108
21594	108
21599	108
21605	108
21637	108
21670	108
21688	108
21698	108
21730	108
21738	108
21764	108
21776	108
21786	108
21798	108
21826	108
21853	108
21893	108
21902	108
21904	108
21917	108
21945	108
21979	108
21994	108
22000	108
22001	108
22009	108
22024	108
22030	108
22035	108
22064	108
22065	108
22066	108
22105	108
22121	108
22134	108
22169	108
22212	108
22236	108
22256	108
22257	108
22282	108
22286	108
22327	108
22353	108
22357	108
22399	108
22400	108
22407	108
22414	108
22446	108
22458	108
22459	108
22470	108
22474	108
22509	108
22540	108
22574	108
22579	108
22639	108
22662	108
22663	108
22725	108
22729	108
22730	108
22731	108
22746	108
22787	108
22791	108
22811	108
22818	108
22827	108
22834	108
22839	108
22847	108
22853	108
22872	108
22892	108
22893	108
22896	108
22906	108
22919	108
22929	108
23054	108
23142	108
23147	108
23197	108
23240	108
23253	108
23258	108
23259	108
23269	108
23309	108
23334	108
23336	108
23338	108
23349	108
23350	108
23359	108
23360	108
23365	108
23385	108
23387	108
23400	108
23405	108
23422	108
23454	108
23472	108
23486	108
23537	108
23545	108
23563	108
23579	108
23609	108
23625	108
23634	108
23648	108
23686	108
23761	108
23771	108
23806	108
23832	108
23882	108
23892	108
23906	108
23983	108
23985	108
24013	108
24033	108
24051	108
24056	108
24057	108
24090	108
24094	108
24121	108
24125	108
24179	108
24195	108
24200	108
24208	108
24211	108
24212	108
24213	108
24217	108
24237	108
24263	108
24270	108
24281	108
24302	108
24310	108
24312	108
24339	108
24368	108
24392	108
24402	108
24412	108
24419	108
24434	108
24450	108
24456	108
24457	108
24461	108
24498	108
24508	108
24547	108
24553	108
24565	108
24578	108
24580	108
24587	108
24596	108
24608	108
24616	108
24675	108
24687	108
24692	108
24714	108
24724	108
24733	108
24752	108
24773	108
24782	108
24797	108
24801	108
24850	108
24857	108
24863	108
24866	108
24871	108
24896	108
24923	108
24948	108
24968	108
25021	108
25028	108
25031	108
25035	108
25050	108
25051	108
25053	108
25054	108
25055	108
25103	108
25114	108
25121	108
25156	108
25165	108
25171	108
25175	108
25197	108
25220	108
25221	108
25224	108
25258	108
25263	108
25275	108
25279	108
25349	108
25356	108
25357	108
25376	108
25382	108
25404	108
25415	108
25427	108
25433	108
25451	108
25455	108
25456	108
25460	108
25504	108
25536	108
25540	108
25547	108
25572	108
25573	108
25575	108
25582	108
25586	108
25612	108
25613	108
25618	108
25639	108
25681	108
25685	108
25686	108
25701	108
25762	108
25770	108
25792	108
25819	108
25842	108
25843	108
25857	108
25860	108
25866	108
25928	108
25934	108
25947	108
25988	108
26014	108
26034	108
26047	108
26069	108
26100	108
26103	108
26115	108
26121	108
26123	108
26125	108
26138	108
26157	108
26165	108
26168	108
26201	108
26223	108
26256	108
26264	108
26285	108
26298	108
26339	108
26347	108
26353	108
26359	108
26384	108
26403	108
26405	108
26409	108
26427	108
26436	108
26455	108
26457	108
26487	108
26533	108
26539	108
26543	108
26566	108
26574	108
26605	108
26622	108
26625	108
26630	108
26637	108
26692	108
26707	108
26735	108
26758	108
26781	108
26792	108
26840	108
26869	108
26877	108
26878	108
26883	108
26897	108
26950	108
26963	108
26977	108
26983	108
26985	108
26997	108
27009	108
27011	108
27064	108
27096	108
27104	108
27112	108
27117	108
27123	108
27128	108
27139	108
27181	108
27186	108
27187	108
27190	108
27223	108
27235	108
27239	108
27269	108
27275	108
27277	108
27319	108
27329	108
27330	108
27333	108
27344	108
27351	108
27385	108
27387	108
27394	108
27396	108
27427	108
27433	108
27443	108
27482	108
27485	108
27488	108
27498	108
27504	108
27559	108
27566	108
27604	108
27610	108
27624	108
27625	108
27646	108
27658	108
27739	108
27756	108
27842	108
27867	108
27882	108
27945	108
28001	108
28015	108
28025	108
28073	108
28109	108
28130	108
28176	108
28184	108
28221	108
28222	108
28239	108
28250	108
28259	108
28303	108
28309	108
28322	108
28323	108
28325	108
28329	108
28333	108
28345	108
28375	108
28376	108
28401	108
28407	108
28414	108
28424	108
28427	108
28455	108
28472	108
28506	108
28511	108
28532	108
28546	108
28565	108
28586	108
28698	108
28700	108
28727	108
28739	108
28749	108
28757	108
28795	108
28808	108
28817	108
28822	108
28847	108
28889	108
28892	108
28900	108
28910	108
28926	108
28928	108
28979	108
29006	108
29012	108
29051	108
29066	108
29071	108
29073	108
29076	108
29078	108
29081	108
29083	108
29094	108
29117	108
29143	108
29169	108
29212	108
29217	108
29275	108
29279	108
29281	108
29356	108
29390	108
29431	108
29458	108
29467	108
29486	108
29492	108
29494	108
29520	108
29528	108
29543	108
29611	108
29646	108
29650	108
29661	108
29676	108
29681	108
29716	108
29723	108
29730	108
29786	108
29790	108
29801	108
29823	108
29851	108
29874	108
29892	108
29906	108
29910	108
29937	108
29951	108
29987	108
30001	108
30006	108
30010	108
30034	108
30044	108
30061	108
30065	108
30068	108
30096	108
30117	108
30120	108
30126	108
30127	108
30138	108
30171	108
30172	108
30173	108
30230	108
30242	108
30278	108
30319	108
30325	108
30344	108
30381	108
30398	108
30410	108
30440	108
30443	108
30469	108
30494	108
30513	108
30535	108
30559	108
30601	108
30626	108
30629	108
30633	108
30645	108
30649	108
30667	108
30692	108
30697	108
30716	108
30745	108
30771	108
30779	108
30827	108
30847	108
30858	108
30898	108
30905	108
30906	108
30916	108
30934	108
30964	108
30980	108
30991	108
31054	108
31056	108
31065	108
31109	108
31129	108
31136	108
31170	108
31187	108
31197	108
31210	108
31222	108
31229	108
31260	108
31265	108
31309	108
31329	108
31351	108
31356	108
31364	108
31394	108
31444	108
31448	108
31492	108
31502	108
31528	108
31530	108
31542	108
31565	108
31575	108
31592	108
31599	108
31602	108
31603	108
31608	108
31621	108
31707	108
31717	108
31725	108
31750	108
31766	108
31778	108
31780	108
31788	108
31804	108
31820	108
31836	108
31839	108
31848	108
31851	108
31865	108
31873	108
31897	108
31904	108
31913	108
31929	108
31933	108
31965	108
31967	108
31974	108
31975	108
31988	108
31991	108
31995	108
32005	108
32023	108
32075	108
32089	108
32095	108
32107	108
32118	108
32134	108
32168	108
32179	108
32187	108
32247	108
32266	108
32281	108
32334	108
32352	108
32371	108
32373	108
32374	108
32411	108
32447	108
32473	108
32493	108
32512	108
32513	108
32523	108
32559	108
32596	108
32607	108
32616	108
32626	108
32636	108
32639	108
32644	108
32655	108
32718	108
32731	108
32745	108
32747	108
32758	108
32764	108
32820	108
32828	108
32830	108
32869	108
32871	108
32880	108
32912	108
32919	108
32921	108
32962	108
32969	108
32984	108
32985	108
32989	108
33068	108
33085	108
33088	108
33098	108
33133	108
33140	108
33161	108
33188	108
33211	108
33217	108
33220	108
33286	108
33288	108
33298	108
33319	108
33325	108
33335	108
33365	108
33387	108
33407	108
33439	108
33450	108
33467	108
33481	108
33503	108
33544	108
33548	108
33564	108
33565	108
33574	108
33578	108
33587	108
33596	108
33616	108
33620	108
33622	108
33639	108
33661	108
33664	108
33668	108
33686	108
33687	108
33690	108
33693	108
33699	108
33705	108
33716	108
33725	108
33753	108
33782	108
33809	108
33822	108
33824	108
33837	108
33864	108
33871	108
33874	108
33875	108
33878	108
33923	108
33930	108
33932	108
33952	108
33954	108
33974	108
33975	108
33978	108
33979	108
33988	108
34011	108
34020	108
34022	108
34032	108
34037	108
34047	108
34091	108
34135	108
34172	108
34206	108
34208	108
34212	108
34251	108
34289	108
34290	108
34343	108
34365	108
34380	108
34400	108
34463	108
34479	108
34481	108
34489	108
34528	108
34530	108
34536	108
34560	108
34623	108
34643	108
34650	108
34689	108
34699	108
34709	108
34724	108
34732	108
34740	108
34749	108
34762	108
34806	108
34829	108
34842	108
34846	108
34857	108
34887	108
34899	108
34924	108
34968	108
35008	108
35027	108
35039	108
35044	108
35049	108
35051	108
35052	108
35060	108
35064	108
35097	108
35116	108
35142	108
35143	108
35182	108
35229	108
35268	108
35277	108
35286	108
35293	108
35357	108
35392	108
35428	108
35430	108
35459	108
35466	108
35494	108
35495	108
35510	108
35516	108
35519	108
35524	108
35544	108
35567	108
35601	108
35622	108
35659	108
35690	108
35702	108
35704	108
35714	108
35769	108
35794	108
35822	108
35826	108
35848	108
35869	108
35884	108
35888	108
35901	108
35910	108
35916	108
35922	108
35928	108
35945	108
35947	108
35948	108
35952	108
35999	108
36025	108
36045	108
36048	108
36061	108
36080	108
36105	108
36115	108
36128	108
36207	108
36229	108
36268	108
36274	108
36275	108
36301	108
36307	108
36376	108
36383	108
36397	108
36423	108
36452	108
36474	108
36506	108
36509	108
36519	108
36521	108
36522	108
36540	108
36563	108
36577	108
36596	108
36657	108
36667	108
36676	108
36687	108
36690	108
36709	108
36715	108
36725	108
36744	108
36752	108
36779	108
36833	108
36836	108
36847	108
36857	108
36867	108
36877	108
36894	108
36932	108
36938	108
36946	108
36976	108
36979	108
36990	108
37061	108
37068	108
37074	108
37110	108
37122	108
37136	108
37166	108
37179	108
37187	108
37287	108
37309	108
37319	108
37331	108
37369	108
37426	108
37457	108
37475	108
37482	108
37498	108
37504	108
37522	108
37613	108
37645	108
37676	108
37692	108
37760	108
37775	108
37821	108
37822	108
37910	108
37968	108
37995	108
38003	108
38038	108
38056	108
38068	108
38097	108
38099	108
38121	108
38142	108
38160	108
38161	108
38246	108
38258	108
38263	108
38284	108
38297	108
38302	108
38401	108
38430	108
38431	108
38448	108
38452	108
38455	108
38482	108
38571	108
38584	108
38648	108
38651	108
38669	108
38685	108
38686	108
38690	108
38753	108
38762	108
38816	108
38838	108
38880	108
38886	108
38898	108
38916	108
38924	108
38936	108
38943	108
38949	108
38953	108
38958	108
38988	108
38997	108
39011	108
39026	108
39058	108
39060	108
39074	108
39098	108
39100	108
39104	108
39109	108
39129	108
39136	108
39143	108
39150	108
39165	108
39182	108
39198	108
39217	108
39223	108
39246	108
39283	108
39286	108
39322	108
39331	108
39338	108
39375	108
39400	108
39432	108
39443	108
39462	108
39470	108
39509	108
39523	108
39541	108
39547	108
39609	108
39624	108
39628	108
39638	108
39657	108
39667	108
39669	108
39679	108
39719	108
39728	108
39730	108
39745	108
39776	108
39780	108
39790	108
39804	108
39810	108
39854	108
39856	108
39858	108
39859	108
39887	108
39895	108
39916	108
39919	108
39940	108
39985	108
40059	108
40067	108
40070	108
40131	108
40148	108
40156	108
40170	108
40217	108
40239	108
40241	108
40285	108
40296	108
40299	108
40306	108
40309	108
40328	108
40425	108
40487	108
40493	108
40524	108
40528	108
40569	108
40571	108
40589	108
40596	108
40609	108
40639	108
40660	108
40663	108
40695	108
40724	108
40730	108
40758	108
40807	108
40809	108
40818	108
40829	108
40838	108
40843	108
40847	108
40871	108
40912	108
40954	108
40967	108
41016	108
41043	108
41044	108
41063	108
41109	108
41123	108
41152	108
41170	108
41191	108
41204	108
41299	108
41319	108
41335	108
41348	108
41367	108
41369	108
41371	108
41474	108
41476	108
41485	108
41498	108
41555	108
41587	108
41595	108
41642	108
41680	108
41683	108
41708	108
41723	108
41728	108
41741	108
41755	108
41766	108
41819	108
41832	108
41842	108
41847	108
41849	108
41860	108
41876	108
41881	108
41916	108
41919	108
41925	108
41941	108
41961	108
41984	108
42001	108
42010	108
42021	108
42025	108
42032	108
42039	108
42062	108
42074	108
42075	108
42077	108
42084	108
42107	108
42111	108
42112	108
42146	108
42161	108
42178	108
42187	108
42253	108
42262	108
42282	108
42287	108
42289	108
42327	108
42346	108
42347	108
42348	108
42349	108
42367	108
42379	108
42380	108
42381	108
42420	108
42467	108
42483	108
42499	108
42518	108
42519	108
42527	108
42528	108
42534	108
42539	108
42581	108
42585	108
42587	108
42602	108
42671	108
42683	108
42686	108
42704	108
42719	108
42722	108
42723	108
42732	108
42737	108
42738	108
42746	108
42752	108
42757	108
42825	108
42855	108
42861	108
42880	108
42898	108
42900	108
42903	108
42924	108
42943	108
42953	108
43000	108
43013	108
43036	108
43073	108
43117	108
43159	108
43177	108
43217	108
43232	108
43234	108
43242	108
43243	108
43276	108
43280	108
43288	108
43293	108
43298	108
43352	108
43356	108
43365	108
43390	108
43397	108
43401	108
43446	108
43480	108
43490	108
43492	108
43516	108
43545	108
43552	108
43554	108
43563	108
43604	108
43627	108
43628	108
43654	108
43678	108
43705	108
43710	108
43734	108
43736	108
43747	108
43784	108
43791	108
43843	108
43882	108
43890	108
43928	108
43931	108
43935	108
43943	108
43969	108
43971	108
43982	108
44085	108
44117	108
44153	108
44228	108
44284	108
44292	108
44308	108
44337	108
44339	108
44341	108
44357	108
44411	108
44418	108
44446	108
44449	108
44457	108
44459	108
44463	108
44486	108
44487	108
44519	108
44521	108
44560	108
44565	108
44600	108
44606	108
44619	108
44622	108
44650	108
44765	108
44772	108
44801	108
44819	108
44834	108
44844	108
44882	108
44883	108
44892	108
44935	108
44958	108
44982	108
44983	108
45018	108
45024	108
45032	108
45060	108
45112	108
45151	108
45178	108
45183	108
45191	108
45194	108
45226	108
45264	108
45289	108
45308	108
45355	108
45365	108
45378	108
45382	108
45387	108
45410	108
45416	108
45421	108
45425	108
45432	108
45482	108
45486	108
45542	108
45580	108
45631	108
45635	108
45641	108
45644	108
45645	108
45666	108
45674	108
45699	108
45719	108
45724	108
45728	108
45733	108
45825	108
45861	108
45886	108
45934	108
45978	108
45994	108
46003	108
46028	108
46053	108
46073	108
46081	108
46096	108
46107	108
46117	108
46180	108
46221	108
46227	108
46232	108
46238	108
46272	108
46288	108
46305	108
46311	108
46315	108
46346	108
46354	108
46369	108
46433	108
46455	108
46459	108
46470	108
46477	108
46535	108
46552	108
46601	108
46658	108
46667	108
46736	108
46738	108
46785	108
46795	108
46800	108
46849	108
46881	108
46893	108
46896	108
46903	108
46915	108
46916	108
46931	108
46945	108
46959	108
46963	108
46993	108
46994	108
47024	108
47028	108
47055	108
47076	108
47098	108
47103	108
47107	108
47137	108
47158	108
47160	108
47164	108
47166	108
47173	108
47217	108
47224	108
47225	108
47265	108
47268	108
47284	108
47307	108
47366	108
47373	108
47384	108
47393	108
47428	108
47447	108
47458	108
47470	108
47478	108
47479	108
47507	108
47530	108
47544	108
47548	108
47550	108
47551	108
47559	108
47576	108
47590	108
47595	108
47612	108
47615	108
47620	108
47631	108
47642	108
47658	108
47665	108
47680	108
47706	108
47714	108
47721	108
47727	108
47733	108
47751	108
47766	108
47768	108
47773	108
47809	108
47820	108
47822	108
47828	108
47872	108
47892	108
47899	108
47900	108
47991	108
48005	108
48018	108
48037	108
48044	108
48079	108
48104	108
48119	108
48123	108
48147	108
48191	108
48196	108
48237	108
48263	108
48266	108
48267	108
48274	108
48285	108
48297	108
48314	108
48344	108
48368	108
48376	108
48391	108
48400	108
48435	108
48448	108
48521	108
48549	108
48550	108
48554	108
48577	108
48579	108
48583	108
48593	108
48615	108
48649	108
48664	108
48683	108
48696	108
48820	108
48843	108
48874	108
48884	108
48914	108
48950	108
48951	108
48975	108
49008	108
49024	108
49025	108
49036	108
49079	108
49145	108
49164	108
49175	108
49254	108
49259	108
49272	108
49274	108
49277	108
49309	108
49339	108
49363	108
49399	108
49402	108
49407	108
49412	108
49422	108
49445	108
49464	108
49496	108
49507	108
49508	108
49587	108
49597	108
49622	108
49623	108
49635	108
49666	108
49684	108
49714	108
49734	108
49751	108
49772	108
49779	108
49843	108
49845	108
49857	108
49942	108
49943	108
49952	108
49978	108
49992	108
38	107
44	107
65	107
67	107
74	107
104	107
113	107
114	107
145	107
202	107
230	107
232	107
239	107
246	107
261	107
264	107
274	107
275	107
279	107
294	107
315	107
333	107
347	107
369	107
375	107
385	107
387	107
402	107
413	107
446	107
449	107
450	107
472	107
476	107
497	107
502	107
507	107
508	107
516	107
529	107
536	107
542	107
552	107
577	107
581	107
593	107
598	107
599	107
600	107
648	107
652	107
656	107
667	107
702	107
706	107
708	107
729	107
730	107
731	107
736	107
753	107
776	107
801	107
805	107
813	107
826	107
861	107
867	107
870	107
898	107
904	107
905	107
914	107
930	107
943	107
945	107
962	107
970	107
981	107
982	107
985	107
997	107
1025	107
1057	107
1076	107
1078	107
1083	107
1098	107
1117	107
1123	107
1127	107
1141	107
1150	107
1165	107
1179	107
1195	107
1200	107
1204	107
1205	107
1253	107
1272	107
1279	107
1283	107
1284	107
1289	107
1295	107
1300	107
1301	107
1315	107
1320	107
1325	107
1329	107
1334	107
1342	107
1346	107
1350	107
1357	107
1359	107
1379	107
1401	107
1420	107
1423	107
1424	107
1434	107
1447	107
1456	107
1483	107
1503	107
1515	107
1534	107
1547	107
1564	107
1573	107
1586	107
1630	107
1654	107
1665	107
1670	107
1675	107
1687	107
1691	107
1701	107
1709	107
1715	107
1747	107
1773	107
1781	107
1790	107
1792	107
1799	107
1806	107
1825	107
1833	107
1835	107
1886	107
1928	107
1935	107
1941	107
1962	107
1998	107
2005	107
2011	107
2033	107
2038	107
2042	107
2044	107
2057	107
2066	107
2078	107
2090	107
2109	107
2122	107
2123	107
2125	107
2131	107
2137	107
2168	107
2173	107
2185	107
2194	107
2203	107
2215	107
2241	107
2280	107
2293	107
2294	107
2329	107
2332	107
2345	107
2397	107
2416	107
2420	107
2429	107
2443	107
2446	107
2454	107
2469	107
2484	107
2485	107
2490	107
2502	107
2504	107
2508	107
2516	107
2519	107
2521	107
2527	107
2533	107
2539	107
2545	107
2560	107
2567	107
2585	107
2596	107
2599	107
2612	107
2616	107
2619	107
2627	107
2634	107
2636	107
2705	107
2708	107
2722	107
2733	107
2734	107
2749	107
2797	107
2802	107
2805	107
2838	107
2852	107
2856	107
2860	107
2863	107
2881	107
2886	107
2928	107
2950	107
2955	107
2966	107
2974	107
2987	107
3025	107
3039	107
3040	107
3052	107
3079	107
3098	107
3104	107
3108	107
3114	107
3139	107
3152	107
3156	107
3208	107
3221	107
3224	107
3234	107
3236	107
3238	107
3242	107
3248	107
3253	107
3261	107
3290	107
3296	107
3316	107
3321	107
3336	107
3337	107
3343	107
3349	107
3376	107
3379	107
3388	107
3408	107
3412	107
3413	107
3416	107
3423	107
3424	107
3431	107
3433	107
3439	107
3468	107
3485	107
3489	107
3494	107
3502	107
3528	107
3530	107
3542	107
3552	107
3560	107
3565	107
3567	107
3579	107
3584	107
3604	107
3618	107
3621	107
3623	107
3630	107
3655	107
3656	107
3681	107
3682	107
3702	107
3720	107
3733	107
3742	107
3752	107
3767	107
3799	107
3815	107
3825	107
3830	107
3832	107
3851	107
3852	107
3866	107
3867	107
3876	107
3889	107
3902	107
3903	107
3908	107
3910	107
3914	107
3942	107
3982	107
3995	107
4000	107
4002	107
4008	107
4013	107
4039	107
4043	107
4057	107
4060	107
4063	107
4088	107
4096	107
4099	107
4100	107
4107	107
4117	107
4138	107
4139	107
4150	107
4154	107
4161	107
4174	107
4175	107
4180	107
4199	107
4200	107
4215	107
4216	107
4221	107
4227	107
4247	107
4254	107
4257	107
4268	107
4285	107
4292	107
4300	107
4317	107
4325	107
4335	107
4337	107
4346	107
4381	107
4392	107
4397	107
4404	107
4411	107
4415	107
4422	107
4423	107
4433	107
4438	107
4453	107
4472	107
4483	107
4488	107
4494	107
4525	107
4566	107
4569	107
4589	107
4638	107
4642	107
4674	107
4691	107
4708	107
4728	107
4734	107
4735	107
4736	107
4781	107
4798	107
4806	107
4823	107
4839	107
4849	107
4874	107
4892	107
4895	107
4946	107
4955	107
4956	107
4989	107
4990	107
4996	107
5013	107
5020	107
5025	107
5037	107
5057	107
5065	107
5074	107
5075	107
5089	107
5121	107
5126	107
5131	107
5136	107
5146	107
5152	107
5156	107
5157	107
5172	107
5179	107
5181	107
5203	107
5204	107
5205	107
5226	107
5227	107
5245	107
5259	107
5281	107
5286	107
5293	107
5295	107
5297	107
5301	107
5308	107
5313	107
5315	107
5318	107
5319	107
5320	107
5332	107
5338	107
5356	107
5399	107
5407	107
5412	107
5413	107
5415	107
5418	107
5423	107
5433	107
5434	107
5435	107
5453	107
5464	107
5482	107
5522	107
5530	107
5539	107
5554	107
5555	107
5566	107
5575	107
5620	107
5628	107
5645	107
5663	107
5664	107
5665	107
5666	107
5690	107
5700	107
5703	107
5711	107
5713	107
5737	107
5762	107
5779	107
5788	107
5789	107
5794	107
5798	107
5800	107
5805	107
5813	107
5817	107
5821	107
5827	107
5837	107
5845	107
5853	107
5859	107
5872	107
5878	107
5894	107
5903	107
5905	107
5917	107
5921	107
5997	107
6007	107
6027	107
6029	107
6048	107
6057	107
6061	107
6075	107
6076	107
6079	107
6087	107
6097	107
6107	107
6127	107
6131	107
6132	107
6147	107
6163	107
6172	107
6174	107
6212	107
6229	107
6237	107
6246	107
6250	107
6256	107
6257	107
6261	107
6267	107
6268	107
6323	107
6328	107
6333	107
6339	107
6348	107
6354	107
6359	107
6361	107
6364	107
6368	107
6378	107
6386	107
6392	107
6396	107
6404	107
6415	107
6423	107
6437	107
6450	107
6460	107
6488	107
6494	107
6507	107
6509	107
6514	107
6516	107
6582	107
6590	107
6591	107
6595	107
6601	107
6617	107
6630	107
6634	107
6641	107
6660	107
6667	107
6674	107
6677	107
6693	107
6709	107
6713	107
6721	107
6738	107
6740	107
6741	107
6746	107
6752	107
6773	107
6781	107
6788	107
6790	107
6821	107
6837	107
6838	107
6842	107
6851	107
6873	107
6878	107
6900	107
6902	107
6903	107
6919	107
6933	107
6935	107
6937	107
6942	107
6963	107
6969	107
6993	107
7006	107
7037	107
7043	107
7045	107
7062	107
7063	107
7084	107
7100	107
7102	107
7141	107
7153	107
7179	107
7185	107
7205	107
7210	107
7234	107
7242	107
7257	107
7271	107
7283	107
7306	107
7369	107
7371	107
7391	107
7394	107
7401	107
7402	107
7404	107
7407	107
7414	107
7428	107
7441	107
7468	107
7507	107
7513	107
7524	107
7540	107
7552	107
7563	107
7617	107
7627	107
7638	107
7646	107
7662	107
7667	107
7687	107
7698	107
7711	107
7722	107
7734	107
7745	107
7751	107
7758	107
7785	107
7789	107
7802	107
7812	107
7823	107
7840	107
7841	107
7846	107
7863	107
7877	107
7879	107
7880	107
7882	107
7888	107
7910	107
7913	107
7924	107
7927	107
7941	107
7959	107
7997	107
8015	107
8029	107
8053	107
8082	107
8109	107
8110	107
8138	107
8196	107
8206	107
8209	107
8226	107
8234	107
8247	107
8285	107
8291	107
8311	107
8318	107
8321	107
8323	107
8333	107
8339	107
8343	107
8354	107
8357	107
8363	107
8370	107
8375	107
8379	107
8407	107
8417	107
8427	107
8448	107
8466	107
8483	107
8484	107
8502	107
8510	107
8513	107
8518	107
8520	107
8543	107
8556	107
8565	107
8573	107
8590	107
8592	107
8605	107
8616	107
8620	107
8622	107
8626	107
8634	107
8635	107
8645	107
8677	107
8678	107
8681	107
8684	107
8715	107
8720	107
8726	107
8740	107
8749	107
8772	107
8799	107
8820	107
8845	107
8856	107
8884	107
8890	107
8896	107
8902	107
8904	107
8909	107
8913	107
8920	107
8922	107
8924	107
8939	107
8942	107
8945	107
8953	107
8954	107
8963	107
8988	107
9004	107
9019	107
9029	107
9043	107
9054	107
9072	107
9080	107
9085	107
9093	107
9103	107
9111	107
9114	107
9121	107
9137	107
9146	107
9150	107
9151	107
9154	107
9161	107
9181	107
9190	107
9197	107
9198	107
9200	107
9205	107
9211	107
9225	107
9236	107
9244	107
9284	107
9286	107
9294	107
9300	107
9305	107
9334	107
9335	107
9336	107
9342	107
9345	107
9347	107
9352	107
9366	107
9378	107
9386	107
9401	107
9406	107
9432	107
9435	107
9470	107
9471	107
9485	107
9494	107
9499	107
9503	107
9514	107
9516	107
9528	107
9535	107
9547	107
9554	107
9556	107
9560	107
9576	107
9609	107
9612	107
9633	107
9637	107
9639	107
9659	107
9667	107
9679	107
9684	107
9685	107
9691	107
9694	107
9720	107
9759	107
9766	107
9784	107
9794	107
9807	107
9819	107
9839	107
9849	107
9853	107
9861	107
9877	107
9886	107
9889	107
9907	107
9940	107
9953	107
9954	107
9958	107
9972	107
9976	107
9981	107
10012	107
10041	107
10042	107
10045	107
10074	107
10101	107
10107	107
10113	107
10136	107
10154	107
10157	107
10177	107
10200	107
10205	107
10217	107
10221	107
10239	107
10242	107
10253	107
10263	107
10265	107
10297	107
10303	107
10319	107
10332	107
10348	107
10359	107
10377	107
10392	107
10402	107
10408	107
10441	107
10448	107
10484	107
10517	107
10524	107
10528	107
10541	107
10542	107
10546	107
10550	107
10552	107
10590	107
10596	107
10599	107
10610	107
10641	107
10642	107
10666	107
10696	107
10702	107
10729	107
10779	107
10793	107
10815	107
10821	107
10836	107
10841	107
10846	107
10862	107
10865	107
10872	107
10873	107
10917	107
10924	107
10927	107
10936	107
10949	107
11005	107
11034	107
11068	107
11073	107
11076	107
11085	107
11097	107
11102	107
11125	107
11131	107
11133	107
11142	107
11144	107
11153	107
11156	107
11162	107
11163	107
11165	107
11182	107
11190	107
11210	107
11237	107
11243	107
11249	107
11262	107
11264	107
11273	107
11296	107
11300	107
11305	107
11335	107
11353	107
11380	107
11388	107
11398	107
11416	107
11428	107
11430	107
11451	107
11463	107
11466	107
11472	107
11518	107
11523	107
11534	107
11536	107
11547	107
11549	107
11575	107
11590	107
11593	107
11603	107
11613	107
11645	107
11660	107
11687	107
11690	107
11719	107
11732	107
11748	107
11783	107
11799	107
11811	107
11815	107
11845	107
11853	107
11881	107
11885	107
11886	107
11903	107
11926	107
11933	107
11944	107
11955	107
11961	107
11975	107
11997	107
12030	107
12031	107
12036	107
12039	107
12057	107
12096	107
12105	107
12110	107
12124	107
12161	107
12165	107
12174	107
12192	107
12199	107
12204	107
12234	107
12239	107
12283	107
12300	107
12303	107
12307	107
12308	107
12309	107
12314	107
12318	107
12355	107
12357	107
12379	107
12387	107
12397	107
12408	107
12415	107
12429	107
12457	107
12462	107
12503	107
12538	107
12548	107
12554	107
12566	107
12602	107
12632	107
12637	107
12664	107
12666	107
12677	107
12720	107
12721	107
12758	107
12771	107
12785	107
12817	107
12823	107
12827	107
12895	107
12908	107
12920	107
12933	107
12939	107
12945	107
12979	107
12982	107
12990	107
12992	107
12994	107
13003	107
13007	107
13017	107
13037	107
13052	107
13060	107
13092	107
13095	107
13096	107
13105	107
13147	107
13168	107
13172	107
13173	107
13174	107
13193	107
13194	107
13200	107
13207	107
13219	107
13229	107
13231	107
13245	107
13254	107
13255	107
13316	107
13319	107
13344	107
13350	107
13362	107
13379	107
13400	107
13409	107
13433	107
13465	107
13476	107
13501	107
13517	107
13530	107
13571	107
13585	107
13591	107
13601	107
13632	107
13641	107
13653	107
13666	107
13682	107
13687	107
13712	107
13729	107
13740	107
13768	107
13773	107
13775	107
13784	107
13809	107
13854	107
13873	107
13874	107
13887	107
13900	107
13911	107
13929	107
13946	107
13954	107
13955	107
13966	107
13970	107
13982	107
13986	107
13987	107
14006	107
14015	107
14036	107
14053	107
14059	107
14062	107
14101	107
14110	107
14116	107
14118	107
14123	107
14127	107
14129	107
14135	107
14154	107
14160	107
14176	107
14181	107
14185	107
14198	107
14208	107
14209	107
14228	107
14235	107
14245	107
14305	107
14311	107
14322	107
14343	107
14346	107
14349	107
14351	107
14385	107
14396	107
14399	107
14425	107
14451	107
14456	107
14497	107
14506	107
14514	107
14523	107
14560	107
14564	107
14572	107
14603	107
14629	107
14637	107
14676	107
14695	107
14725	107
14739	107
14744	107
14753	107
14770	107
14791	107
14801	107
14803	107
14807	107
14809	107
14847	107
14853	107
14906	107
14911	107
14916	107
14925	107
14947	107
14948	107
14975	107
15009	107
15031	107
15074	107
15075	107
15083	107
15126	107
15136	107
15156	107
15164	107
15205	107
15218	107
15224	107
15227	107
15232	107
15247	107
15248	107
15251	107
15265	107
15270	107
15289	107
15300	107
15312	107
15326	107
15327	107
15350	107
15355	107
15369	107
15375	107
15383	107
15384	107
15428	107
15431	107
15433	107
15440	107
15454	107
15459	107
15463	107
15474	107
15506	107
15521	107
15523	107
15526	107
15527	107
15533	107
15536	107
15543	107
15547	107
15583	107
15584	107
15606	107
15622	107
15630	107
15671	107
15674	107
15698	107
15699	107
15706	107
15716	107
15748	107
15767	107
15804	107
15807	107
15811	107
15813	107
15814	107
15830	107
15848	107
15854	107
15857	107
15875	107
15895	107
15914	107
15920	107
15923	107
15924	107
15952	107
15968	107
15991	107
16014	107
16025	107
16036	107
16057	107
16076	107
16082	107
16084	107
16091	107
16097	107
16098	107
16104	107
16117	107
16120	107
16133	107
16135	107
16139	107
16146	107
16148	107
16155	107
16157	107
16166	107
16228	107
16234	107
16239	107
16250	107
16266	107
16273	107
16276	107
16281	107
16318	107
16320	107
16322	107
16325	107
16330	107
16363	107
16379	107
16388	107
16403	107
16440	107
16441	107
16443	107
16451	107
16473	107
16480	107
16483	107
16487	107
16490	107
16501	107
16504	107
16505	107
16507	107
16512	107
16525	107
16531	107
16542	107
16547	107
16548	107
16621	107
16628	107
16630	107
16639	107
16643	107
16664	107
16665	107
16666	107
16677	107
16706	107
16725	107
16736	107
16740	107
16757	107
16760	107
16767	107
16813	107
16833	107
16835	107
16844	107
16908	107
16913	107
16930	107
16933	107
16934	107
16938	107
16952	107
16957	107
17008	107
17009	107
17025	107
17053	107
17058	107
17061	107
17071	107
17085	107
17103	107
17124	107
17134	107
17153	107
17178	107
17187	107
17197	107
17219	107
17222	107
17236	107
17252	107
17266	107
17274	107
17283	107
17287	107
17289	107
17312	107
17314	107
17320	107
17322	107
17339	107
17347	107
17350	107
17355	107
17365	107
17403	107
17405	107
17416	107
17431	107
17443	107
17449	107
17460	107
17472	107
17487	107
17500	107
17504	107
17505	107
17509	107
17535	107
17536	107
17538	107
17546	107
17562	107
17572	107
17581	107
17603	107
17609	107
17625	107
17628	107
17646	107
17648	107
17660	107
17672	107
17688	107
17692	107
17696	107
17705	107
17717	107
17718	107
17724	107
17728	107
17745	107
17747	107
17778	107
17797	107
17827	107
17867	107
17879	107
17889	107
17891	107
17896	107
17901	107
17904	107
17911	107
17919	107
17932	107
17949	107
17954	107
17959	107
17969	107
17971	107
18008	107
18012	107
18033	107
18037	107
18051	107
18055	107
18057	107
18080	107
18100	107
18140	107
18144	107
18152	107
18159	107
18172	107
18176	107
18180	107
18186	107
18199	107
18203	107
18224	107
18234	107
18267	107
18300	107
18311	107
18331	107
18351	107
18362	107
18364	107
18370	107
18375	107
18376	107
18380	107
18408	107
18409	107
18411	107
18426	107
18428	107
18432	107
18440	107
18453	107
18460	107
18468	107
18472	107
18487	107
18491	107
18497	107
18500	107
18512	107
18518	107
18532	107
18549	107
18552	107
18553	107
18573	107
18580	107
18588	107
18595	107
18652	107
18672	107
18699	107
18708	107
18711	107
18715	107
18723	107
18739	107
18745	107
18749	107
18755	107
18806	107
18809	107
18816	107
18824	107
18833	107
18851	107
18853	107
18858	107
18896	107
18951	107
18962	107
18963	107
18984	107
18989	107
19009	107
19010	107
19030	107
19033	107
19034	107
19047	107
19064	107
19081	107
19083	107
19086	107
19092	107
19107	107
19113	107
19137	107
19144	107
19169	107
19171	107
19195	107
19199	107
19201	107
19225	107
19241	107
19245	107
19269	107
19276	107
19287	107
19316	107
19317	107
19332	107
19338	107
19343	107
19427	107
19448	107
19454	107
19457	107
19471	107
19479	107
19508	107
19523	107
19528	107
19532	107
19538	107
19539	107
19554	107
19583	107
19598	107
19603	107
19604	107
19607	107
19617	107
19631	107
19634	107
19638	107
19643	107
19652	107
19658	107
19662	107
19670	107
19685	107
19717	107
19731	107
19733	107
19740	107
19742	107
19751	107
19754	107
19763	107
19765	107
19784	107
19786	107
19807	107
19810	107
19813	107
19816	107
19829	107
19831	107
19835	107
19842	107
19857	107
19870	107
19880	107
19901	107
19934	107
19940	107
19944	107
19947	107
20028	107
20045	107
20048	107
20069	107
20076	107
20084	107
20097	107
20101	107
20143	107
20163	107
20172	107
20179	107
20192	107
20197	107
20198	107
20204	107
20216	107
20235	107
20253	107
20256	107
20259	107
20269	107
20272	107
20285	107
20300	107
20303	107
20334	107
20340	107
20341	107
20343	107
20349	107
20391	107
20404	107
20406	107
20421	107
20423	107
20457	107
20473	107
20479	107
20496	107
20499	107
20520	107
20521	107
20534	107
20544	107
20550	107
20553	107
20565	107
20576	107
20589	107
20591	107
20592	107
20619	107
20674	107
20679	107
20700	107
20702	107
20711	107
20733	107
20736	107
20801	107
20814	107
20818	107
20832	107
20842	107
20847	107
20849	107
20859	107
20881	107
20889	107
20891	107
20905	107
20911	107
20914	107
20931	107
20933	107
20937	107
20938	107
20942	107
20987	107
21004	107
21014	107
21027	107
21050	107
21070	107
21071	107
21079	107
21098	107
21100	107
21124	107
21160	107
21162	107
21171	107
21181	107
21186	107
21188	107
21225	107
21234	107
21235	107
21253	107
21269	107
21273	107
21303	107
21312	107
21314	107
21320	107
21340	107
21349	107
21366	107
21382	107
21384	107
21388	107
21417	107
21448	107
21461	107
21493	107
21498	107
21502	107
21506	107
21507	107
21514	107
21532	107
21535	107
21539	107
21543	107
21552	107
21554	107
21564	107
21577	107
21591	107
21592	107
21593	107
21596	107
21611	107
21624	107
21635	107
21680	107
21685	107
21706	107
21710	107
21715	107
21724	107
21726	107
21731	107
21736	107
21745	107
21756	107
21757	107
21762	107
21777	107
21793	107
21796	107
21809	107
21819	107
21823	107
21825	107
21830	107
21836	107
21844	107
21849	107
21850	107
21860	107
21867	107
21874	107
21878	107
21888	107
21892	107
21934	107
21937	107
21943	107
21953	107
21954	107
21980	107
21997	107
22003	107
22010	107
22013	107
22020	107
22032	107
22049	107
22051	107
22053	107
22055	107
22093	107
22100	107
22117	107
22140	107
22157	107
22164	107
22182	107
22196	107
22197	107
22218	107
22245	107
22247	107
22250	107
22251	107
22262	107
22270	107
22280	107
22291	107
22295	107
22301	107
22325	107
22337	107
22356	107
22364	107
22391	107
22395	107
22430	107
22436	107
22437	107
22440	107
22485	107
22492	107
22522	107
22526	107
22534	107
22560	107
22564	107
22583	107
22596	107
22628	107
22632	107
22633	107
22635	107
22643	107
22650	107
22655	107
22656	107
22661	107
22693	107
22700	107
22707	107
22754	107
22777	107
22784	107
22788	107
22790	107
22799	107
22800	107
22810	107
22812	107
22836	107
22856	107
22862	107
22888	107
22905	107
22913	107
22937	107
22946	107
22959	107
22979	107
23014	107
23017	107
23018	107
23022	107
23030	107
23052	107
23055	107
23063	107
23071	107
23089	107
23092	107
23101	107
23114	107
23131	107
23137	107
23143	107
23150	107
23163	107
23181	107
23211	107
23220	107
23226	107
23237	107
23262	107
23270	107
23288	107
23297	107
23302	107
23326	107
23332	107
23341	107
23344	107
23345	107
23356	107
23367	107
23375	107
23378	107
23389	107
23406	107
23423	107
23437	107
23459	107
23465	107
23474	107
23477	107
23492	107
23509	107
23516	107
23530	107
23541	107
23559	107
23575	107
23597	107
23607	107
23608	107
23619	107
23631	107
23651	107
23661	107
23662	107
23676	107
23692	107
23705	107
23709	107
23718	107
23721	107
23727	107
23762	107
23767	107
23779	107
23803	107
23809	107
23813	107
23814	107
23816	107
23834	107
23835	107
23896	107
23897	107
23925	107
23937	107
23952	107
23968	107
23975	107
23977	107
23982	107
23992	107
23999	107
24049	107
24050	107
24053	107
24064	107
24069	107
24081	107
24106	107
24144	107
24156	107
24169	107
24171	107
24174	107
24187	107
24190	107
24203	107
24227	107
24249	107
24293	107
24317	107
24322	107
24338	107
24342	107
24353	107
24354	107
24360	107
24373	107
24375	107
24380	107
24395	107
24422	107
24429	107
24430	107
24486	107
24511	107
24521	107
24524	107
24534	107
24550	107
24595	107
24599	107
24621	107
24622	107
24629	107
24652	107
24660	107
24676	107
24691	107
24695	107
24699	107
24717	107
24745	107
24751	107
24758	107
24759	107
24774	107
24784	107
24791	107
24799	107
24825	107
24851	107
24861	107
24875	107
24876	107
24885	107
24897	107
24907	107
24911	107
24915	107
24916	107
24921	107
24929	107
24949	107
24978	107
24984	107
25006	107
25011	107
25016	107
25033	107
25043	107
25060	107
25075	107
25084	107
25090	107
25098	107
25109	107
25135	107
25138	107
25139	107
25142	107
25145	107
25150	107
25158	107
25160	107
25164	107
25173	107
25185	107
25204	107
25208	107
25213	107
25216	107
25222	107
25256	107
25290	107
25304	107
25309	107
25310	107
25311	107
25314	107
25325	107
25332	107
25381	107
25401	107
25405	107
25407	107
25413	107
25424	107
25448	107
25457	107
25465	107
25468	107
25481	107
25500	107
25503	107
25509	107
25524	107
25530	107
25553	107
25566	107
25569	107
25574	107
25589	107
25594	107
25599	107
25601	107
25608	107
25621	107
25640	107
25657	107
25667	107
25680	107
25695	107
25743	107
25745	107
25756	107
25757	107
25759	107
25784	107
25811	107
25813	107
25817	107
25832	107
25833	107
25878	107
25883	107
25918	107
25935	107
25945	107
25951	107
25952	107
25958	107
25972	107
26003	107
26006	107
26026	107
26037	107
26044	107
26058	107
26075	107
26080	107
26089	107
26094	107
26099	107
26105	107
26107	107
26118	107
26124	107
26147	107
26151	107
26155	107
26160	107
26161	107
26166	107
26180	107
26204	107
26211	107
26225	107
26228	107
26236	107
26251	107
26287	107
26304	107
26305	107
26327	107
26342	107
26355	107
26362	107
26365	107
26378	107
26379	107
26400	107
26407	107
26410	107
26413	107
26423	107
26424	107
26431	107
26465	107
26468	107
26474	107
26479	107
26497	107
26507	107
26517	107
26527	107
26528	107
26551	107
26558	107
26567	107
26575	107
26619	107
26626	107
26628	107
26649	107
26655	107
26661	107
26689	107
26693	107
26722	107
26744	107
26745	107
26754	107
26756	107
26760	107
26774	107
26791	107
26793	107
26807	107
26818	107
26831	107
26833	107
26835	107
26864	107
26871	107
26879	107
26895	107
26902	107
26908	107
26919	107
26922	107
26949	107
26954	107
26979	107
27072	107
27079	107
27095	107
27108	107
27110	107
27131	107
27133	107
27155	107
27162	107
27168	107
27172	107
27177	107
27191	107
27201	107
27237	107
27248	107
27252	107
27279	107
27280	107
27281	107
27295	107
27316	107
27323	107
27336	107
27352	107
27353	107
27380	107
27408	107
27414	107
27423	107
27448	107
27449	107
27461	107
27479	107
27495	107
27510	107
27535	107
27551	107
27558	107
27560	107
27589	107
27597	107
27600	107
27638	107
27657	107
27661	107
27680	107
27713	107
27720	107
27721	107
27727	107
27736	107
27745	107
27748	107
27749	107
27786	107
27800	107
27809	107
27813	107
27814	107
27820	107
27839	107
27843	107
27862	107
27918	107
27940	107
27944	107
27948	107
27960	107
27962	107
27966	107
27974	107
27975	107
27987	107
28007	107
28008	107
28017	107
28019	107
28036	107
28039	107
28042	107
28076	107
28077	107
28083	107
28095	107
28098	107
28119	107
28121	107
28132	107
28181	107
28189	107
28204	107
28205	107
28206	107
28243	107
28254	107
28258	107
28260	107
28275	107
28288	107
28296	107
28304	107
28308	107
28320	107
28337	107
28341	107
28343	107
28351	107
28365	107
28418	107
28421	107
28422	107
28428	107
28437	107
28448	107
28457	107
28463	107
28475	107
28481	107
28496	107
28515	107
28521	107
28524	107
28551	107
28566	107
28572	107
28575	107
28587	107
28595	107
28607	107
28633	107
28634	107
28637	107
28647	107
28653	107
28674	107
28684	107
28694	107
28695	107
28703	107
28715	107
28753	107
28760	107
28789	107
28793	107
28807	107
28823	107
28825	107
28864	107
28879	107
28881	107
28884	107
28919	107
28929	107
28943	107
28944	107
28971	107
28974	107
28985	107
28993	107
29011	107
29021	107
29046	107
29053	107
29072	107
29077	107
29159	107
29165	107
29199	107
29219	107
29224	107
29237	107
29240	107
29252	107
29262	107
29269	107
29276	107
29278	107
29307	107
29323	107
29325	107
29339	107
29359	107
29380	107
29397	107
29406	107
29413	107
29416	107
29418	107
29422	107
29430	107
29436	107
29466	107
29488	107
29499	107
29512	107
29525	107
29530	107
29532	107
29533	107
29545	107
29557	107
29563	107
29574	107
29576	107
29579	107
29593	107
29594	107
29595	107
29596	107
29619	107
29622	107
29626	107
29630	107
29632	107
29634	107
29637	107
29644	107
29678	107
29688	107
29693	107
29697	107
29702	107
29724	107
29727	107
29733	107
29752	107
29761	107
29764	107
29767	107
29773	107
29777	107
29784	107
29805	107
29811	107
29837	107
29846	107
29860	107
29864	107
29887	107
29894	107
29905	107
29923	107
29926	107
29928	107
29950	107
29974	107
29996	107
30003	107
30016	107
30021	107
30023	107
30039	107
30055	107
30056	107
30098	107
30100	107
30115	107
30170	107
30227	107
30240	107
30244	107
30246	107
30253	107
30256	107
30257	107
30258	107
30277	107
30280	107
30318	107
30355	107
30357	107
30359	107
30360	107
30367	107
30408	107
30421	107
30430	107
30446	107
30463	107
30471	107
30524	107
30529	107
30538	107
30546	107
30547	107
30548	107
30549	107
30558	107
30587	107
30604	107
30615	107
30618	107
30623	107
30643	107
30670	107
30675	107
30707	107
30720	107
30748	107
30768	107
30772	107
30775	107
30778	107
30801	107
30843	107
30848	107
30939	107
30958	107
30962	107
30972	107
30993	107
30997	107
31011	107
31028	107
31037	107
31052	107
31053	107
31057	107
31058	107
31062	107
31076	107
31079	107
31081	107
31082	107
31092	107
31115	107
31125	107
31157	107
31173	107
31181	107
31188	107
31189	107
31211	107
31227	107
31240	107
31248	107
31262	107
31268	107
31269	107
31276	107
31280	107
31283	107
31289	107
31299	107
31302	107
31313	107
31335	107
31345	107
31346	107
31353	107
31360	107
31371	107
31377	107
31395	107
31430	107
31436	107
31445	107
31466	107
31472	107
31489	107
31514	107
31524	107
31534	107
31540	107
31563	107
31567	107
31568	107
31570	107
31582	107
31591	107
31601	107
31628	107
31633	107
31634	107
31638	107
31639	107
31641	107
31665	107
31681	107
31688	107
31689	107
31696	107
31698	107
31702	107
31708	107
31711	107
31713	107
31731	107
31755	107
31774	107
31781	107
31809	107
31812	107
31827	107
31844	107
31866	107
31872	107
31918	107
31923	107
31937	107
31943	107
31944	107
31950	107
31951	107
31953	107
31977	107
31996	107
31997	107
32021	107
32028	107
32055	107
32066	107
32073	107
32088	107
32092	107
32096	107
32100	107
32112	107
32120	107
32121	107
32123	107
32132	107
32133	107
32135	107
32162	107
32163	107
32165	107
32169	107
32178	107
32180	107
32208	107
32210	107
32228	107
32229	107
32236	107
32254	107
32263	107
32278	107
32294	107
32303	107
32322	107
32330	107
32351	107
32357	107
32362	107
32364	107
32368	107
32396	107
32420	107
32421	107
32442	107
32446	107
32448	107
32449	107
32450	107
32476	107
32499	107
32517	107
32529	107
32546	107
32548	107
32551	107
32555	107
32568	107
32570	107
32571	107
32583	107
32604	107
32613	107
32615	107
32617	107
32634	107
32651	107
32654	107
32674	107
32699	107
32707	107
32711	107
32712	107
32719	107
32744	107
32770	107
32785	107
32806	107
32826	107
32853	107
32859	107
32893	107
32910	107
32913	107
32915	107
32920	107
32941	107
32944	107
32966	107
32976	107
33006	107
33014	107
33019	107
33023	107
33039	107
33066	107
33095	107
33119	107
33134	107
33139	107
33141	107
33147	107
33151	107
33179	107
33194	107
33213	107
33239	107
33242	107
33258	107
33267	107
33289	107
33296	107
33307	107
33318	107
33337	107
33348	107
33353	107
33369	107
33400	107
33413	107
33422	107
33444	107
33447	107
33448	107
33464	107
33490	107
33502	107
33504	107
33518	107
33531	107
33540	107
33551	107
33552	107
33581	107
33583	107
33597	107
33605	107
33611	107
33615	107
33632	107
33644	107
33680	107
33691	107
33714	107
33723	107
33729	107
33734	107
33740	107
33756	107
33780	107
33821	107
33825	107
33846	107
33854	107
33890	107
33902	107
33910	107
33917	107
33918	107
33929	107
33937	107
33938	107
33946	107
33960	107
33989	107
33991	107
34042	107
34051	107
34062	107
34063	107
34071	107
34077	107
34099	107
34105	107
34112	107
34115	107
34120	107
34124	107
34149	107
34157	107
34188	107
34191	107
34210	107
34215	107
34241	107
34254	107
34263	107
34267	107
34276	107
34312	107
34313	107
34317	107
34318	107
34319	107
34322	107
34325	107
34333	107
34344	107
34353	107
34385	107
34395	107
34424	107
34438	107
34444	107
34450	107
34454	107
34458	107
34480	107
34487	107
34513	107
34514	107
34515	107
34516	107
34519	107
34539	107
34540	107
34541	107
34542	107
34548	107
34557	107
34564	107
34576	107
34581	107
34583	107
34594	107
34600	107
34602	107
34616	107
34618	107
34621	107
34627	107
34639	107
34661	107
34680	107
34684	107
34692	107
34693	107
34696	107
34704	107
34738	107
34746	107
34753	107
34764	107
34775	107
34782	107
34811	107
34836	107
34839	107
34855	107
34858	107
34860	107
34861	107
34870	107
34881	107
34896	107
34904	107
34919	107
34921	107
34932	107
34939	107
34943	107
34952	107
34960	107
34963	107
34967	107
34972	107
34977	107
34987	107
34995	107
35001	107
35012	107
35017	107
35038	107
35040	107
35045	107
35068	107
35073	107
35077	107
35108	107
35112	107
35128	107
35132	107
35141	107
35152	107
35163	107
35167	107
35172	107
35192	107
35193	107
35194	107
35195	107
35199	107
35201	107
35206	107
35217	107
35224	107
35232	107
35256	107
35278	107
35285	107
35292	107
35298	107
35299	107
35309	107
35314	107
35338	107
35342	107
35345	107
35360	107
35361	107
35368	107
35380	107
35397	107
35410	107
35417	107
35419	107
35429	107
35431	107
35472	107
35478	107
35532	107
35533	107
35535	107
35551	107
35568	107
35588	107
35597	107
35598	107
35619	107
35634	107
35645	107
35661	107
35665	107
35694	107
35717	107
35738	107
35760	107
35780	107
35786	107
35789	107
35809	107
35810	107
35827	107
35828	107
35836	107
35927	107
35929	107
35941	107
35943	107
35989	107
35993	107
36020	107
36026	107
36030	107
36031	107
36056	107
36058	107
36059	107
36065	107
36074	107
36076	107
36104	107
36116	107
36118	107
36129	107
36146	107
36174	107
36177	107
36245	107
36257	107
36270	107
36273	107
36285	107
36286	107
36288	107
36292	107
36297	107
36306	107
36317	107
36355	107
36364	107
36379	107
36391	107
36396	107
36404	107
36414	107
36434	107
36440	107
36441	107
36443	107
36454	107
36459	107
36465	107
36467	107
36468	107
36471	107
36476	107
36484	107
36490	107
36505	107
36555	107
36561	107
36579	107
36597	107
36606	107
36622	107
36624	107
36636	107
36645	107
36653	107
36655	107
36680	107
36692	107
36719	107
36737	107
36746	107
36751	107
36753	107
36814	107
36817	107
36875	107
36893	107
36895	107
36896	107
36904	107
36910	107
36918	107
36944	107
36961	107
36966	107
36975	107
37002	107
37011	107
37049	107
37086	107
37092	107
37093	107
37095	107
37103	107
37104	107
37111	107
37113	107
37126	107
37149	107
37150	107
37151	107
37153	107
37164	107
37176	107
37196	107
37216	107
37223	107
37224	107
37237	107
37254	107
37272	107
37290	107
37312	107
37325	107
37353	107
37354	107
37361	107
37380	107
37387	107
37410	107
37423	107
37427	107
37433	107
37434	107
37438	107
37478	107
37492	107
37497	107
37503	107
37512	107
37513	107
37536	107
37548	107
37562	107
37570	107
37581	107
37592	107
37608	107
37619	107
37624	107
37627	107
37634	107
37649	107
37659	107
37660	107
37669	107
37670	107
37677	107
37680	107
37687	107
37718	107
37742	107
37766	107
37778	107
37792	107
37798	107
37808	107
37814	107
37825	107
37838	107
37840	107
37884	107
37898	107
37903	107
37912	107
37917	107
37955	107
37985	107
37988	107
38015	107
38041	107
38120	107
38139	107
38145	107
38152	107
38188	107
38202	107
38228	107
38243	107
38251	107
38253	107
38268	107
38291	107
38292	107
38308	107
38337	107
38344	107
38360	107
38366	107
38367	107
38378	107
38406	107
38411	107
38424	107
38432	107
38468	107
38470	107
38474	107
38477	107
38497	107
38498	107
38549	107
38550	107
38551	107
38561	107
38562	107
38607	107
38617	107
38629	107
38633	107
38645	107
38658	107
38678	107
38699	107
38714	107
38736	107
38749	107
38761	107
38792	107
38795	107
38834	107
38850	107
38862	107
38864	107
38879	107
38897	107
38909	107
38919	107
38929	107
38960	107
38965	107
38966	107
38967	107
38974	107
38976	107
38983	107
38990	107
38995	107
39003	107
39022	107
39027	107
39029	107
39036	107
39038	107
39066	107
39070	107
39079	107
39086	107
39114	107
39120	107
39138	107
39140	107
39145	107
39146	107
39159	107
39195	107
39211	107
39226	107
39235	107
39275	107
39276	107
39291	107
39309	107
39311	107
39318	107
39351	107
39358	107
39376	107
39386	107
39401	107
39424	107
39425	107
39455	107
39471	107
39481	107
39483	107
39507	107
39517	107
39529	107
39549	107
39577	107
39583	107
39605	107
39606	107
39614	107
39637	107
39643	107
39644	107
39651	107
39670	107
39693	107
39698	107
39702	107
39714	107
39715	107
39726	107
39744	107
39746	107
39750	107
39753	107
39756	107
39761	107
39774	107
39789	107
39791	107
39798	107
39812	107
39815	107
39819	107
39828	107
39862	107
39874	107
39886	107
39892	107
39906	107
39918	107
39972	107
40079	107
40082	107
40086	107
40097	107
40098	107
40106	107
40119	107
40134	107
40143	107
40153	107
40177	107
40189	107
40190	107
40203	107
40228	107
40259	107
40271	107
40295	107
40316	107
40349	107
40356	107
40377	107
40381	107
40385	107
40392	107
40402	107
40404	107
40410	107
40420	107
40434	107
40436	107
40442	107
40447	107
40461	107
40499	107
40503	107
40536	107
40537	107
40544	107
40578	107
40587	107
40595	107
40607	107
40640	107
40641	107
40655	107
40667	107
40671	107
40684	107
40689	107
40690	107
40696	107
40698	107
40703	107
40725	107
40736	107
40748	107
40751	107
40754	107
40760	107
40772	107
40782	107
40786	107
40791	107
40793	107
40803	107
40812	107
40819	107
40824	107
40839	107
40840	107
40841	107
40858	107
40875	107
40880	107
40887	107
40890	107
40911	107
40930	107
40933	107
40950	107
40965	107
40987	107
41011	107
41046	107
41051	107
41071	107
41072	107
41080	107
41086	107
41092	107
41096	107
41098	107
41106	107
41113	107
41133	107
41137	107
41143	107
41159	107
41178	107
41185	107
41190	107
41203	107
41226	107
41227	107
41235	107
41246	107
41259	107
41268	107
41269	107
41270	107
41288	107
41289	107
41292	107
41315	107
41325	107
41328	107
41349	107
41362	107
41365	107
41375	107
41378	107
41381	107
41385	107
41386	107
41390	107
41405	107
41409	107
41430	107
41446	107
41459	107
41460	107
41488	107
41495	107
41524	107
41525	107
41529	107
41539	107
41543	107
41553	107
41554	107
41563	107
41581	107
41583	107
41603	107
41622	107
41631	107
41634	107
41638	107
41653	107
41656	107
41665	107
41672	107
41726	107
41727	107
41737	107
41753	107
41754	107
41760	107
41764	107
41769	107
41771	107
41780	107
41781	107
41798	107
41811	107
41812	107
41815	107
41816	107
41818	107
41853	107
41854	107
41887	107
41888	107
41911	107
41920	107
41926	107
41939	107
41959	107
41963	107
41969	107
42002	107
42034	107
42041	107
42058	107
42061	107
42071	107
42086	107
42102	107
42114	107
42116	107
42120	107
42123	107
42129	107
42151	107
42179	107
42196	107
42206	107
42230	107
42232	107
42246	107
42252	107
42255	107
42264	107
42268	107
42285	107
42295	107
42298	107
42299	107
42316	107
42326	107
42358	107
42405	107
42426	107
42432	107
42457	107
42487	107
42502	107
42505	107
42508	107
42532	107
42537	107
42546	107
42558	107
42564	107
42575	107
42583	107
42592	107
42600	107
42608	107
42625	107
42657	107
42669	107
42692	107
42694	107
42741	107
42748	107
42771	107
42772	107
42777	107
42785	107
42808	107
42811	107
42814	107
42829	107
42831	107
42857	107
42866	107
42873	107
42886	107
42913	107
42915	107
42959	107
42966	107
42970	107
42988	107
43001	107
43022	107
43030	107
43034	107
43044	107
43050	107
43053	107
43060	107
43084	107
43125	107
43128	107
43131	107
43161	107
43176	107
43199	107
43203	107
43218	107
43221	107
43231	107
43233	107
43237	107
43244	107
43247	107
43252	107
43254	107
43257	107
43265	107
43268	107
43270	107
43291	107
43297	107
43330	107
43336	107
43348	107
43357	107
43364	107
43386	107
43412	107
43413	107
43418	107
43432	107
43438	107
43469	107
43475	107
43476	107
43500	107
43522	107
43535	107
43538	107
43539	107
43558	107
43561	107
43571	107
43585	107
43589	107
43593	107
43595	107
43599	107
43611	107
43614	107
43621	107
43626	107
43659	107
43665	107
43687	107
43698	107
43712	107
43741	107
43751	107
43754	107
43787	107
43792	107
43796	107
43828	107
43840	107
43846	107
43849	107
43858	107
43862	107
43863	107
43874	107
43884	107
43892	107
43897	107
43908	107
43914	107
43918	107
43920	107
43934	107
43936	107
43941	107
43956	107
44021	107
44037	107
44046	107
44054	107
44073	107
44082	107
44093	107
44106	107
44115	107
44123	107
44127	107
44138	107
44142	107
44146	107
44157	107
44184	107
44185	107
44203	107
44208	107
44232	107
44259	107
44275	107
44281	107
44291	107
44302	107
44313	107
44316	107
44322	107
44326	107
44342	107
44368	107
44369	107
44391	107
44394	107
44396	107
44421	107
44424	107
44433	107
44448	107
44453	107
44466	107
44471	107
44483	107
44514	107
44520	107
44537	107
44538	107
44540	107
44544	107
44577	107
44589	107
44607	107
44609	107
44610	107
44612	107
44623	107
44633	107
44654	107
44664	107
44668	107
44700	107
44722	107
44723	107
44724	107
44729	107
44734	107
44736	107
44752	107
44764	107
44775	107
44789	107
44802	107
44806	107
44837	107
44853	107
44868	107
44871	107
44893	107
44897	107
44902	107
44910	107
44921	107
44930	107
44934	107
44938	107
44940	107
44941	107
44976	107
44985	107
44988	107
44994	107
44996	107
45004	107
45008	107
45014	107
45026	107
45033	107
45039	107
45062	107
45079	107
45107	107
45108	107
45139	107
45150	107
45190	107
45201	107
45208	107
45216	107
45250	107
45273	107
45282	107
45283	107
45299	107
45302	107
45307	107
45310	107
45319	107
45335	107
45343	107
45381	107
45391	107
45392	107
45398	107
45399	107
45405	107
45413	107
45427	107
45428	107
45446	107
45455	107
45484	107
45510	107
45514	107
45519	107
45538	107
45553	107
45554	107
45566	107
45584	107
45592	107
45606	107
45620	107
45628	107
45632	107
45643	107
45649	107
45661	107
45670	107
45698	107
45704	107
45705	107
45722	107
45725	107
45736	107
45766	107
45798	107
45810	107
45827	107
45845	107
45846	107
45855	107
45868	107
45882	107
45895	107
45916	107
45917	107
45940	107
45950	107
45959	107
45966	107
45980	107
46006	107
46035	107
46043	107
46048	107
46049	107
46058	107
46067	107
46069	107
46074	107
46075	107
46082	107
46088	107
46089	107
46109	107
46112	107
46121	107
46137	107
46143	107
46177	107
46185	107
46200	107
46219	107
46228	107
46246	107
46252	107
46271	107
46280	107
46281	107
46283	107
46293	107
46308	107
46320	107
46329	107
46337	107
46345	107
46360	107
46363	107
46408	107
46426	107
46432	107
46453	107
46468	107
46499	107
46504	107
46526	107
46550	107
46559	107
46565	107
46569	107
46588	107
46603	107
46610	107
46611	107
46617	107
46628	107
46635	107
46645	107
46648	107
46690	107
46702	107
46725	107
46726	107
46729	107
46730	107
46733	107
46755	107
46760	107
46762	107
46794	107
46811	107
46815	107
46818	107
46860	107
46861	107
46862	107
46867	107
46868	107
46925	107
46932	107
46949	107
46954	107
46957	107
46977	107
46984	107
46987	107
46995	107
47012	107
47017	107
47032	107
47058	107
47060	107
47071	107
47074	107
47082	107
47086	107
47100	107
47111	107
47129	107
47157	107
47169	107
47188	107
47193	107
47208	107
47220	107
47221	107
47223	107
47247	107
47249	107
47310	107
47334	107
47371	107
47389	107
47406	107
47407	107
47420	107
47435	107
47457	107
47467	107
47473	107
47511	107
47514	107
47518	107
47568	107
47600	107
47601	107
47607	107
47617	107
47630	107
47633	107
47635	107
47652	107
47669	107
47670	107
47673	107
47681	107
47696	107
47697	107
47722	107
47736	107
47742	107
47743	107
47759	107
47762	107
47779	107
47798	107
47807	107
47812	107
47825	107
47826	107
47848	107
47859	107
47863	107
47867	107
47869	107
47891	107
47902	107
47906	107
47922	107
47925	107
47956	107
47978	107
47979	107
47988	107
48002	107
48012	107
48035	107
48059	107
48063	107
48085	107
48093	107
48094	107
48095	107
48106	107
48121	107
48122	107
48149	107
48153	107
48178	107
48200	107
48245	107
48262	107
48307	107
48315	107
48339	107
48341	107
48363	107
48389	107
48394	107
48402	107
48403	107
48407	107
48413	107
48422	107
48426	107
48431	107
48444	107
48456	107
48461	107
48472	107
48474	107
48475	107
48490	107
48502	107
48503	107
48508	107
48517	107
48524	107
48567	107
48588	107
48601	107
48602	107
48608	107
48642	107
48650	107
48658	107
48674	107
48693	107
48695	107
48740	107
48755	107
48772	107
48775	107
48798	107
48815	107
48822	107
48823	107
48838	107
48854	107
48855	107
48857	107
48864	107
48875	107
48879	107
48880	107
48895	107
48918	107
48929	107
48991	107
48999	107
49000	107
49007	107
49039	107
49048	107
49110	107
49113	107
49140	107
49151	107
49155	107
49160	107
49169	107
49182	107
49185	107
49187	107
49244	107
49263	107
49346	107
49351	107
49353	107
49361	107
49362	107
49364	107
49365	107
49366	107
49372	107
49423	107
49448	107
49466	107
49521	107
49524	107
49547	107
49558	107
49561	107
49565	107
49583	107
49607	107
49618	107
49641	107
49665	107
49668	107
49680	107
49685	107
49692	107
49695	107
49705	107
49707	107
49708	107
49709	107
49712	107
49715	107
49716	107
49727	107
49733	107
49741	107
49744	107
49752	107
49769	107
49770	107
49775	107
49790	107
49808	107
49846	107
49882	107
49900	107
49905	107
49907	107
49940	107
49944	107
49946	107
49958	107
49986	107
5	106
11	106
13	106
19	106
39	106
70	106
72	106
76	106
88	106
97	106
100	106
101	106
125	106
127	106
129	106
135	106
147	106
171	106
196	106
198	106
199	106
204	106
207	106
209	106
215	106
236	106
237	106
245	106
247	106
255	106
260	106
276	106
288	106
290	106
324	106
339	106
340	106
346	106
391	106
409	106
424	106
428	106
435	106
445	106
463	106
464	106
466	106
470	106
479	106
481	106
482	106
486	106
499	106
503	106
504	106
515	106
517	106
528	106
549	106
559	106
561	106
562	106
563	106
573	106
575	106
582	106
610	106
618	106
619	106
629	106
666	106
681	106
709	106
727	106
734	106
738	106
754	106
757	106
759	106
767	106
770	106
772	106
786	106
789	106
803	106
807	106
816	106
817	106
835	106
846	106
849	106
853	106
858	106
864	106
878	106
882	106
883	106
889	106
893	106
895	106
913	106
916	106
924	106
927	106
931	106
932	106
937	106
940	106
942	106
968	106
983	106
986	106
1001	106
1014	106
1022	106
1024	106
1031	106
1042	106
1050	106
1056	106
1073	106
1077	106
1082	106
1088	106
1094	106
1115	106
1126	106
1130	106
1138	106
1149	106
1154	106
1177	106
1189	106
1202	106
1208	106
1217	106
1219	106
1224	106
1235	106
1246	106
1249	106
1252	106
1266	106
1278	106
1285	106
1294	106
1306	106
1310	106
1311	106
1319	106
1328	106
1339	106
1355	106
1360	106
1369	106
1406	106
1417	106
1425	106
1430	106
1431	106
1443	106
1446	106
1454	106
1481	106
1492	106
1494	106
1502	106
1510	106
1529	106
1540	106
1555	106
1559	106
1587	106
1590	106
1594	106
1598	106
1601	106
1607	106
1618	106
1627	106
1635	106
1644	106
1645	106
1649	106
1651	106
1684	106
1696	106
1702	106
1703	106
1704	106
1705	106
1712	106
1714	106
1731	106
1750	106
1755	106
1765	106
1786	106
1795	106
1797	106
1804	106
1811	106
1813	106
1815	106
1819	106
1822	106
1830	106
1844	106
1846	106
1868	106
1875	106
1882	106
1899	106
1904	106
1912	106
1918	106
1921	106
1934	106
1946	106
1963	106
1964	106
1967	106
1978	106
1996	106
2028	106
2036	106
2052	106
2054	106
2056	106
2083	106
2098	106
2116	106
2128	106
2138	106
2145	106
2150	106
2152	106
2156	106
2189	106
2195	106
2197	106
2200	106
2210	106
2230	106
2248	106
2284	106
2290	106
2303	106
2304	106
2306	106
2325	106
2327	106
2333	106
2337	106
2353	106
2364	106
2365	106
2373	106
2398	106
2418	106
2432	106
2444	106
2447	106
2451	106
2455	106
2458	106
2460	106
2466	106
2479	106
2480	106
2486	106
2493	106
2496	106
2500	106
2503	106
2511	106
2514	106
2528	106
2535	106
2536	106
2542	106
2554	106
2557	106
2565	106
2576	106
2588	106
2593	106
2617	106
2661	106
2680	106
2684	106
2687	106
2720	106
2743	106
2764	106
2782	106
2785	106
2809	106
2811	106
2818	106
2836	106
2841	106
2864	106
2869	106
2871	106
2878	106
2880	106
2890	106
2905	106
2906	106
2913	106
2919	106
2929	106
2934	106
2942	106
2948	106
2952	106
2973	106
2983	106
2997	106
3008	106
3013	106
3014	106
3016	106
3060	106
3063	106
3071	106
3078	106
3093	106
3096	106
3097	106
3099	106
3100	106
3106	106
3116	106
3117	106
3136	106
3142	106
3158	106
3160	106
3165	106
3182	106
3191	106
3193	106
3200	106
3225	106
3231	106
3245	106
3268	106
3272	106
3281	106
3283	106
3293	106
3309	106
3310	106
3313	106
3325	106
3338	106
3344	106
3350	106
3364	106
3396	106
3401	106
3411	106
3414	106
3418	106
3419	106
3425	106
3438	106
3446	106
3462	106
3493	106
3522	106
3529	106
3533	106
3537	106
3558	106
3575	106
3611	106
3614	106
3628	106
3635	106
3649	106
3660	106
3666	106
3672	106
3676	106
3683	106
3699	106
3714	106
3734	106
3740	106
3747	106
3750	106
3751	106
3756	106
3760	106
3766	106
3773	106
3775	106
3777	106
3798	106
3801	106
3817	106
3844	106
3863	106
3881	106
3893	106
3912	106
3918	106
3920	106
3943	106
3945	106
3950	106
3956	106
3970	106
3987	106
3993	106
4023	106
4024	106
4033	106
4040	106
4042	106
4046	106
4053	106
4059	106
4061	106
4068	106
4082	106
4084	106
4092	106
4110	106
4116	106
4121	106
4157	106
4160	106
4177	106
4179	106
4193	106
4206	106
4207	106
4220	106
4223	106
4229	106
4230	106
4250	106
4256	106
4273	106
4288	106
4301	106
4323	106
4333	106
4344	106
4354	106
4355	106
4358	106
4389	106
4409	106
4410	106
4456	106
4466	106
4482	106
4492	106
4498	106
4523	106
4536	106
4557	106
4560	106
4564	106
4571	106
4574	106
4582	106
4583	106
4594	106
4598	106
4605	106
4607	106
4639	106
4644	106
4658	106
4668	106
4679	106
4681	106
4685	106
4695	106
4700	106
4707	106
4721	106
4729	106
4733	106
4738	106
4740	106
4743	106
4747	106
4749	106
4770	106
4773	106
4784	106
4788	106
4801	106
4803	106
4827	106
4829	106
4831	106
4836	106
4842	106
4850	106
4863	106
4894	106
4902	106
4931	106
4935	106
4945	106
4958	106
4963	106
4974	106
4976	106
4997	106
5008	106
5029	106
5035	106
5055	106
5069	106
5079	106
5081	106
5083	106
5094	106
5095	106
5100	106
5102	106
5108	106
5142	106
5160	106
5170	106
5171	106
5176	106
5182	106
5186	106
5209	106
5212	106
5220	106
5235	106
5237	106
5239	106
5250	106
5266	106
5274	106
5322	106
5341	106
5344	106
5353	106
5354	106
5362	106
5375	106
5394	106
5420	106
5429	106
5444	106
5456	106
5477	106
5478	106
5492	106
5511	106
5517	106
5527	106
5534	106
5535	106
5540	106
5546	106
5562	106
5567	106
5568	106
5578	106
5580	106
5586	106
5593	106
5600	106
5602	106
5622	106
5631	106
5638	106
5641	106
5646	106
5651	106
5659	106
5661	106
5675	106
5686	106
5691	106
5698	106
5701	106
5720	106
5742	106
5746	106
5765	106
5791	106
5801	106
5806	106
5808	106
5818	106
5831	106
5848	106
5851	106
5858	106
5870	106
5873	106
5893	106
5904	106
5915	106
5933	106
5957	106
5965	106
5968	106
5971	106
5972	106
5980	106
5982	106
6018	106
6022	106
6023	106
6032	106
6038	106
6041	106
6053	106
6054	106
6059	106
6069	106
6077	106
6080	106
6082	106
6084	106
6091	106
6094	106
6103	106
6104	106
6109	106
6110	106
6111	106
6116	106
6125	106
6126	106
6138	106
6140	106
6152	106
6153	106
6173	106
6176	106
6216	106
6223	106
6224	106
6231	106
6266	106
6269	106
6272	106
6287	106
6289	106
6306	106
6319	106
6326	106
6335	106
6336	106
6345	106
6347	106
6350	106
6358	106
6389	106
6407	106
6418	106
6427	106
6434	106
6436	106
6444	106
6453	106
6462	106
6474	106
6477	106
6493	106
6499	106
6511	106
6524	106
6530	106
6536	106
6544	106
6545	106
6555	106
6556	106
6564	106
6568	106
6574	106
6578	106
6597	106
6602	106
6605	106
6608	106
6616	106
6629	106
6645	106
6649	106
6651	106
6679	106
6724	106
6764	106
6768	106
6780	106
6789	106
6795	106
6804	106
6807	106
6834	106
6840	106
6858	106
6865	106
6897	106
6912	106
6918	106
6924	106
6944	106
6945	106
6959	106
6960	106
6964	106
6968	106
6988	106
7000	106
7010	106
7027	106
7036	106
7040	106
7050	106
7055	106
7059	106
7068	106
7085	106
7094	106
7110	106
7130	106
7144	106
7147	106
7148	106
7150	106
7152	106
7162	106
7168	106
7171	106
7195	106
7203	106
7209	106
7220	106
7232	106
7238	106
7239	106
7254	106
7256	106
7270	106
7274	106
7302	106
7308	106
7315	106
7319	106
7321	106
7328	106
7335	106
7336	106
7344	106
7354	106
7363	106
7376	106
7377	106
7403	106
7406	106
7410	106
7412	106
7413	106
7424	106
7433	106
7434	106
7439	106
7442	106
7455	106
7458	106
7520	106
7528	106
7547	106
7590	106
7604	106
7612	106
7628	106
7631	106
7632	106
7636	106
7640	106
7653	106
7681	106
7686	106
7703	106
7704	106
7718	106
7719	106
7720	106
7721	106
7723	106
7732	106
7743	106
7748	106
7755	106
7764	106
7783	106
7801	106
7815	106
7824	106
7854	106
7864	106
7881	106
7884	106
7885	106
7892	106
7893	106
7895	106
7917	106
7921	106
7928	106
7937	106
7939	106
7944	106
7952	106
7960	106
7961	106
7991	106
8002	106
8006	106
8008	106
8012	106
8042	106
8045	106
8047	106
8055	106
8059	106
8068	106
8074	106
8076	106
8084	106
8091	106
8116	106
8121	106
8125	106
8129	106
8130	106
8136	106
8137	106
8153	106
8159	106
8169	106
8191	106
8194	106
8203	106
8215	106
8219	106
8221	106
8222	106
8242	106
8245	106
8254	106
8260	106
8274	106
8275	106
8276	106
8281	106
8287	106
8314	106
8347	106
8353	106
8374	106
8378	106
8380	106
8401	106
8402	106
8404	106
8409	106
8421	106
8435	106
8437	106
8440	106
8441	106
8457	106
8458	106
8474	106
8489	106
8495	106
8497	106
8500	106
8512	106
8525	106
8581	106
8584	106
8586	106
8588	106
8595	106
8627	106
8655	106
8659	106
8673	106
8687	106
8695	106
8697	106
8699	106
8708	106
8710	106
8716	106
8721	106
8722	106
8724	106
8725	106
8738	106
8763	106
8764	106
8767	106
8768	106
8782	106
8801	106
8814	106
8827	106
8829	106
8841	106
8851	106
8862	106
8869	106
8872	106
8885	106
8901	106
8906	106
8907	106
8941	106
8947	106
8980	106
8983	106
8993	106
8997	106
9003	106
9006	106
9023	106
9039	106
9042	106
9050	106
9058	106
9073	106
9092	106
9096	106
9106	106
9115	106
9116	106
9120	106
9131	106
9132	106
9140	106
9152	106
9155	106
9158	106
9163	106
9168	106
9171	106
9177	106
9178	106
9180	106
9184	106
9187	106
9213	106
9215	106
9223	106
9230	106
9238	106
9239	106
9242	106
9246	106
9251	106
9254	106
9264	106
9266	106
9301	106
9310	106
9312	106
9315	106
9322	106
9338	106
9354	106
9362	106
9365	106
9368	106
9376	106
9388	106
9389	106
9394	106
9396	106
9410	106
9415	106
9416	106
9419	106
9422	106
9441	106
9450	106
9451	106
9487	106
9497	106
9498	106
9501	106
9513	106
9519	106
9548	106
9561	106
9563	106
9567	106
9586	106
9587	106
9588	106
9597	106
9599	106
9607	106
9608	106
9611	106
9622	106
9628	106
9631	106
9643	106
9664	106
9677	106
9689	106
9690	106
9692	106
9699	106
9705	106
9721	106
9725	106
9727	106
9739	106
9750	106
9771	106
9772	106
9773	106
9779	106
9780	106
9781	106
9790	106
9808	106
9818	106
9825	106
9841	106
9903	106
9919	106
9923	106
9961	106
9971	106
9977	106
9979	106
9983	106
9986	106
9991	106
9995	106
10005	106
10024	106
10026	106
10033	106
10038	106
10043	106
10050	106
10057	106
10062	106
10085	106
10089	106
10105	106
10106	106
10118	106
10126	106
10129	106
10132	106
10150	106
10159	106
10181	106
10183	106
10194	106
10203	106
10212	106
10219	106
10223	106
10234	106
10257	106
10260	106
10273	106
10283	106
10294	106
10312	106
10338	106
10340	106
10349	106
10355	106
10363	106
10364	106
10365	106
10368	106
10380	106
10386	106
10389	106
10394	106
10397	106
10415	106
10417	106
10447	106
10451	106
10452	106
10461	106
10491	106
10508	106
10522	106
10526	106
10527	106
10529	106
10530	106
10533	106
10538	106
10543	106
10547	106
10557	106
10567	106
10577	106
10586	106
10602	106
10605	106
10607	106
10615	106
10617	106
10619	106
10622	106
10626	106
10669	106
10686	106
10728	106
10737	106
10742	106
10744	106
10757	106
10762	106
10764	106
10773	106
10806	106
10812	106
10823	106
10843	106
10844	106
10848	106
10859	106
10861	106
10889	106
10891	106
10895	106
10901	106
10902	106
10907	106
10918	106
10925	106
10932	106
10943	106
10951	106
10953	106
10959	106
10968	106
10985	106
10988	106
11013	106
11019	106
11026	106
11030	106
11039	106
11043	106
11047	106
11049	106
11066	106
11072	106
11096	106
11107	106
11111	106
11119	106
11127	106
11136	106
11151	106
11160	106
11173	106
11174	106
11177	106
11194	106
11212	106
11227	106
11239	106
11240	106
11269	106
11283	106
11285	106
11294	106
11304	106
11327	106
11332	106
11337	106
11343	106
11344	106
11357	106
11371	106
11378	106
11387	106
11391	106
11394	106
11408	106
11414	106
11423	106
11447	106
11452	106
11453	106
11459	106
11460	106
11470	106
11478	106
11506	106
11510	106
11511	106
11516	106
11528	106
11537	106
11545	106
11619	106
11625	106
11628	106
11633	106
11653	106
11656	106
11658	106
11676	106
11704	106
11718	106
11721	106
11725	106
11733	106
11734	106
11744	106
11747	106
11756	106
11761	106
11766	106
11768	106
11771	106
11780	106
11785	106
11798	106
11800	106
11806	106
11817	106
11824	106
11831	106
11836	106
11838	106
11840	106
11874	106
11883	106
11896	106
11897	106
11908	106
11919	106
11922	106
11940	106
11958	106
11970	106
11984	106
11985	106
11987	106
11988	106
11989	106
11998	106
12016	106
12017	106
12026	106
12051	106
12073	106
12079	106
12104	106
12108	106
12118	106
12135	106
12137	106
12152	106
12155	106
12159	106
12166	106
12183	106
12190	106
12208	106
12219	106
12221	106
12224	106
12231	106
12236	106
12249	106
12257	106
12278	106
12285	106
12293	106
12327	106
12330	106
12332	106
12366	106
12370	106
12376	106
12389	106
12417	106
12434	106
12450	106
12468	106
12487	106
12497	106
12498	106
12507	106
12514	106
12522	106
12531	106
12546	106
12558	106
12573	106
12598	106
12601	106
12603	106
12604	106
12609	106
12626	106
12642	106
12643	106
12649	106
12658	106
12674	106
12682	106
12684	106
12691	106
12695	106
12698	106
12711	106
12712	106
12713	106
12723	106
12733	106
12743	106
12744	106
12748	106
12750	106
12755	106
12775	106
12782	106
12796	106
12806	106
12808	106
12818	106
12825	106
12826	106
12832	106
12839	106
12842	106
12849	106
12851	106
12857	106
12902	106
12905	106
12928	106
12974	106
12998	106
13022	106
13024	106
13031	106
13049	106
13053	106
13058	106
13072	106
13073	106
13080	106
13094	106
13110	106
13114	106
13119	106
13130	106
13139	106
13144	106
13153	106
13157	106
13162	106
13164	106
13165	106
13167	106
13181	106
13209	106
13224	106
13227	106
13244	106
13253	106
13263	106
13274	106
13291	106
13294	106
13297	106
13327	106
13332	106
13340	106
13351	106
13367	106
13368	106
13385	106
13395	106
13403	106
13413	106
13417	106
13426	106
13428	106
13446	106
13454	106
13466	106
13474	106
13486	106
13497	106
13504	106
13513	106
13525	106
13537	106
13538	106
13541	106
13543	106
13550	106
13566	106
13575	106
13577	106
13592	106
13598	106
13600	106
13605	106
13642	106
13658	106
13668	106
13691	106
13697	106
13702	106
13710	106
13720	106
13739	106
13747	106
13753	106
13764	106
13790	106
13804	106
13808	106
13810	106
13815	106
13817	106
13821	106
13836	106
13851	106
13878	106
13890	106
13901	106
13906	106
13928	106
13931	106
13938	106
13940	106
13945	106
13958	106
13961	106
13962	106
13971	106
13976	106
14004	106
14005	106
14010	106
14019	106
14033	106
14054	106
14055	106
14067	106
14070	106
14073	106
14089	106
14090	106
14103	106
14136	106
14164	106
14175	106
14190	106
14194	106
14199	106
14200	106
14201	106
14203	106
14214	106
14215	106
14219	106
14236	106
14238	106
14256	106
14265	106
14281	106
14300	106
14302	106
14326	106
14329	106
14332	106
14344	106
14350	106
14378	106
14380	106
14386	106
14388	106
14390	106
14406	106
14434	106
14436	106
14438	106
14450	106
14467	106
14473	106
14478	106
14481	106
14509	106
14517	106
14520	106
14527	106
14540	106
14556	106
14559	106
14569	106
14604	106
14609	106
14613	106
14624	106
14654	106
14655	106
14669	106
14683	106
14688	106
14696	106
14720	106
14726	106
14734	106
14748	106
14755	106
14760	106
14779	106
14782	106
14795	106
14800	106
14813	106
14821	106
14865	106
14869	106
14874	106
14888	106
14890	106
14903	106
14919	106
14941	106
14951	106
14983	106
14991	106
14997	106
15010	106
15027	106
15030	106
15041	106
15051	106
15053	106
15062	106
15093	106
15102	106
15121	106
15131	106
15138	106
15139	106
15142	106
15153	106
15158	106
15163	106
15168	106
15171	106
15176	106
15180	106
15185	106
15199	106
15219	106
15228	106
15252	106
15254	106
15275	106
15276	106
15292	106
15304	106
15307	106
15316	106
15319	106
15347	106
15366	106
15374	106
15380	106
15386	106
15388	106
15390	106
15392	106
15402	106
15450	106
15458	106
15468	106
15476	106
15486	106
15488	106
15491	106
15504	106
15514	106
15518	106
15538	106
15545	106
15552	106
15556	106
15557	106
15570	106
15587	106
15588	106
15591	106
15602	106
15608	106
15613	106
15621	106
15624	106
15639	106
15649	106
15651	106
15662	106
15672	106
15675	106
15683	106
15685	106
15705	106
15708	106
15733	106
15740	106
15750	106
15751	106
15769	106
15775	106
15792	106
15797	106
15802	106
15809	106
15810	106
15839	106
15845	106
15846	106
15849	106
15861	106
15864	106
15872	106
15888	106
15903	106
15905	106
15910	106
15930	106
15931	106
15946	106
15947	106
15953	106
15958	106
15969	106
15976	106
16013	106
16015	106
16024	106
16035	106
16059	106
16074	106
16083	106
16085	106
16122	106
16160	106
16168	106
16172	106
16175	106
16181	106
16184	106
16185	106
16186	106
16219	106
16220	106
16232	106
16244	106
16261	106
16263	106
16270	106
16271	106
16272	106
16275	106
16278	106
16283	106
16296	106
16299	106
16315	106
16326	106
16329	106
16337	106
16346	106
16360	106
16368	106
16395	106
16402	106
16429	106
16455	106
16464	106
16474	106
16488	106
16495	106
16497	106
16508	106
16521	106
16538	106
16541	106
16549	106
16554	106
16562	106
16568	106
16569	106
16570	106
16575	106
16584	106
16585	106
16596	106
16599	106
16602	106
16616	106
16622	106
16627	106
16641	106
16648	106
16652	106
16657	106
16658	106
16660	106
16663	106
16672	106
16674	106
16676	106
16678	106
16682	106
16685	106
16688	106
16704	106
16718	106
16727	106
16730	106
16735	106
16764	106
16766	106
16768	106
16772	106
16776	106
16798	106
16802	106
16812	106
16819	106
16821	106
16840	106
16846	106
16850	106
16875	106
16892	106
16895	106
16912	106
16925	106
16927	106
16949	106
16953	106
16963	106
16976	106
16978	106
16981	106
16982	106
16988	106
16989	106
16990	106
17018	106
17039	106
17046	106
17059	106
17082	106
17084	106
17092	106
17109	106
17115	106
17118	106
17119	106
17128	106
17130	106
17141	106
17148	106
17155	106
17158	106
17177	106
17181	106
17183	106
17200	106
17212	106
17213	106
17218	106
17221	106
17224	106
17230	106
17233	106
17234	106
17243	106
17247	106
17258	106
17281	106
17291	106
17294	106
17297	106
17319	106
17324	106
17328	106
17329	106
17333	106
17342	106
17345	106
17351	106
17356	106
17376	106
17386	106
17390	106
17401	106
17410	106
17412	106
17418	106
17434	106
17436	106
17451	106
17453	106
17461	106
17462	106
17466	106
17469	106
17481	106
17489	106
17508	106
17510	106
17529	106
17540	106
17542	106
17559	106
17588	106
17593	106
17600	106
17605	106
17621	106
17638	106
17654	106
17698	106
17708	106
17721	106
17736	106
17740	106
17741	106
17764	106
17765	106
17770	106
17784	106
17791	106
17813	106
17826	106
17833	106
17845	106
17871	106
17881	106
17887	106
17898	106
17918	106
17920	106
17927	106
17935	106
17936	106
17957	106
17965	106
17966	106
17992	106
18001	106
18016	106
18018	106
18022	106
18026	106
18028	106
18030	106
18038	106
18047	106
18070	106
18098	106
18121	106
18128	106
18136	106
18148	106
18156	106
18161	106
18162	106
18190	106
18228	106
18232	106
18243	106
18247	106
18251	106
18259	106
18270	106
18283	106
18292	106
18298	106
18330	106
18353	106
18357	106
18363	106
18366	106
18371	106
18373	106
18383	106
18392	106
18413	106
18415	106
18419	106
18431	106
18445	106
18449	106
18463	106
18479	106
18493	106
18508	106
18511	106
18517	106
18556	106
18574	106
18578	106
18583	106
18594	106
18601	106
18607	106
18621	106
18624	106
18627	106
18643	106
18664	106
18665	106
18676	106
18677	106
18679	106
18682	106
18689	106
18697	106
18701	106
18705	106
18716	106
18722	106
18740	106
18757	106
18759	106
18761	106
18764	106
18766	106
18799	106
18804	106
18811	106
18825	106
18826	106
18827	106
18830	106
18838	106
18841	106
18846	106
18849	106
18859	106
18860	106
18867	106
18880	106
18893	106
18907	106
18910	106
18912	106
18922	106
18935	106
18957	106
18975	106
18978	106
18994	106
18997	106
19016	106
19031	106
19040	106
19046	106
19063	106
19082	106
19094	106
19109	106
19112	106
19118	106
19120	106
19122	106
19127	106
19135	106
19138	106
19217	106
19218	106
19240	106
19251	106
19256	106
19260	106
19277	106
19279	106
19285	106
19286	106
19295	106
19298	106
19300	106
19324	106
19330	106
19347	106
19369	106
19374	106
19376	106
19391	106
19404	106
19410	106
19421	106
19422	106
19444	106
19450	106
19463	106
19474	106
19475	106
19488	106
19489	106
19494	106
19497	106
19499	106
19503	106
19537	106
19542	106
19570	106
19573	106
19578	106
19581	106
19582	106
19591	106
19629	106
19635	106
19642	106
19657	106
19673	106
19674	106
19693	106
19702	106
19709	106
19739	106
19764	106
19767	106
19777	106
19795	106
19796	106
19803	106
19821	106
19824	106
19847	106
19848	106
19859	106
19862	106
19863	106
19883	106
19886	106
19893	106
19896	106
19900	106
19906	106
19911	106
19919	106
19921	106
19931	106
19932	106
19941	106
19964	106
19972	106
20008	106
20014	106
20025	106
20040	106
20070	106
20072	106
20077	106
20082	106
20083	106
20086	106
20091	106
20093	106
20105	106
20107	106
20118	106
20142	106
20149	106
20151	106
20155	106
20160	106
20165	106
20166	106
20174	106
20176	106
20184	106
20195	106
20208	106
20209	106
20212	106
20222	106
20226	106
20232	106
20249	106
20267	106
20273	106
20274	106
20276	106
20284	106
20287	106
20311	106
20363	106
20375	106
20379	106
20385	106
20389	106
20398	106
20402	106
20427	106
20434	106
20464	106
20469	106
20470	106
20472	106
20480	106
20485	106
20488	106
20493	106
20505	106
20516	106
20522	106
20527	106
20529	106
20539	106
20542	106
20545	106
20547	106
20554	106
20560	106
20564	106
20566	106
20570	106
20577	106
20599	106
20612	106
20620	106
20622	106
20628	106
20636	106
20647	106
20656	106
20657	106
20659	106
20680	106
20686	106
20691	106
20704	106
20709	106
20724	106
20732	106
20740	106
20745	106
20765	106
20774	106
20795	106
20805	106
20807	106
20828	106
20854	106
20868	106
20877	106
20927	106
20941	106
20950	106
20957	106
20959	106
20963	106
20964	106
20982	106
20984	106
20991	106
20997	106
21007	106
21011	106
21016	106
21020	106
21026	106
21033	106
21044	106
21051	106
21068	106
21072	106
21075	106
21099	106
21109	106
21114	106
21141	106
21147	106
21153	106
21168	106
21187	106
21212	106
21220	106
21229	106
21246	106
21281	106
21283	106
21284	106
21288	106
21289	106
21293	106
21294	106
21295	106
21298	106
21304	106
21318	106
21322	106
21328	106
21344	106
21357	106
21368	106
21372	106
21389	106
21390	106
21407	106
21418	106
21438	106
21444	106
21453	106
21454	106
21478	106
21484	106
21556	106
21557	106
21561	106
21563	106
21565	106
21570	106
21578	106
21612	106
21626	106
21643	106
21661	106
21662	106
21669	106
21682	106
21683	106
21684	106
21705	106
21713	106
21716	106
21720	106
21721	106
21728	106
21733	106
21742	106
21748	106
21749	106
21754	106
21783	106
21785	106
21797	106
21799	106
21817	106
21824	106
21839	106
21869	106
21871	106
21873	106
21895	106
21907	106
21908	106
21911	106
21914	106
21923	106
21929	106
21949	106
21964	106
21966	106
21967	106
21969	106
21973	106
21976	106
21977	106
21978	106
21982	106
22002	106
22017	106
22021	106
22050	106
22076	106
22088	106
22090	106
22110	106
22113	106
22122	106
22124	106
22137	106
22160	106
22162	106
22168	106
22181	106
22209	106
22217	106
22239	106
22248	106
22278	106
22292	106
22323	106
22358	106
22402	106
22443	106
22461	106
22463	106
22477	106
22481	106
22488	106
22495	106
22496	106
22499	106
22500	106
22547	106
22550	106
22552	106
22558	106
22561	106
22573	106
22580	106
22599	106
22629	106
22641	106
22645	106
22660	106
22673	106
22683	106
22685	106
22697	106
22716	106
22738	106
22742	106
22757	106
22758	106
22779	106
22792	106
22804	106
22807	106
22809	106
22814	106
22815	106
22837	106
22841	106
22848	106
22854	106
22855	106
22867	106
22880	106
22891	106
22897	106
22908	106
22914	106
22921	106
22962	106
22966	106
22977	106
22978	106
22980	106
22989	106
22992	106
23003	106
23024	106
23025	106
23027	106
23029	106
23032	106
23068	106
23078	106
23079	106
23083	106
23084	106
23106	106
23139	106
23145	106
23148	106
23149	106
23164	106
23168	106
23174	106
23177	106
23191	106
23199	106
23277	106
23285	106
23303	106
23304	106
23311	106
23312	106
23313	106
23319	106
23340	106
23343	106
23357	106
23372	106
23394	106
23402	106
23404	106
23408	106
23414	106
23426	106
23452	106
23457	106
23458	106
23481	106
23495	106
23518	106
23527	106
23538	106
23542	106
23566	106
23576	106
23588	106
23605	106
23613	106
23614	106
23615	106
23618	106
23626	106
23636	106
23639	106
23684	106
23716	106
23720	106
23722	106
23724	106
23730	106
23732	106
23734	106
23737	106
23740	106
23741	106
23745	106
23749	106
23757	106
23760	106
23769	106
23773	106
23775	106
23776	106
23790	106
23792	106
23793	106
23800	106
23824	106
23829	106
23861	106
23867	106
23876	106
23878	106
23891	106
23905	106
23913	106
23920	106
23932	106
23940	106
23941	106
23942	106
23950	106
23951	106
23956	106
23959	106
23963	106
23969	106
23984	106
24008	106
24017	106
24023	106
24030	106
24034	106
24044	106
24067	106
24072	106
24074	106
24084	106
24086	106
24087	106
24093	106
24098	106
24122	106
24127	106
24137	106
24140	106
24143	106
24146	106
24147	106
24154	106
24176	106
24201	106
24209	106
24224	106
24228	106
24236	106
24307	106
24308	106
24349	106
24355	106
24365	106
24374	106
24382	106
24384	106
24421	106
24433	106
24446	106
24447	106
24451	106
24467	106
24469	106
24479	106
24482	106
24483	106
24518	106
24527	106
24529	106
24533	106
24554	106
24558	106
24560	106
24564	106
24572	106
24582	106
24590	106
24631	106
24635	106
24640	106
24642	106
24657	106
24663	106
24683	106
24685	106
24700	106
24706	106
24712	106
24719	106
24730	106
24739	106
24743	106
24746	106
24753	106
24757	106
24775	106
24779	106
24792	106
24800	106
24817	106
24829	106
24830	106
24831	106
24836	106
24845	106
24855	106
24859	106
24878	106
24887	106
24900	106
24912	106
24913	106
24914	106
24917	106
24920	106
24924	106
24926	106
24944	106
24965	106
24989	106
24993	106
24997	106
25007	106
25017	106
25018	106
25042	106
25056	106
25057	106
25064	106
25068	106
25071	106
25081	106
25083	106
25097	106
25099	106
25108	106
25110	106
25128	106
25143	106
25153	106
25154	106
25155	106
25167	106
25180	106
25181	106
25189	106
25217	106
25243	106
25254	106
25261	106
25267	106
25273	106
25281	106
25284	106
25296	106
25330	106
25345	106
25346	106
25348	106
25369	106
25377	106
25426	106
25428	106
25441	106
25442	106
25444	106
25450	106
25470	106
25514	106
25516	106
25520	106
25535	106
25539	106
25546	106
25568	106
25580	106
25581	106
25591	106
25600	106
25603	106
25609	106
25615	106
25627	106
25637	106
25666	106
25691	106
25711	106
25715	106
25722	106
25727	106
25754	106
25764	106
25766	106
25779	106
25782	106
25783	106
25789	106
25790	106
25793	106
25798	106
25803	106
25804	106
25806	106
25820	106
25823	106
25831	106
25834	106
25841	106
25854	106
25888	106
25917	106
25956	106
25961	106
25987	106
25996	106
26012	106
26029	106
26041	106
26050	106
26051	106
26059	106
26066	106
26067	106
26070	106
26085	106
26095	106
26097	106
26116	106
26133	106
26142	106
26146	106
26156	106
26170	106
26186	106
26196	106
26222	106
26226	106
26230	106
26240	106
26247	106
26257	106
26258	106
26262	106
26267	106
26272	106
26274	106
26277	106
26288	106
26292	106
26293	106
26297	106
26302	106
26323	106
26336	106
26340	106
26352	106
26354	106
26358	106
26360	106
26369	106
26383	106
26387	106
26388	106
26401	106
26420	106
26432	106
26434	106
26458	106
26461	106
26470	106
26484	106
26495	106
26498	106
26518	106
26526	106
26587	106
26589	106
26592	106
26600	106
26603	106
26610	106
26614	106
26615	106
26616	106
26629	106
26631	106
26643	106
26646	106
26648	106
26668	106
26691	106
26697	106
26699	106
26730	106
26746	106
26747	106
26751	106
26763	106
26778	106
26780	106
26784	106
26785	106
26799	106
26804	106
26805	106
26809	106
26812	106
26819	106
26820	106
26837	106
26856	106
26863	106
26901	106
26904	106
26910	106
26915	106
26930	106
26937	106
26944	106
26958	106
26962	106
26965	106
26967	106
26972	106
26990	106
26995	106
27019	106
27028	106
27030	106
27032	106
27036	106
27043	106
27060	106
27062	106
27075	106
27086	106
27102	106
27125	106
27129	106
27130	106
27149	106
27153	106
27160	106
27163	106
27184	106
27185	106
27208	106
27211	106
27278	106
27286	106
27291	106
27303	106
27309	106
27312	106
27317	106
27320	106
27324	106
27334	106
27350	106
27371	106
27372	106
27378	106
27383	106
27384	106
27395	106
27402	106
27409	106
27420	106
27437	106
27438	106
27453	106
27462	106
27469	106
27481	106
27489	106
27491	106
27500	106
27513	106
27519	106
27520	106
27524	106
27525	106
27529	106
27531	106
27534	106
27540	106
27544	106
27553	106
27554	106
27563	106
27564	106
27571	106
27572	106
27575	106
27590	106
27606	106
27612	106
27619	106
27623	106
27630	106
27632	106
27648	106
27655	106
27668	106
27684	106
27685	106
27693	106
27716	106
27740	106
27754	106
27762	106
27763	106
27766	106
27768	106
27788	106
27792	106
27802	106
27804	106
27805	106
27815	106
27825	106
27841	106
27855	106
27872	106
27874	106
27880	106
27903	106
27908	106
27913	106
27919	106
27921	106
27926	106
27935	106
27976	106
27982	106
28006	106
28026	106
28028	106
28033	106
28034	106
28037	106
28050	106
28069	106
28070	106
28078	106
28089	106
28092	106
28108	106
28115	106
28116	106
28144	106
28175	106
28186	106
28190	106
28195	106
28201	106
28212	106
28228	106
28230	106
28234	106
28249	106
28252	106
28262	106
28266	106
28281	106
28294	106
28306	106
28318	106
28324	106
28327	106
28335	106
28350	106
28384	106
28386	106
28391	106
28398	106
28399	106
28423	106
28426	106
28451	106
28453	106
28459	106
28460	106
28484	106
28487	106
28503	106
28518	106
28522	106
28533	106
28555	106
28558	106
28564	106
28574	106
28590	106
28632	106
28651	106
28673	106
28701	106
28704	106
28711	106
28734	106
28736	106
28742	106
28752	106
28765	106
28766	106
28777	106
28786	106
28790	106
28798	106
28815	106
28821	106
28831	106
28841	106
28853	106
28855	106
28860	106
28863	106
28883	106
28897	106
28924	106
28932	106
28942	106
28969	106
28984	106
28986	106
29004	106
29005	106
29007	106
29015	106
29016	106
29022	106
29023	106
29032	106
29048	106
29055	106
29058	106
29065	106
29091	106
29097	106
29100	106
29103	106
29104	106
29107	106
29112	106
29113	106
29118	106
29119	106
29145	106
29171	106
29183	106
29184	106
29206	106
29241	106
29251	106
29266	106
29271	106
29296	106
29297	106
29304	106
29311	106
29313	106
29320	106
29322	106
29333	106
29334	106
29340	106
29346	106
29367	106
29369	106
29371	106
29372	106
29376	106
29393	106
29398	106
29414	106
29417	106
29420	106
29426	106
29448	106
29460	106
29464	106
29473	106
29475	106
29477	106
29485	106
29498	106
29506	106
29508	106
29521	106
29531	106
29544	106
29568	106
29581	106
29582	106
29603	106
29618	106
29628	106
29642	106
29669	106
29672	106
29679	106
29683	106
29690	106
29692	106
29698	106
29704	106
29709	106
29736	106
29738	106
29744	106
29768	106
29769	106
29771	106
29783	106
29798	106
29800	106
29839	106
29845	106
29857	106
29863	106
29866	106
29869	106
29880	106
29881	106
29883	106
29893	106
29896	106
29898	106
29901	106
29908	106
29915	106
29925	106
29944	106
29954	106
29957	106
29961	106
29963	106
29964	106
29966	106
29984	106
29986	106
30004	106
30009	106
30022	106
30030	106
30031	106
30042	106
30043	106
30045	106
30070	106
30071	106
30073	106
30076	106
30139	106
30140	106
30161	106
30176	106
30177	106
30181	106
30185	106
30200	106
30205	106
30206	106
30208	106
30210	106
30225	106
30247	106
30268	106
30272	106
30282	106
30303	106
30305	106
30308	106
30312	106
30313	106
30321	106
30328	106
30330	106
30342	106
30348	106
30370	106
30389	106
30431	106
30435	106
30456	106
30465	106
30484	106
30490	106
30493	106
30542	106
30555	106
30556	106
30557	106
30560	106
30571	106
30622	106
30628	106
30653	106
30658	106
30676	106
30679	106
30681	106
30749	106
30752	106
30756	106
30766	106
30767	106
30805	106
30809	106
30815	106
30818	106
30825	106
30829	106
30849	106
30862	106
30877	106
30878	106
30885	106
30891	106
30900	106
30901	106
30902	106
30914	106
30918	106
30924	106
30926	106
30929	106
30933	106
30941	106
30945	106
30955	106
30960	106
30977	106
30985	106
31009	106
31031	106
31043	106
31045	106
31048	106
31097	106
31104	106
31111	106
31128	106
31134	106
31135	106
31137	106
31153	106
31163	106
31228	106
31230	106
31245	106
31258	106
31266	106
31267	106
31277	106
31284	106
31293	106
31301	106
31314	106
31328	106
31343	106
31366	106
31369	106
31386	106
31411	106
31415	106
31421	106
31435	106
31480	106
31483	106
31486	106
31508	106
31515	106
31521	106
31526	106
31545	106
31581	106
31587	106
31605	106
31606	106
31626	106
31631	106
31644	106
31645	106
31649	106
31675	106
31677	106
31678	106
31679	106
31694	106
31697	106
31706	106
31714	106
31727	106
31730	106
31734	106
31736	106
31744	106
31749	106
31758	106
31768	106
31771	106
31776	106
31790	106
31815	106
31818	106
31831	106
31856	106
31858	106
31864	106
31891	106
31892	106
31925	106
31927	106
31936	106
31959	106
31981	106
31985	106
31989	106
32031	106
32039	106
32050	106
32051	106
32052	106
32080	106
32081	106
32082	106
32091	106
32094	106
32103	106
32115	106
32122	106
32124	106
32129	106
32146	106
32154	106
32158	106
32173	106
32185	106
32186	106
32201	106
32206	106
32214	106
32235	106
32252	106
32255	106
32258	106
32270	106
32289	106
32295	106
32300	106
32308	106
32314	106
32320	106
32325	106
32363	106
32379	106
32394	106
32397	106
32404	106
32423	106
32431	106
32433	106
32443	106
32453	106
32462	106
32467	106
32470	106
32474	106
32481	106
32487	106
32490	106
32496	106
32508	106
32515	106
32531	106
32545	106
32569	106
32574	106
32586	106
32587	106
32592	106
32600	106
32611	106
32623	106
32627	106
32637	106
32643	106
32649	106
32660	106
32667	106
32680	106
32681	106
32689	106
32715	106
32720	106
32724	106
32733	106
32737	106
32762	106
32779	106
32784	106
32787	106
32793	106
32796	106
32799	106
32805	106
32807	106
32811	106
32816	106
32819	106
32823	106
32824	106
32834	106
32842	106
32844	106
32848	106
32902	106
32911	106
32947	106
32948	106
32974	106
32999	106
33011	106
33013	106
33022	106
33036	106
33080	106
33082	106
33097	106
33107	106
33110	106
33121	106
33126	106
33128	106
33137	106
33138	106
33144	106
33159	106
33164	106
33176	106
33182	106
33185	106
33187	106
33202	106
33215	106
33221	106
33234	106
33236	106
33243	106
33263	106
33274	106
33308	106
33309	106
33320	106
33327	106
33330	106
33344	106
33351	106
33362	106
33374	106
33377	106
33411	106
33418	106
33423	106
33436	106
33437	106
33457	106
33458	106
33462	106
33474	106
33476	106
33495	106
33512	106
33524	106
33537	106
33545	106
33554	106
33569	106
33570	106
33573	106
33586	106
33590	106
33606	106
33624	106
33625	106
33626	106
33641	106
33646	106
33653	106
33654	106
33656	106
33660	106
33667	106
33673	106
33697	106
33700	106
33702	106
33715	106
33720	106
33732	106
33746	106
33749	106
33751	106
33761	106
33804	106
33808	106
33817	106
33819	106
33827	106
33843	106
33858	106
33867	106
33870	106
33879	106
33885	106
33893	106
33896	106
33907	106
33908	106
33909	106
33913	106
33914	106
33944	106
33947	106
33957	106
33972	106
33982	106
33984	106
33998	106
34010	106
34019	106
34021	106
34043	106
34058	106
34073	106
34076	106
34096	106
34110	106
34114	106
34132	106
34145	106
34159	106
34171	106
34183	106
34185	106
34193	106
34196	106
34197	106
34200	106
34204	106
34205	106
34207	106
34214	106
34216	106
34225	106
34226	106
34264	106
34272	106
34282	106
34283	106
34285	106
34314	106
34315	106
34332	106
34350	106
34351	106
34354	106
34366	106
34370	106
34375	106
34376	106
34383	106
34394	106
34401	106
34419	106
34429	106
34435	106
34448	106
34452	106
34453	106
34460	106
34505	106
34561	106
34562	106
34565	106
34609	106
34610	106
34619	106
34635	106
34642	106
34652	106
34676	106
34690	106
34694	106
34707	106
34712	106
34718	106
34735	106
34743	106
34747	106
34759	106
34761	106
34769	106
34773	106
34783	106
34792	106
34798	106
34812	106
34826	106
34831	106
34833	106
34834	106
34872	106
34877	106
34883	106
34935	106
34947	106
35000	106
35023	106
35030	106
35046	106
35057	106
35081	106
35084	106
35087	106
35090	106
35095	106
35110	106
35123	106
35133	106
35139	106
35159	106
35175	106
35197	106
35223	106
35226	106
35228	106
35230	106
35234	106
35238	106
35241	106
35244	106
35258	106
35260	106
35267	106
35271	106
35317	106
35320	106
35329	106
35331	106
35347	106
35352	106
35354	106
35356	106
35370	106
35383	106
35400	106
35401	106
35418	106
35435	106
35436	106
35444	106
35467	106
35468	106
35473	106
35477	106
35490	106
35507	106
35527	106
35538	106
35543	106
35547	106
35550	106
35571	106
35573	106
35581	106
35584	106
35585	106
35586	106
35592	106
35593	106
35629	106
35632	106
35651	106
35652	106
35656	106
35657	106
35658	106
35670	106
35673	106
35674	106
35679	106
35688	106
35692	106
35699	106
35701	106
35710	106
35732	106
35737	106
35739	106
35747	106
35749	106
35754	106
35757	106
35777	106
35779	106
35782	106
35783	106
35799	106
35818	106
35844	106
35866	106
35876	106
35883	106
35900	106
35902	106
35932	106
35936	106
35950	106
35953	106
35979	106
35980	106
35983	106
35986	106
35998	106
36001	106
36011	106
36040	106
36070	106
36091	106
36111	106
36112	106
36119	106
36125	106
36135	106
36136	106
36147	106
36149	106
36157	106
36178	106
36179	106
36180	106
36188	106
36202	106
36213	106
36214	106
36220	106
36221	106
36227	106
36235	106
36241	106
36259	106
36263	106
36265	106
36279	106
36296	106
36308	106
36315	106
36332	106
36337	106
36346	106
36348	106
36350	106
36359	106
36360	106
36373	106
36393	106
36403	106
36416	106
36424	106
36432	106
36437	106
36439	106
36455	106
36460	106
36464	106
36472	106
36473	106
36477	106
36482	106
36487	106
36513	106
36528	106
36529	106
36532	106
36560	106
36565	106
36567	106
36573	106
36581	106
36585	106
36595	106
36642	106
36643	106
36648	106
36661	106
36688	106
36694	106
36708	106
36713	106
36721	106
36726	106
36734	106
36736	106
36749	106
36750	106
36769	106
36774	106
36775	106
36778	106
36781	106
36784	106
36798	106
36835	106
36850	106
36888	106
36905	106
36906	106
36907	106
36919	106
36924	106
36927	106
36949	106
36952	106
36957	106
36971	106
36981	106
36985	106
36987	106
37000	106
37014	106
37020	106
37033	106
37050	106
37057	106
37065	106
37073	106
37076	106
37081	106
37088	106
37094	106
37096	106
37098	106
37117	106
37120	106
37128	106
37134	106
37143	106
37155	106
37163	106
37170	106
37175	106
37177	106
37236	106
37240	106
37248	106
37253	106
37276	106
37282	106
37283	106
37285	106
37289	106
37313	106
37333	106
37335	106
37338	106
37342	106
37355	106
37366	106
37373	106
37374	106
37377	106
37408	106
37415	106
37447	106
37448	106
37450	106
37451	106
37459	106
37466	106
37473	106
37493	106
37500	106
37502	106
37517	106
37519	106
37539	106
37549	106
37552	106
37554	106
37565	106
37585	106
37595	106
37602	106
37605	106
37609	106
37621	106
37640	106
37641	106
37642	106
37655	106
37668	106
37672	106
37674	106
37686	106
37688	106
37703	106
37735	106
37781	106
37782	106
37793	106
37804	106
37824	106
37834	106
37835	106
37836	106
37841	106
37847	106
37850	106
37852	106
37855	106
37857	106
37882	106
37888	106
37896	106
37900	106
37915	106
37916	106
37923	106
37926	106
37946	106
37969	106
37971	106
37974	106
37986	106
38013	106
38028	106
38032	106
38039	106
38048	106
38052	106
38057	106
38072	106
38073	106
38076	106
38093	106
38108	106
38117	106
38123	106
38125	106
38131	106
38132	106
38149	106
38165	106
38169	106
38183	106
38195	106
38199	106
38203	106
38205	106
38208	106
38215	106
38220	106
38229	106
38235	106
38236	106
38255	106
38260	106
38266	106
38272	106
38285	106
38293	106
38304	106
38317	106
38323	106
38328	106
38332	106
38335	106
38341	106
38342	106
38348	106
38350	106
38356	106
38359	106
38370	106
38386	106
38391	106
38393	106
38394	106
38397	106
38405	106
38426	106
38428	106
38442	106
38451	106
38458	106
38461	106
38462	106
38467	106
38472	106
38473	106
38480	106
38481	106
38486	106
38490	106
38504	106
38512	106
38513	106
38522	106
38524	106
38538	106
38541	106
38554	106
38557	106
38558	106
38570	106
38575	106
38580	106
38622	106
38632	106
38662	106
38663	106
38665	106
38671	106
38679	106
38684	106
38694	106
38700	106
38701	106
38703	106
38713	106
38725	106
38743	106
38748	106
38770	106
38801	106
38802	106
38803	106
38818	106
38848	106
38865	106
38891	106
38894	106
38902	106
38927	106
38930	106
38944	106
38954	106
38993	106
39037	106
39059	106
39061	106
39063	106
39068	106
39072	106
39077	106
39091	106
39112	106
39118	106
39126	106
39128	106
39137	106
39158	106
39175	106
39186	106
39208	106
39215	106
39225	106
39245	106
39272	106
39277	106
39279	106
39280	106
39281	106
39284	106
39293	106
39297	106
39299	106
39329	106
39344	106
39347	106
39369	106
39370	106
39393	106
39396	106
39399	106
39402	106
39426	106
39430	106
39436	106
39441	106
39448	106
39458	106
39463	106
39479	106
39489	106
39505	106
39506	106
39510	106
39513	106
39524	106
39533	106
39557	106
39558	106
39560	106
39564	106
39571	106
39572	106
39591	106
39601	106
39621	106
39634	106
39654	106
39656	106
39668	106
39673	106
39676	106
39687	106
39724	106
39727	106
39733	106
39741	106
39779	106
39781	106
39811	106
39843	106
39847	106
39860	106
39885	106
39889	106
39899	106
39903	106
39912	106
39924	106
39938	106
39950	106
39953	106
39965	106
39967	106
39971	106
39978	106
39980	106
39986	106
39990	106
39993	106
39996	106
39997	106
40001	106
40017	106
40025	106
40038	106
40039	106
40044	106
40046	106
40062	106
40063	106
40071	106
40081	106
40087	106
40089	106
40091	106
40101	106
40109	106
40121	106
40133	106
40147	106
40149	106
40158	106
40172	106
40183	106
40185	106
40186	106
40206	106
40208	106
40218	106
40225	106
40237	106
40243	106
40248	106
40252	106
40254	106
40256	106
40258	106
40260	106
40263	106
40266	106
40278	106
40280	106
40288	106
40290	106
40294	106
40312	106
40321	106
40322	106
40342	106
40359	106
40367	106
40373	106
40383	106
40386	106
40390	106
40395	106
40396	106
40429	106
40453	106
40486	106
40508	106
40515	106
40519	106
40542	106
40550	106
40556	106
40557	106
40592	106
40605	106
40608	106
40611	106
40621	106
40622	106
40631	106
40633	106
40647	106
40648	106
40661	106
40664	106
40677	106
40683	106
40705	106
40721	106
40775	106
40789	106
40800	106
40802	106
40814	106
40815	106
40834	106
40861	106
40866	106
40868	106
40873	106
40874	106
40883	106
40896	106
40898	106
40902	106
40907	106
40921	106
40923	106
40935	106
40949	106
40959	106
40961	106
40977	106
40985	106
40995	106
40999	106
41003	106
41015	106
41018	106
41029	106
41035	106
41057	106
41091	106
41102	106
41121	106
41132	106
41166	106
41184	106
41198	106
41200	106
41206	106
41224	106
41236	106
41238	106
41240	106
41243	106
41256	106
41263	106
41264	106
41277	106
41293	106
41296	106
41301	106
41313	106
41332	106
41336	106
41352	106
41354	106
41360	106
41361	106
41368	106
41374	106
41388	106
41393	106
41395	106
41398	106
41407	106
41410	106
41416	106
41419	106
41421	106
41422	106
41424	106
41428	106
41433	106
41439	106
41450	106
41470	106
41489	106
41494	106
41514	106
41516	106
41517	106
41520	106
41527	106
41528	106
41546	106
41556	106
41557	106
41564	106
41569	106
41572	106
41599	106
41604	106
41608	106
41611	106
41612	106
41617	106
41618	106
41630	106
41632	106
41649	106
41654	106
41664	106
41677	106
41694	106
41696	106
41721	106
41729	106
41734	106
41759	106
41770	106
41776	106
41777	106
41793	106
41837	106
41840	106
41863	106
41879	106
41904	106
41921	106
41924	106
41929	106
41967	106
41970	106
41977	106
41983	106
41987	106
42013	106
42035	106
42050	106
42053	106
42067	106
42101	106
42104	106
42122	106
42127	106
42143	106
42147	106
42154	106
42157	106
42164	106
42173	106
42174	106
42182	106
42183	106
42192	106
42211	106
42212	106
42215	106
42218	106
42220	106
42228	106
42251	106
42254	106
42272	106
42293	106
42294	106
42297	106
42307	106
42319	106
42320	106
42332	106
42337	106
42344	106
42366	106
42377	106
42397	106
42409	106
42413	106
42414	106
42417	106
42418	106
42422	106
42425	106
42427	106
42458	106
42461	106
42475	106
42485	106
42515	106
42536	106
42551	106
42554	106
42559	106
42563	106
42579	106
42584	106
42589	106
42597	106
42613	106
42618	106
42630	106
42638	106
42652	106
42660	106
42661	106
42666	106
42685	106
42687	106
42700	106
42711	106
42729	106
42750	106
42769	106
42784	106
42788	106
42793	106
42798	106
42813	106
42826	106
42830	106
42833	106
42842	106
42845	106
42851	106
42865	106
42867	106
42868	106
42881	106
42891	106
42930	106
42932	106
42938	106
42949	106
42963	106
42964	106
42975	106
42977	106
42983	106
42990	106
42993	106
42995	106
43009	106
43019	106
43025	106
43035	106
43039	106
43071	106
43078	106
43085	106
43107	106
43115	106
43124	106
43129	106
43144	106
43168	106
43193	106
43194	106
43200	106
43219	106
43222	106
43225	106
43238	106
43240	106
43245	106
43287	106
43290	106
43292	106
43300	106
43302	106
43311	106
43319	106
43326	106
43353	106
43355	106
43370	106
43375	106
43378	106
43388	106
43391	106
43396	106
43399	106
43402	106
43433	106
43440	106
43444	106
43450	106
43454	106
43468	106
43474	106
43486	106
43488	106
43505	106
43509	106
43511	106
43514	106
43521	106
43541	106
43546	106
43550	106
43551	106
43556	106
43566	106
43569	106
43570	106
43574	106
43601	106
43605	106
43616	106
43619	106
43632	106
43670	106
43679	106
43685	106
43688	106
43699	106
43703	106
43706	106
43714	106
43716	106
43719	106
43722	106
43728	106
43731	106
43752	106
43762	106
43765	106
43770	106
43773	106
43774	106
43782	106
43790	106
43798	106
43800	106
43815	106
43821	106
43857	106
43860	106
43864	106
43865	106
43871	106
43879	106
43880	106
43886	106
43891	106
43901	106
43905	106
43913	106
43932	106
43959	106
43967	106
43968	106
43978	106
43987	106
43991	106
43994	106
43998	106
44003	106
44008	106
44019	106
44027	106
44031	106
44041	106
44050	106
44052	106
44088	106
44128	106
44131	106
44133	106
44164	106
44170	106
44177	106
44178	106
44181	106
44182	106
44205	106
44234	106
44251	106
44252	106
44254	106
44263	106
44267	106
44268	106
44280	106
44309	106
44315	106
44335	106
44348	106
44359	106
44361	106
44366	106
44367	106
44370	106
44371	106
44377	106
44378	106
44390	106
44392	106
44400	106
44409	106
44417	106
44438	106
44465	106
44515	106
44526	106
44533	106
44541	106
44573	106
44583	106
44587	106
44594	106
44598	106
44602	106
44611	106
44625	106
44646	106
44652	106
44655	106
44661	106
44676	106
44686	106
44688	106
44707	106
44719	106
44755	106
44760	106
44776	106
44780	106
44811	106
44812	106
44816	106
44822	106
44824	106
44830	106
44870	106
44877	106
44886	106
44904	106
44926	106
44932	106
44943	106
44948	106
44950	106
44952	106
44962	106
44993	106
45001	106
45020	106
45030	106
45031	106
45035	106
45048	106
45053	106
45057	106
45077	106
45099	106
45111	106
45123	106
45134	106
45137	106
45154	106
45158	106
45195	106
45197	106
45202	106
45205	106
45207	106
45214	106
45221	106
45225	106
45235	106
45240	106
45243	106
45265	106
45285	106
45300	106
45316	106
45317	106
45321	106
45327	106
45331	106
45341	106
45342	106
45369	106
45400	106
45402	106
45435	106
45442	106
45449	106
45459	106
45494	106
45505	106
45508	106
45518	106
45534	106
45557	106
45568	106
45571	106
45575	106
45579	106
45582	106
45588	106
45598	106
45603	106
45624	106
45638	106
45639	106
45642	106
45646	106
45655	106
45656	106
45660	106
45667	106
45668	106
45672	106
45687	106
45690	106
45701	106
45711	106
45723	106
45727	106
45734	106
45735	106
45737	106
45742	106
45752	106
45762	106
45763	106
45767	106
45771	106
45772	106
45788	106
45792	106
45804	106
45809	106
45832	106
45838	106
45857	106
45858	106
45865	106
45872	106
45880	106
45881	106
45901	106
45914	106
45924	106
45925	106
45938	106
45943	106
45952	106
45953	106
45981	106
45984	106
46005	106
46009	106
46016	106
46017	106
46046	106
46047	106
46056	106
46068	106
46095	106
46135	106
46145	106
46159	106
46167	106
46194	106
46199	106
46210	106
46214	106
46234	106
46236	106
46242	106
46257	106
46258	106
46263	106
46275	106
46291	106
46303	106
46309	106
46319	106
46334	106
46335	106
46340	106
46356	106
46367	106
46370	106
46374	106
46376	106
46381	106
46384	106
46386	106
46397	106
46405	106
46410	106
46414	106
46415	106
46438	106
46444	106
46452	106
46456	106
46466	106
46467	106
46472	106
46482	106
46514	106
46515	106
46516	106
46517	106
46519	106
46530	106
46542	106
46560	106
46568	106
46583	106
46590	106
46599	106
46607	106
46613	106
46625	106
46629	106
46636	106
46637	106
46677	106
46686	106
46687	106
46693	106
46698	106
46699	106
46711	106
46714	106
46722	106
46741	106
46742	106
46748	106
46753	106
46764	106
46766	106
46772	106
46783	106
46792	106
46803	106
46806	106
46821	106
46827	106
46829	106
46836	106
46839	106
46847	106
46854	106
46865	106
46866	106
46877	106
46883	106
46889	106
46898	106
46912	106
46913	106
46922	106
46935	106
46939	106
46940	106
46943	106
46970	106
46974	106
46975	106
46989	106
46998	106
46999	106
47000	106
47011	106
47014	106
47016	106
47018	106
47021	106
47029	106
47042	106
47048	106
47051	106
47053	106
47093	106
47109	106
47124	106
47147	106
47149	106
47162	106
47168	106
47174	106
47176	106
47184	106
47185	106
47189	106
47192	106
47203	106
47204	106
47205	106
47233	106
47235	106
47236	106
47267	106
47277	106
47278	106
47283	106
47293	106
47294	106
47299	106
47305	106
47325	106
47330	106
47338	106
47344	106
47368	106
47370	106
47377	106
47398	106
47399	106
47404	106
47432	106
47434	106
47446	106
47448	106
47451	106
47464	106
47469	106
47477	106
47480	106
47492	106
47502	106
47521	106
47523	106
47525	106
47529	106
47536	106
47549	106
47554	106
47593	106
47602	106
47604	106
47634	106
47639	106
47651	106
47654	106
47676	106
47677	106
47686	106
47700	106
47704	106
47710	106
47717	106
47720	106
47724	106
47726	106
47730	106
47731	106
47740	106
47754	106
47767	106
47769	106
47770	106
47771	106
47772	106
47784	106
47786	106
47795	106
47796	106
47816	106
47824	106
47832	106
47835	106
47858	106
47870	106
47878	106
47896	106
47897	106
47903	106
47907	106
47930	106
47936	106
47948	106
47949	106
47958	106
47959	106
47963	106
47966	106
47969	106
47970	106
47977	106
47982	106
47985	106
47986	106
47989	106
47996	106
47997	106
47998	106
48021	106
48023	106
48034	106
48077	106
48096	106
48109	106
48116	106
48141	106
48145	106
48150	106
48152	106
48154	106
48165	106
48170	106
48172	106
48180	106
48188	106
48201	106
48208	106
48212	106
48213	106
48252	106
48302	106
48311	106
48316	106
48324	106
48338	106
48353	106
48359	106
48361	106
48373	106
48383	106
48384	106
48385	106
48392	106
48405	106
48410	106
48424	106
48434	106
48446	106
48455	106
48466	106
48468	106
48480	106
48483	106
48509	106
48528	106
48531	106
48539	106
48548	106
48555	106
48562	106
48565	106
48587	106
48604	106
48628	106
48629	106
48645	106
48660	106
48669	106
48673	106
48679	106
48685	106
48704	106
48715	106
48716	106
48718	106
48732	106
48769	106
48771	106
48785	106
48805	106
48808	106
48813	106
48835	106
48837	106
48852	106
48853	106
48876	106
48881	106
48882	106
48883	106
48886	106
48892	106
48915	106
48916	106
48917	106
48922	106
48924	106
48928	106
48939	106
48941	106
48945	106
48948	106
48953	106
48969	106
48978	106
48980	106
48985	106
48989	106
48990	106
49037	106
49040	106
49057	106
49067	106
49078	106
49094	106
49096	106
49112	106
49118	106
49124	106
49141	106
49154	106
49168	106
49172	106
49183	106
49186	106
49195	106
49198	106
49209	106
49224	106
49225	106
49231	106
49243	106
49249	106
49251	106
49262	106
49269	106
49280	106
49282	106
49292	106
49299	106
49311	106
49315	106
49321	106
49329	106
49330	106
49333	106
49345	106
49357	106
49360	106
49389	106
49398	106
49420	106
49472	106
49473	106
49484	106
49497	106
49515	106
49517	106
49525	106
49528	106
49554	106
49555	106
49570	106
49576	106
49578	106
49588	106
49600	106
49609	106
49616	106
49625	106
49631	106
49637	106
49639	106
49650	106
49660	106
49663	106
49687	106
49691	106
49698	106
49713	106
49718	106
49732	106
49737	106
49758	106
49777	106
49778	106
49783	106
49786	106
49794	106
49795	106
49833	106
49861	106
49874	106
49877	106
49878	106
49906	106
49908	106
49919	106
49935	106
49951	106
49963	106
49984	106
49990	106
1	105
3	105
21	105
23	105
40	105
55	105
79	105
87	105
89	105
94	105
99	105
109	105
118	105
119	105
136	105
139	105
164	105
165	105
176	105
178	105
179	105
187	105
203	105
205	105
214	105
218	105
224	105
228	105
234	105
241	105
257	105
259	105
281	105
284	105
289	105
308	105
311	105
312	105
319	105
325	105
353	105
362	105
364	105
372	105
380	105
393	105
414	105
422	105
429	105
432	105
434	105
454	105
455	105
460	105
465	105
478	105
509	105
513	105
521	105
544	105
545	105
566	105
590	105
591	105
592	105
601	105
612	105
613	105
621	105
624	105
650	105
659	105
663	105
665	105
668	105
671	105
679	105
680	105
683	105
689	105
693	105
765	105
778	105
780	105
782	105
785	105
787	105
793	105
806	105
808	105
810	105
825	105
827	105
837	105
841	105
854	105
866	105
872	105
874	105
886	105
887	105
890	105
894	105
910	105
918	105
947	105
973	105
977	105
990	105
991	105
995	105
1008	105
1017	105
1023	105
1040	105
1045	105
1049	105
1051	105
1071	105
1075	105
1092	105
1093	105
1110	105
1113	105
1120	105
1125	105
1146	105
1155	105
1161	105
1178	105
1183	105
1187	105
1193	105
1196	105
1197	105
1210	105
1220	105
1226	105
1232	105
1251	105
1254	105
1257	105
1265	105
1269	105
1275	105
1282	105
1299	105
1324	105
1331	105
1351	105
1365	105
1366	105
1372	105
1396	105
1397	105
1399	105
1400	105
1407	105
1408	105
1414	105
1427	105
1429	105
1453	105
1460	105
1464	105
1467	105
1470	105
1471	105
1474	105
1475	105
1484	105
1486	105
1489	105
1499	105
1504	105
1509	105
1511	105
1532	105
1569	105
1570	105
1576	105
1581	105
1595	105
1609	105
1613	105
1620	105
1640	105
1671	105
1683	105
1685	105
1700	105
1724	105
1733	105
1744	105
1754	105
1762	105
1767	105
1768	105
1788	105
1789	105
1808	105
1809	105
1810	105
1820	105
1842	105
1849	105
1853	105
1858	105
1873	105
1880	105
1888	105
1897	105
1908	105
1925	105
1930	105
1933	105
1942	105
1956	105
1965	105
1987	105
1988	105
2017	105
2022	105
2041	105
2065	105
2094	105
2096	105
2101	105
2106	105
2113	105
2118	105
2126	105
2130	105
2135	105
2139	105
2144	105
2163	105
2174	105
2176	105
2183	105
2187	105
2206	105
2220	105
2225	105
2233	105
2234	105
2239	105
2247	105
2252	105
2256	105
2281	105
2288	105
2307	105
2308	105
2317	105
2320	105
2323	105
2330	105
2331	105
2336	105
2338	105
2347	105
2352	105
2357	105
2367	105
2371	105
2375	105
2382	105
2403	105
2425	105
2430	105
2431	105
2450	105
2453	105
2459	105
2464	105
2476	105
2491	105
2492	105
2522	105
2525	105
2531	105
2532	105
2534	105
2551	105
2569	105
2572	105
2578	105
2580	105
2595	105
2613	105
2614	105
2624	105
2629	105
2638	105
2653	105
2654	105
2655	105
2656	105
2667	105
2670	105
2675	105
2688	105
2693	105
2700	105
2714	105
2719	105
2724	105
2725	105
2727	105
2729	105
2745	105
2755	105
2788	105
2791	105
2799	105
2845	105
2849	105
2892	105
2898	105
2899	105
2921	105
2933	105
2938	105
2941	105
2944	105
2956	105
2972	105
2991	105
3004	105
3009	105
3015	105
3017	105
3019	105
3022	105
3036	105
3038	105
3041	105
3049	105
3050	105
3057	105
3062	105
3066	105
3081	105
3087	105
3092	105
3094	105
3122	105
3123	105
3124	105
3125	105
3151	105
3163	105
3167	105
3171	105
3174	105
3179	105
3180	105
3192	105
3195	105
3196	105
3206	105
3210	105
3211	105
3222	105
3227	105
3232	105
3235	105
3237	105
3250	105
3252	105
3255	105
3266	105
3282	105
3286	105
3289	105
3291	105
3305	105
3315	105
3323	105
3339	105
3367	105
3382	105
3384	105
3397	105
3400	105
3404	105
3410	105
3422	105
3429	105
3434	105
3435	105
3440	105
3460	105
3471	105
3476	105
3477	105
3481	105
3503	105
3504	105
3509	105
3518	105
3524	105
3536	105
3582	105
3583	105
3588	105
3590	105
3601	105
3617	105
3624	105
3639	105
3653	105
3659	105
3669	105
3671	105
3678	105
3680	105
3685	105
3694	105
3739	105
3741	105
3755	105
3764	105
3779	105
3783	105
3793	105
3806	105
3834	105
3840	105
3843	105
3854	105
3855	105
3856	105
3862	105
3878	105
3906	105
3922	105
3924	105
3929	105
3931	105
3932	105
3936	105
3953	105
3964	105
3966	105
3975	105
3988	105
3999	105
4004	105
4011	105
4017	105
4018	105
4021	105
4035	105
4050	105
4051	105
4071	105
4083	105
4090	105
4101	105
4115	105
4120	105
4125	105
4145	105
4163	105
4169	105
4170	105
4189	105
4196	105
4213	105
4236	105
4248	105
4255	105
4281	105
4295	105
4302	105
4311	105
4314	105
4318	105
4328	105
4331	105
4341	105
4350	105
4353	105
4361	105
4364	105
4378	105
4382	105
4385	105
4393	105
4413	105
4424	105
4428	105
4429	105
4430	105
4457	105
4468	105
4479	105
4484	105
4485	105
4486	105
4491	105
4496	105
4501	105
4505	105
4517	105
4522	105
4526	105
4542	105
4545	105
4546	105
4561	105
4578	105
4585	105
4587	105
4588	105
4603	105
4604	105
4606	105
4608	105
4615	105
4617	105
4624	105
4633	105
4643	105
4647	105
4648	105
4654	105
4655	105
4656	105
4660	105
4661	105
4664	105
4665	105
4694	105
4696	105
4699	105
4702	105
4703	105
4711	105
4713	105
4725	105
4727	105
4731	105
4744	105
4754	105
4769	105
4774	105
4777	105
4778	105
4786	105
4790	105
4800	105
4807	105
4809	105
4816	105
4819	105
4820	105
4834	105
4835	105
4845	105
4856	105
4872	105
4881	105
4887	105
4893	105
4901	105
4923	105
4943	105
4960	105
4970	105
4995	105
5002	105
5015	105
5016	105
5018	105
5019	105
5021	105
5024	105
5038	105
5046	105
5047	105
5061	105
5072	105
5073	105
5076	105
5090	105
5109	105
5123	105
5125	105
5132	105
5138	105
5143	105
5155	105
5159	105
5173	105
5213	105
5232	105
5238	105
5242	105
5280	105
5282	105
5299	105
5324	105
5325	105
5359	105
5360	105
5364	105
5365	105
5395	105
5403	105
5404	105
5409	105
5411	105
5417	105
5432	105
5448	105
5450	105
5451	105
5485	105
5499	105
5500	105
5515	105
5516	105
5523	105
5525	105
5543	105
5549	105
5553	105
5563	105
5570	105
5582	105
5596	105
5598	105
5599	105
5603	105
5614	105
5623	105
5627	105
5636	105
5667	105
5681	105
5682	105
5683	105
5688	105
5695	105
5702	105
5715	105
5734	105
5735	105
5748	105
5751	105
5761	105
5768	105
5785	105
5799	105
5804	105
5823	105
5825	105
5863	105
5864	105
5866	105
5871	105
5879	105
5884	105
5886	105
5895	105
5907	105
5918	105
5926	105
5929	105
5937	105
5943	105
5944	105
5958	105
5975	105
5979	105
5991	105
6002	105
6005	105
6006	105
6024	105
6028	105
6036	105
6037	105
6050	105
6066	105
6081	105
6083	105
6089	105
6093	105
6096	105
6102	105
6106	105
6108	105
6114	105
6115	105
6123	105
6134	105
6137	105
6143	105
6149	105
6158	105
6188	105
6196	105
6199	105
6202	105
6204	105
6207	105
6211	105
6219	105
6226	105
6233	105
6234	105
6254	105
6271	105
6278	105
6297	105
6305	105
6316	105
6318	105
6329	105
6337	105
6338	105
6340	105
6346	105
6366	105
6397	105
6412	105
6413	105
6426	105
6429	105
6432	105
6433	105
6442	105
6446	105
6454	105
6456	105
6464	105
6469	105
6471	105
6513	105
6521	105
6550	105
6557	105
6567	105
6570	105
6575	105
6581	105
6585	105
6589	105
6594	105
6598	105
6603	105
6606	105
6614	105
6623	105
6631	105
6632	105
6633	105
6639	105
6654	105
6663	105
6672	105
6676	105
6683	105
6702	105
6736	105
6744	105
6756	105
6796	105
6815	105
6816	105
6818	105
6828	105
6850	105
6855	105
6864	105
6898	105
6907	105
6916	105
6928	105
6957	105
6962	105
6974	105
6989	105
6992	105
6999	105
7004	105
7016	105
7034	105
7038	105
7046	105
7048	105
7056	105
7066	105
7105	105
7109	105
7119	105
7121	105
7126	105
7132	105
7135	105
7136	105
7138	105
7178	105
7187	105
7188	105
7192	105
7196	105
7219	105
7224	105
7229	105
7240	105
7245	105
7246	105
7247	105
7249	105
7253	105
7277	105
7289	105
7330	105
7332	105
7333	105
7337	105
7338	105
7345	105
7367	105
7373	105
7375	105
7381	105
7387	105
7420	105
7444	105
7446	105
7478	105
7488	105
7511	105
7522	105
7527	105
7529	105
7556	105
7560	105
7562	105
7567	105
7568	105
7570	105
7581	105
7592	105
7601	105
7602	105
7641	105
7647	105
7649	105
7663	105
7682	105
7688	105
7691	105
7694	105
7695	105
7706	105
7707	105
7724	105
7725	105
7735	105
7736	105
7742	105
7746	105
7771	105
7780	105
7795	105
7805	105
7809	105
7835	105
7866	105
7878	105
7896	105
7903	105
7922	105
7930	105
7973	105
7975	105
7977	105
7983	105
7988	105
8054	105
8056	105
8058	105
8067	105
8072	105
8081	105
8098	105
8104	105
8126	105
8140	105
8145	105
8147	105
8168	105
8171	105
8188	105
8190	105
8192	105
8205	105
8217	105
8218	105
8224	105
8238	105
8248	105
8265	105
8273	105
8279	105
8283	105
8290	105
8292	105
8293	105
8303	105
8305	105
8326	105
8341	105
8345	105
8348	105
8366	105
8383	105
8384	105
8398	105
8410	105
8416	105
8419	105
8424	105
8431	105
8444	105
8465	105
8467	105
8468	105
8470	105
8472	105
8475	105
8479	105
8498	105
8531	105
8532	105
8540	105
8541	105
8542	105
8548	105
8553	105
8563	105
8564	105
8567	105
8570	105
8578	105
8589	105
8591	105
8594	105
8604	105
8606	105
8608	105
8628	105
8629	105
8632	105
8646	105
8657	105
8658	105
8672	105
8682	105
8692	105
8696	105
8706	105
8728	105
8730	105
8751	105
8769	105
8787	105
8793	105
8810	105
8819	105
8828	105
8834	105
8844	105
8846	105
8852	105
8853	105
8863	105
8864	105
8873	105
8883	105
8895	105
8911	105
8915	105
8916	105
8957	105
8967	105
8972	105
8973	105
9008	105
9011	105
9020	105
9024	105
9028	105
9035	105
9053	105
9059	105
9061	105
9074	105
9077	105
9079	105
9084	105
9095	105
9107	105
9133	105
9160	105
9179	105
9206	105
9208	105
9226	105
9227	105
9229	105
9232	105
9233	105
9257	105
9259	105
9263	105
9278	105
9281	105
9283	105
9285	105
9297	105
9304	105
9311	105
9323	105
9332	105
9333	105
9356	105
9358	105
9359	105
9364	105
9370	105
9374	105
9380	105
9399	105
9408	105
9429	105
9434	105
9443	105
9462	105
9466	105
9468	105
9475	105
9476	105
9520	105
9521	105
9523	105
9527	105
9537	105
9558	105
9559	105
9562	105
9570	105
9571	105
9585	105
9594	105
9600	105
9604	105
9606	105
9617	105
9662	105
9682	105
9683	105
9688	105
9696	105
9700	105
9704	105
9706	105
9718	105
9731	105
9746	105
9753	105
9768	105
9788	105
9796	105
9797	105
9800	105
9814	105
9815	105
9821	105
9827	105
9851	105
9870	105
9876	105
9878	105
9884	105
9890	105
9892	105
9897	105
9898	105
9900	105
9901	105
9908	105
9918	105
9935	105
9937	105
9947	105
9950	105
9960	105
9968	105
9974	105
9980	105
9982	105
9993	105
9997	105
10006	105
10009	105
10020	105
10035	105
10044	105
10053	105
10079	105
10083	105
10094	105
10095	105
10100	105
10108	105
10119	105
10123	105
10134	105
10152	105
10160	105
10170	105
10176	105
10191	105
10196	105
10206	105
10233	105
10250	105
10259	105
10269	105
10281	105
10291	105
10304	105
10314	105
10329	105
10333	105
10369	105
10373	105
10376	105
10382	105
10385	105
10420	105
10425	105
10426	105
10427	105
10431	105
10437	105
10449	105
10486	105
10487	105
10493	105
10497	105
10501	105
10503	105
10510	105
10532	105
10544	105
10568	105
10572	105
10573	105
10576	105
10581	105
10587	105
10592	105
10600	105
10604	105
10608	105
10614	105
10633	105
10660	105
10663	105
10665	105
10685	105
10692	105
10695	105
10701	105
10706	105
10708	105
10712	105
10714	105
10719	105
10725	105
10740	105
10753	105
10755	105
10758	105
10759	105
10766	105
10781	105
10784	105
10794	105
10809	105
10810	105
10837	105
10845	105
10851	105
10853	105
10856	105
10876	105
10877	105
10881	105
10884	105
10897	105
10900	105
10906	105
10911	105
10915	105
10919	105
10923	105
10931	105
10933	105
10938	105
10950	105
10963	105
10977	105
10990	105
10991	105
10995	105
11002	105
11016	105
11023	105
11025	105
11028	105
11036	105
11037	105
11101	105
11103	105
11113	105
11123	105
11130	105
11138	105
11140	105
11146	105
11147	105
11159	105
11161	105
11176	105
11178	105
11181	105
11191	105
11192	105
11199	105
11203	105
11208	105
11213	105
11214	105
11230	105
11242	105
11256	105
11258	105
11261	105
11268	105
11298	105
11299	105
11311	105
11314	105
11315	105
11316	105
11317	105
11320	105
11321	105
11349	105
11362	105
11373	105
11374	105
11375	105
11381	105
11390	105
11392	105
11407	105
11422	105
11431	105
11432	105
11471	105
11481	105
11483	105
11494	105
11502	105
11524	105
11525	105
11526	105
11531	105
11535	105
11540	105
11566	105
11570	105
11610	105
11612	105
11618	105
11632	105
11646	105
11650	105
11661	105
11665	105
11669	105
11689	105
11693	105
11695	105
11701	105
11709	105
11715	105
11723	105
11726	105
11728	105
11741	105
11742	105
11749	105
11754	105
11755	105
11779	105
11801	105
11802	105
11804	105
11805	105
11826	105
11827	105
11828	105
11832	105
11847	105
11848	105
11850	105
11854	105
11857	105
11872	105
11878	105
11884	105
11890	105
11901	105
11909	105
11911	105
11916	105
11937	105
11959	105
11962	105
11979	105
11991	105
12002	105
12006	105
12008	105
12019	105
12020	105
12029	105
12033	105
12044	105
12055	105
12056	105
12059	105
12067	105
12076	105
12091	105
12114	105
12122	105
12126	105
12138	105
12142	105
12145	105
12158	105
12160	105
12163	105
12173	105
12177	105
12187	105
12206	105
12226	105
12228	105
12238	105
12254	105
12258	105
12261	105
12265	105
12268	105
12271	105
12277	105
12281	105
12282	105
12284	105
12291	105
12297	105
12298	105
12305	105
12306	105
12320	105
12322	105
12336	105
12338	105
12352	105
12358	105
12362	105
12364	105
12378	105
12383	105
12386	105
12394	105
12400	105
12401	105
12410	105
12423	105
12430	105
12431	105
12441	105
12447	105
12456	105
12459	105
12461	105
12469	105
12470	105
12474	105
12493	105
12509	105
12544	105
12547	105
12551	105
12552	105
12576	105
12577	105
12579	105
12586	105
12593	105
12610	105
12619	105
12635	105
12640	105
12646	105
12659	105
12676	105
12681	105
12709	105
12722	105
12728	105
12732	105
12749	105
12753	105
12769	105
12770	105
12787	105
12795	105
12803	105
12804	105
12814	105
12816	105
12820	105
12828	105
12833	105
12838	105
12844	105
12865	105
12866	105
12878	105
12880	105
12885	105
12886	105
12891	105
12897	105
12915	105
12924	105
12925	105
12926	105
12935	105
12938	105
12940	105
12941	105
12942	105
12955	105
12975	105
12995	105
13013	105
13015	105
13020	105
13021	105
13039	105
13043	105
13048	105
13057	105
13067	105
13069	105
13070	105
13071	105
13074	105
13079	105
13084	105
13089	105
13091	105
13097	105
13103	105
13122	105
13134	105
13137	105
13138	105
13143	105
13145	105
13160	105
13169	105
13179	105
13180	105
13188	105
13189	105
13205	105
13221	105
13222	105
13232	105
13240	105
13247	105
13259	105
13260	105
13262	105
13271	105
13281	105
13289	105
13323	105
13324	105
13325	105
13326	105
13328	105
13333	105
13334	105
13337	105
13338	105
13349	105
13355	105
13361	105
13374	105
13377	105
13378	105
13384	105
13388	105
13390	105
13396	105
13405	105
13407	105
13410	105
13418	105
13423	105
13456	105
13460	105
13469	105
13483	105
13488	105
13495	105
13500	105
13523	105
13524	105
13531	105
13534	105
13535	105
13536	105
13554	105
13563	105
13570	105
13578	105
13590	105
13597	105
13606	105
13607	105
13624	105
13628	105
13631	105
13655	105
13662	105
13671	105
13686	105
13692	105
13703	105
13709	105
13714	105
13727	105
13738	105
13741	105
13744	105
13786	105
13787	105
13793	105
13795	105
13796	105
13819	105
13823	105
13846	105
13853	105
13864	105
13871	105
13885	105
13919	105
13926	105
13927	105
13930	105
13947	105
13957	105
13960	105
13974	105
13985	105
14013	105
14021	105
14025	105
14031	105
14040	105
14045	105
14049	105
14050	105
14057	105
14061	105
14064	105
14074	105
14095	105
14112	105
14125	105
14138	105
14141	105
14161	105
14174	105
14189	105
14206	105
14230	105
14233	105
14243	105
14247	105
14255	105
14270	105
14273	105
14280	105
14285	105
14293	105
14294	105
14304	105
14307	105
14310	105
14313	105
14314	105
14319	105
14342	105
14347	105
14348	105
14359	105
14361	105
14369	105
14370	105
14371	105
14372	105
14398	105
14423	105
14428	105
14435	105
14439	105
14441	105
14447	105
14460	105
14463	105
14469	105
14470	105
14476	105
14482	105
14484	105
14490	105
14492	105
14516	105
14531	105
14539	105
14542	105
14543	105
14550	105
14562	105
14563	105
14579	105
14602	105
14614	105
14622	105
14640	105
14644	105
14663	105
14677	105
14682	105
14692	105
14709	105
14722	105
14723	105
14733	105
14735	105
14752	105
14773	105
14792	105
14794	105
14796	105
14797	105
14804	105
14808	105
14816	105
14824	105
14828	105
14833	105
14840	105
14842	105
14862	105
14864	105
14872	105
14876	105
14886	105
14891	105
14892	105
14914	105
14929	105
14932	105
14939	105
14970	105
14993	105
14998	105
15000	105
15006	105
15014	105
15016	105
15022	105
15025	105
15035	105
15046	105
15054	105
15063	105
15064	105
15072	105
15097	105
15101	105
15110	105
15114	105
15127	105
15135	105
15143	105
15144	105
15148	105
15155	105
15184	105
15189	105
15190	105
15192	105
15193	105
15195	105
15200	105
15201	105
15203	105
15206	105
15226	105
15236	105
15240	105
15269	105
15277	105
15282	105
15286	105
15287	105
15295	105
15299	105
15315	105
15321	105
15328	105
15333	105
15344	105
15353	105
15357	105
15371	105
15372	105
15389	105
15395	105
15410	105
15411	105
15418	105
15421	105
15425	105
15427	105
15436	105
15439	105
15445	105
15446	105
15451	105
15455	105
15470	105
15494	105
15501	105
15530	105
15534	105
15541	105
15550	105
15562	105
15568	105
15574	105
15577	105
15582	105
15595	105
15605	105
15609	105
15615	105
15617	105
15627	105
15632	105
15638	105
15648	105
15666	105
15678	105
15686	105
15690	105
15696	105
15724	105
15731	105
15753	105
15756	105
15759	105
15762	105
15765	105
15770	105
15773	105
15777	105
15785	105
15787	105
15788	105
15790	105
15796	105
15823	105
15832	105
15836	105
15840	105
15844	105
15855	105
15856	105
15859	105
15876	105
15893	105
15897	105
15908	105
15909	105
15916	105
15917	105
15929	105
15936	105
15959	105
15960	105
15961	105
15962	105
15965	105
15974	105
15980	105
15985	105
15987	105
15988	105
16002	105
16011	105
16017	105
16029	105
16056	105
16060	105
16063	105
16064	105
16071	105
16075	105
16087	105
16090	105
16095	105
16108	105
16112	105
16114	105
16118	105
16119	105
16127	105
16130	105
16169	105
16179	105
16183	105
16208	105
16221	105
16223	105
16235	105
16246	105
16249	105
16258	105
16279	105
16306	105
16321	105
16341	105
16344	105
16350	105
16353	105
16354	105
16378	105
16381	105
16384	105
16393	105
16397	105
16408	105
16418	105
16422	105
16425	105
16437	105
16438	105
16445	105
16446	105
16448	105
16454	105
16458	105
16468	105
16470	105
16471	105
16478	105
16503	105
16509	105
16530	105
16533	105
16537	105
16545	105
16546	105
16550	105
16552	105
16556	105
16560	105
16565	105
16567	105
16593	105
16594	105
16597	105
16600	105
16605	105
16611	105
16632	105
16646	105
16647	105
16654	105
16671	105
16679	105
16690	105
16701	105
16705	105
16711	105
16726	105
16732	105
16743	105
16746	105
16748	105
16771	105
16773	105
16782	105
16789	105
16803	105
16837	105
16845	105
16852	105
16882	105
16897	105
16900	105
16904	105
16907	105
16909	105
16911	105
16916	105
16928	105
16943	105
16947	105
16998	105
17010	105
17012	105
17013	105
17022	105
17024	105
17036	105
17040	105
17041	105
17060	105
17069	105
17078	105
17080	105
17083	105
17099	105
17110	105
17114	105
17116	105
17120	105
17122	105
17127	105
17135	105
17146	105
17151	105
17154	105
17166	105
17168	105
17171	105
17204	105
17211	105
17232	105
17241	105
17242	105
17244	105
17245	105
17246	105
17254	105
17256	105
17270	105
17284	105
17286	105
17316	105
17325	105
17331	105
17341	105
17349	105
17374	105
17383	105
17384	105
17388	105
17391	105
17392	105
17422	105
17423	105
17426	105
17438	105
17447	105
17473	105
17474	105
17498	105
17511	105
17520	105
17544	105
17552	105
17554	105
17556	105
17561	105
17569	105
17573	105
17574	105
17582	105
17583	105
17585	105
17598	105
17602	105
17611	105
17619	105
17627	105
17629	105
17630	105
17644	105
17656	105
17662	105
17666	105
17677	105
17681	105
17684	105
17685	105
17690	105
17715	105
17725	105
17731	105
17750	105
17754	105
17760	105
17762	105
17767	105
17779	105
17801	105
17805	105
17808	105
17811	105
17816	105
17817	105
17822	105
17824	105
17831	105
17839	105
17860	105
17861	105
17865	105
17869	105
17885	105
17893	105
17897	105
17903	105
17905	105
17914	105
17923	105
17928	105
17944	105
17947	105
17950	105
17956	105
17960	105
18009	105
18010	105
18013	105
18015	105
18019	105
18025	105
18027	105
18034	105
18048	105
18069	105
18074	105
18088	105
18089	105
18108	105
18116	105
18127	105
18130	105
18149	105
18184	105
18189	105
18202	105
18211	105
18213	105
18214	105
18215	105
18216	105
18237	105
18238	105
18239	105
18256	105
18264	105
18275	105
18289	105
18291	105
18295	105
18304	105
18310	105
18317	105
18321	105
18323	105
18337	105
18338	105
18393	105
18402	105
18436	105
18443	105
18450	105
18457	105
18459	105
18462	105
18466	105
18488	105
18490	105
18501	105
18506	105
18513	105
18526	105
18538	105
18539	105
18544	105
18591	105
18596	105
18613	105
18616	105
18623	105
18642	105
18650	105
18668	105
18671	105
18681	105
18683	105
18694	105
18698	105
18727	105
18750	105
18777	105
18784	105
18787	105
18790	105
18796	105
18798	105
18801	105
18803	105
18814	105
18818	105
18819	105
18836	105
18847	105
18861	105
18863	105
18871	105
18872	105
18897	105
18902	105
18908	105
18920	105
18925	105
18944	105
18949	105
18955	105
18980	105
19001	105
19015	105
19036	105
19050	105
19051	105
19055	105
19057	105
19075	105
19079	105
19103	105
19106	105
19117	105
19124	105
19131	105
19151	105
19176	105
19178	105
19185	105
19191	105
19197	105
19203	105
19205	105
19227	105
19230	105
19237	105
19244	105
19247	105
19255	105
19272	105
19281	105
19289	105
19291	105
19296	105
19308	105
19312	105
19327	105
19333	105
19336	105
19337	105
19339	105
19344	105
19354	105
19363	105
19367	105
19370	105
19372	105
19403	105
19406	105
19423	105
19430	105
19434	105
19449	105
19453	105
19468	105
19469	105
19483	105
19509	105
19516	105
19525	105
19526	105
19536	105
19540	105
19544	105
19549	105
19555	105
19564	105
19565	105
19575	105
19577	105
19588	105
19590	105
19592	105
19601	105
19622	105
19623	105
19633	105
19649	105
19655	105
19681	105
19697	105
19704	105
19707	105
19746	105
19753	105
19758	105
19761	105
19768	105
19769	105
19785	105
19789	105
19791	105
19794	105
19797	105
19799	105
19817	105
19823	105
19833	105
19864	105
19878	105
19898	105
19907	105
19924	105
19930	105
19933	105
19939	105
19945	105
19952	105
19953	105
19954	105
19975	105
19977	105
19983	105
19984	105
19989	105
19994	105
20001	105
20020	105
20031	105
20032	105
20056	105
20058	105
20063	105
20110	105
20122	105
20127	105
20130	105
20134	105
20169	105
20171	105
20178	105
20187	105
20191	105
20205	105
20218	105
20231	105
20241	105
20245	105
20251	105
20277	105
20298	105
20304	105
20305	105
20315	105
20317	105
20318	105
20319	105
20321	105
20346	105
20354	105
20366	105
20368	105
20372	105
20376	105
20400	105
20407	105
20409	105
20411	105
20418	105
20431	105
20449	105
20456	105
20468	105
20471	105
20481	105
20503	105
20512	105
20526	105
20551	105
20563	105
20575	105
20580	105
20582	105
20601	105
20607	105
20611	105
20635	105
20668	105
20671	105
20676	105
20689	105
20690	105
20695	105
20708	105
20714	105
20715	105
20716	105
20723	105
20726	105
20727	105
20730	105
20734	105
20735	105
20738	105
20754	105
20755	105
20763	105
20766	105
20773	105
20783	105
20785	105
20789	105
20791	105
20792	105
20800	105
20816	105
20820	105
20830	105
20837	105
20860	105
20879	105
20880	105
20883	105
20893	105
20922	105
20925	105
20935	105
20947	105
20954	105
20995	105
21002	105
21024	105
21031	105
21037	105
21038	105
21043	105
21048	105
21057	105
21059	105
21061	105
21064	105
21069	105
21078	105
21086	105
21089	105
21103	105
21104	105
21139	105
21152	105
21161	105
21166	105
21172	105
21175	105
21192	105
21200	105
21222	105
21238	105
21254	105
21255	105
21258	105
21262	105
21267	105
21272	105
21275	105
21282	105
21296	105
21308	105
21309	105
21329	105
21338	105
21346	105
21351	105
21385	105
21396	105
21403	105
21423	105
21427	105
21428	105
21430	105
21431	105
21437	105
21450	105
21456	105
21463	105
21467	105
21470	105
21475	105
21477	105
21480	105
21485	105
21490	105
21494	105
21511	105
21512	105
21537	105
21540	105
21546	105
21567	105
21568	105
21572	105
21582	105
21586	105
21595	105
21607	105
21609	105
21610	105
21613	105
21614	105
21621	105
21622	105
21625	105
21630	105
21631	105
21642	105
21645	105
21652	105
21657	105
21658	105
21659	105
21664	105
21665	105
21681	105
21697	105
21717	105
21725	105
21729	105
21746	105
21753	105
21759	105
21772	105
21778	105
21804	105
21806	105
21811	105
21831	105
21832	105
21840	105
21866	105
21872	105
21880	105
21882	105
21897	105
21900	105
21906	105
21909	105
21919	105
21920	105
21924	105
21925	105
21946	105
21961	105
21962	105
21970	105
21971	105
21983	105
21986	105
21993	105
21996	105
22005	105
22007	105
22016	105
22023	105
22029	105
22037	105
22039	105
22044	105
22045	105
22046	105
22048	105
22052	105
22062	105
22070	105
22077	105
22084	105
22099	105
22102	105
22127	105
22138	105
22144	105
22149	105
22173	105
22179	105
22180	105
22188	105
22192	105
22198	105
22231	105
22254	105
22255	105
22259	105
22264	105
22266	105
22285	105
22288	105
22293	105
22297	105
22299	105
22324	105
22328	105
22336	105
22340	105
22361	105
22366	105
22367	105
22372	105
22378	105
22380	105
22411	105
22412	105
22413	105
22420	105
22431	105
22432	105
22444	105
22448	105
22451	105
22454	105
22455	105
22457	105
22487	105
22494	105
22497	105
22510	105
22512	105
22518	105
22523	105
22525	105
22529	105
22531	105
22533	105
22535	105
22555	105
22556	105
22581	105
22582	105
22590	105
22594	105
22595	105
22598	105
22600	105
22606	105
22608	105
22612	105
22626	105
22644	105
22666	105
22668	105
22675	105
22681	105
22698	105
22701	105
22702	105
22719	105
22723	105
22747	105
22766	105
22770	105
22780	105
22783	105
22793	105
22802	105
22803	105
22808	105
22826	105
22829	105
22833	105
22842	105
22852	105
22863	105
22868	105
22874	105
22875	105
22884	105
22895	105
22901	105
22909	105
22918	105
22938	105
22939	105
22949	105
22964	105
22965	105
22969	105
22976	105
23000	105
23004	105
23019	105
23028	105
23031	105
23034	105
23037	105
23044	105
23045	105
23047	105
23051	105
23053	105
23062	105
23094	105
23115	105
23118	105
23120	105
23136	105
23141	105
23152	105
23153	105
23160	105
23173	105
23176	105
23180	105
23193	105
23198	105
23201	105
23219	105
23229	105
23231	105
23248	105
23255	105
23261	105
23265	105
23272	105
23278	105
23282	105
23283	105
23292	105
23299	105
23306	105
23321	105
23323	105
23358	105
23361	105
23362	105
23363	105
23377	105
23380	105
23383	105
23384	105
23386	105
23388	105
23396	105
23397	105
23399	105
23403	105
23410	105
23413	105
23441	105
23442	105
23448	105
23451	105
23462	105
23483	105
23485	105
23491	105
23494	105
23502	105
23540	105
23552	105
23555	105
23570	105
23574	105
23578	105
23586	105
23590	105
23595	105
23596	105
23601	105
23612	105
23627	105
23638	105
23646	105
23667	105
23673	105
23679	105
23683	105
23685	105
23689	105
23690	105
23693	105
23697	105
23701	105
23703	105
23711	105
23731	105
23751	105
23765	105
23768	105
23787	105
23788	105
23789	105
23794	105
23799	105
23801	105
23807	105
23811	105
23823	105
23827	105
23831	105
23838	105
23840	105
23842	105
23850	105
23866	105
23868	105
23888	105
23895	105
23899	105
23900	105
23904	105
23908	105
23910	105
23912	105
23924	105
23931	105
23948	105
23980	105
23986	105
23996	105
24002	105
24012	105
24037	105
24042	105
24062	105
24065	105
24082	105
24099	105
24100	105
24108	105
24115	105
24135	105
24151	105
24152	105
24161	105
24162	105
24167	105
24172	105
24178	105
24185	105
24188	105
24199	105
24214	105
24231	105
24233	105
24234	105
24240	105
24245	105
24247	105
24250	105
24251	105
24253	105
24257	105
24259	105
24261	105
24266	105
24278	105
24299	105
24305	105
24316	105
24323	105
24343	105
24348	105
24357	105
24358	105
24366	105
24369	105
24370	105
24383	105
24387	105
24393	105
24396	105
24400	105
24401	105
24407	105
24410	105
24415	105
24426	105
24438	105
24443	105
24459	105
24468	105
24506	105
24517	105
24522	105
24542	105
24548	105
24556	105
24559	105
24569	105
24571	105
24574	105
24575	105
24586	105
24597	105
24598	105
24600	105
24604	105
24606	105
24615	105
24649	105
24654	105
24656	105
24671	105
24677	105
24689	105
24710	105
24728	105
24735	105
24736	105
24744	105
24750	105
24777	105
24786	105
24788	105
24798	105
24806	105
24819	105
24832	105
24844	105
24847	105
24852	105
24865	105
24869	105
24881	105
24884	105
24906	105
24908	105
24925	105
24932	105
24935	105
24939	105
24955	105
24964	105
24970	105
24971	105
24982	105
24995	105
24998	105
25000	105
25001	105
25003	105
25024	105
25025	105
25027	105
25034	105
25038	105
25059	105
25082	105
25100	105
25104	105
25105	105
25112	105
25119	105
25129	105
25172	105
25187	105
25190	105
25195	105
25210	105
25227	105
25230	105
25233	105
25235	105
25236	105
25238	105
25239	105
25247	105
25249	105
25269	105
25270	105
25291	105
25316	105
25322	105
25333	105
25336	105
25337	105
25339	105
25342	105
25343	105
25361	105
25365	105
25370	105
25378	105
25379	105
25390	105
25399	105
25408	105
25435	105
25452	105
25458	105
25459	105
25463	105
25467	105
25474	105
25484	105
25497	105
25511	105
25515	105
25528	105
25529	105
25548	105
25549	105
25550	105
25551	105
25559	105
25563	105
25564	105
25570	105
25571	105
25578	105
25579	105
25583	105
25588	105
25592	105
25595	105
25602	105
25604	105
25617	105
25629	105
25631	105
25636	105
25638	105
25645	105
25648	105
25659	105
25661	105
25669	105
25687	105
25696	105
25700	105
25702	105
25708	105
25709	105
25717	105
25728	105
25729	105
25737	105
25739	105
25748	105
25753	105
25760	105
25763	105
25768	105
25771	105
25778	105
25787	105
25791	105
25822	105
25839	105
25844	105
25847	105
25864	105
25865	105
25867	105
25869	105
25876	105
25879	105
25882	105
25898	105
25901	105
25908	105
25912	105
25913	105
25916	105
25919	105
25921	105
25922	105
25939	105
25941	105
25944	105
25946	105
25959	105
25960	105
25969	105
25980	105
25981	105
25992	105
26005	105
26015	105
26016	105
26045	105
26049	105
26061	105
26063	105
26065	105
26071	105
26079	105
26088	105
26091	105
26102	105
26114	105
26117	105
26119	105
26122	105
26129	105
26135	105
26140	105
26141	105
26152	105
26159	105
26169	105
26171	105
26178	105
26183	105
26195	105
26213	105
26218	105
26220	105
26221	105
26224	105
26259	105
26263	105
26268	105
26291	105
26300	105
26312	105
26319	105
26320	105
26337	105
26348	105
26349	105
26351	105
26356	105
26363	105
26371	105
26372	105
26374	105
26380	105
26391	105
26402	105
26406	105
26412	105
26418	105
26425	105
26426	105
26435	105
26443	105
26447	105
26452	105
26453	105
26454	105
26463	105
26469	105
26477	105
26485	105
26491	105
26506	105
26509	105
26522	105
26529	105
26530	105
26537	105
26544	105
26552	105
26559	105
26572	105
26577	105
26593	105
26635	105
26641	105
26667	105
26671	105
26672	105
26673	105
26678	105
26681	105
26683	105
26698	105
26705	105
26709	105
26720	105
26724	105
26761	105
26767	105
26769	105
26771	105
26775	105
26796	105
26800	105
26825	105
26855	105
26860	105
26875	105
26881	105
26887	105
26890	105
26892	105
26893	105
26898	105
26909	105
26921	105
26923	105
26935	105
26938	105
26946	105
26961	105
26964	105
26973	105
26976	105
26988	105
26989	105
26993	105
27003	105
27004	105
27021	105
27022	105
27052	105
27055	105
27063	105
27082	105
27083	105
27089	105
27094	105
27103	105
27111	105
27120	105
27122	105
27124	105
27126	105
27136	105
27151	105
27159	105
27169	105
27170	105
27171	105
27175	105
27183	105
27189	105
27196	105
27209	105
27214	105
27215	105
27219	105
27221	105
27228	105
27232	105
27233	105
27238	105
27241	105
27243	105
27249	105
27265	105
27282	105
27283	105
27296	105
27300	105
27301	105
27318	105
27327	105
27338	105
27339	105
27341	105
27346	105
27368	105
27369	105
27375	105
27376	105
27381	105
27382	105
27404	105
27415	105
27416	105
27424	105
27430	105
27446	105
27470	105
27493	105
27512	105
27516	105
27521	105
27522	105
27530	105
27557	105
27573	105
27576	105
27582	105
27587	105
27598	105
27601	105
27626	105
27634	105
27641	105
27643	105
27644	105
27652	105
27660	105
27663	105
27677	105
27679	105
27712	105
27717	105
27718	105
27728	105
27743	105
27755	105
27759	105
27760	105
27764	105
27776	105
27777	105
27780	105
27790	105
27795	105
27811	105
27812	105
27832	105
27847	105
27858	105
27861	105
27864	105
27871	105
27881	105
27888	105
27892	105
27894	105
27904	105
27932	105
27934	105
27941	105
27942	105
27950	105
27957	105
27963	105
27967	105
27978	105
27985	105
28021	105
28031	105
28035	105
28040	105
28041	105
28044	105
28045	105
28059	105
28084	105
28107	105
28110	105
28111	105
28120	105
28122	105
28133	105
28139	105
28143	105
28147	105
28149	105
28154	105
28156	105
28163	105
28164	105
28177	105
28183	105
28197	105
28207	105
28213	105
28220	105
28261	105
28270	105
28276	105
28277	105
28279	105
28302	105
28310	105
28338	105
28347	105
28349	105
28392	105
28402	105
28405	105
28412	105
28430	105
28432	105
28436	105
28441	105
28443	105
28446	105
28449	105
28456	105
28466	105
28469	105
28471	105
28476	105
28480	105
28490	105
28492	105
28510	105
28517	105
28525	105
28526	105
28531	105
28538	105
28545	105
28557	105
28567	105
28569	105
28571	105
28584	105
28588	105
28600	105
28617	105
28618	105
28619	105
28621	105
28622	105
28625	105
28648	105
28652	105
28657	105
28660	105
28662	105
28668	105
28670	105
28677	105
28678	105
28679	105
28681	105
28708	105
28724	105
28743	105
28755	105
28758	105
28769	105
28773	105
28780	105
28782	105
28787	105
28803	105
28809	105
28812	105
28824	105
28830	105
28845	105
28854	105
28865	105
28867	105
28869	105
28882	105
28887	105
28891	105
28895	105
28899	105
28903	105
28904	105
28915	105
28916	105
28945	105
28963	105
28965	105
28966	105
28975	105
28997	105
29010	105
29017	105
29020	105
29035	105
29040	105
29052	105
29057	105
29061	105
29064	105
29079	105
29082	105
29087	105
29092	105
29096	105
29098	105
29106	105
29109	105
29110	105
29114	105
29124	105
29131	105
29133	105
29140	105
29163	105
29167	105
29179	105
29202	105
29230	105
29234	105
29246	105
29250	105
29254	105
29265	105
29270	105
29272	105
29273	105
29283	105
29287	105
29292	105
29293	105
29298	105
29299	105
29305	105
29310	105
29315	105
29316	105
29324	105
29328	105
29337	105
29357	105
29358	105
29387	105
29392	105
29401	105
29407	105
29419	105
29432	105
29446	105
29450	105
29451	105
29463	105
29465	105
29480	105
29505	105
29534	105
29548	105
29569	105
29573	105
29580	105
29597	105
29613	105
29620	105
29624	105
29631	105
29635	105
29636	105
29649	105
29657	105
29658	105
29664	105
29665	105
29677	105
29689	105
29694	105
29695	105
29699	105
29705	105
29706	105
29715	105
29729	105
29739	105
29745	105
29751	105
29754	105
29755	105
29760	105
29765	105
29779	105
29794	105
29808	105
29812	105
29817	105
29818	105
29836	105
29847	105
29849	105
29850	105
29879	105
29888	105
29899	105
29900	105
29924	105
29931	105
29977	105
29983	105
29993	105
29995	105
30008	105
30028	105
30038	105
30040	105
30047	105
30054	105
30067	105
30069	105
30072	105
30079	105
30082	105
30083	105
30088	105
30108	105
30131	105
30141	105
30156	105
30157	105
30191	105
30197	105
30204	105
30219	105
30220	105
30224	105
30226	105
30233	105
30234	105
30235	105
30236	105
30239	105
30264	105
30271	105
30274	105
30287	105
30293	105
30298	105
30302	105
30310	105
30322	105
30323	105
30336	105
30339	105
30369	105
30374	105
30377	105
30380	105
30382	105
30383	105
30388	105
30405	105
30407	105
30409	105
30417	105
30418	105
30428	105
30429	105
30439	105
30441	105
30452	105
30475	105
30482	105
30483	105
30495	105
30497	105
30499	105
30505	105
30508	105
30525	105
30540	105
30541	105
30544	105
30561	105
30565	105
30572	105
30581	105
30591	105
30592	105
30600	105
30608	105
30621	105
30639	105
30655	105
30659	105
30664	105
30677	105
30678	105
30680	105
30684	105
30691	105
30695	105
30705	105
30717	105
30719	105
30725	105
30727	105
30734	105
30735	105
30741	105
30758	105
30761	105
30765	105
30770	105
30773	105
30785	105
30790	105
30794	105
30800	105
30803	105
30806	105
30808	105
30822	105
30824	105
30828	105
30830	105
30835	105
30846	105
30851	105
30852	105
30859	105
30861	105
30864	105
30881	105
30887	105
30893	105
30904	105
30907	105
30912	105
30913	105
30935	105
30936	105
30947	105
30949	105
30954	105
30973	105
30974	105
30978	105
30979	105
30981	105
31006	105
31022	105
31044	105
31060	105
31069	105
31077	105
31080	105
31096	105
31100	105
31103	105
31121	105
31123	105
31143	105
31171	105
31172	105
31184	105
31198	105
31200	105
31205	105
31207	105
31215	105
31232	105
31237	105
31242	105
31243	105
31264	105
31296	105
31307	105
31326	105
31336	105
31347	105
31357	105
31358	105
31362	105
31363	105
31379	105
31389	105
31396	105
31408	105
31418	105
31427	105
31429	105
31433	105
31453	105
31469	105
31499	105
31510	105
31517	105
31531	105
31537	105
31538	105
31544	105
31547	105
31553	105
31555	105
31558	105
31559	105
31561	105
31572	105
31590	105
31597	105
31607	105
31620	105
31629	105
31653	105
31654	105
31659	105
31670	105
31680	105
31687	105
31699	105
31703	105
31712	105
31715	105
31721	105
31733	105
31737	105
31745	105
31756	105
31759	105
31764	105
31772	105
31775	105
31789	105
31795	105
31806	105
31808	105
31810	105
31824	105
31825	105
31850	105
31857	105
31859	105
31871	105
31883	105
31893	105
31894	105
31907	105
31909	105
31942	105
31947	105
31952	105
31960	105
31964	105
31973	105
31990	105
32001	105
32007	105
32011	105
32027	105
32032	105
32033	105
32034	105
32035	105
32045	105
32056	105
32059	105
32064	105
32102	105
32108	105
32130	105
32145	105
32147	105
32148	105
32155	105
32159	105
32167	105
32176	105
32177	105
32183	105
32192	105
32199	105
32203	105
32209	105
32223	105
32242	105
32264	105
32273	105
32274	105
32276	105
32277	105
32292	105
32299	105
32311	105
32323	105
32340	105
32346	105
32356	105
32369	105
32375	105
32380	105
32383	105
32384	105
32389	105
32405	105
32415	105
32422	105
32429	105
32430	105
32457	105
32482	105
32492	105
32504	105
32509	105
32525	105
32542	105
32550	105
32554	105
32556	105
32564	105
32566	105
32572	105
32597	105
32610	105
32619	105
32622	105
32631	105
32633	105
32645	105
32657	105
32663	105
32664	105
32666	105
32671	105
32676	105
32679	105
32684	105
32685	105
32694	105
32698	105
32710	105
32714	105
32739	105
32743	105
32754	105
32765	105
32767	105
32780	105
32786	105
32827	105
32833	105
32838	105
32840	105
32847	105
32862	105
32870	105
32873	105
32914	105
32927	105
32935	105
32939	105
32942	105
32946	105
32951	105
32952	105
32965	105
32967	105
32970	105
32981	105
32995	105
32996	105
32997	105
33003	105
33010	105
33015	105
33018	105
33021	105
33033	105
33041	105
33043	105
33052	105
33055	105
33078	105
33081	105
33114	105
33130	105
33149	105
33154	105
33160	105
33167	105
33169	105
33173	105
33198	105
33214	105
33219	105
33226	105
33227	105
33231	105
33232	105
33235	105
33237	105
33264	105
33270	105
33279	105
33283	105
33287	105
33313	105
33324	105
33326	105
33347	105
33352	105
33354	105
33357	105
33363	105
33366	105
33410	105
33426	105
33438	105
33459	105
33477	105
33478	105
33484	105
33496	105
33508	105
33509	105
33510	105
33519	105
33520	105
33522	105
33533	105
33538	105
33547	105
33550	105
33562	105
33582	105
33588	105
33591	105
33604	105
33609	105
33617	105
33631	105
33635	105
33638	105
33648	105
33650	105
33663	105
33665	105
33676	105
33696	105
33706	105
33713	105
33733	105
33744	105
33747	105
33758	105
33770	105
33786	105
33787	105
33796	105
33806	105
33820	105
33830	105
33835	105
33836	105
33838	105
33840	105
33888	105
33897	105
33898	105
33924	105
33933	105
33941	105
33942	105
33956	105
33986	105
34001	105
34002	105
34003	105
34014	105
34039	105
34041	105
34044	105
34045	105
34057	105
34059	105
34086	105
34088	105
34095	105
34097	105
34119	105
34121	105
34140	105
34152	105
34162	105
34164	105
34165	105
34166	105
34167	105
34189	105
34194	105
34221	105
34224	105
34232	105
34240	105
34255	105
34266	105
34269	105
34279	105
34281	105
34287	105
34288	105
34311	105
34328	105
34335	105
34336	105
34338	105
34339	105
34342	105
34345	105
34346	105
34355	105
34360	105
34371	105
34377	105
34387	105
34389	105
34393	105
34405	105
34406	105
34411	105
34420	105
34427	105
34428	105
34433	105
34442	105
34456	105
34466	105
34468	105
34472	105
34485	105
34493	105
34496	105
34502	105
34511	105
34527	105
34531	105
34550	105
34555	105
34559	105
34569	105
34572	105
34579	105
34584	105
34593	105
34601	105
34615	105
34620	105
34626	105
34628	105
34634	105
34647	105
34666	105
34671	105
34682	105
34685	105
34688	105
34697	105
34698	105
34703	105
34727	105
34730	105
34752	105
34754	105
34758	105
34763	105
34779	105
34787	105
34788	105
34796	105
34799	105
34803	105
34810	105
34816	105
34827	105
34837	105
34844	105
34845	105
34847	105
34852	105
34867	105
34892	105
34894	105
34898	105
34905	105
34915	105
34957	105
34964	105
34969	105
34970	105
34982	105
34989	105
34990	105
34991	105
34996	105
34999	105
35004	105
35007	105
35028	105
35042	105
35061	105
35069	105
35100	105
35101	105
35102	105
35107	105
35120	105
35126	105
35160	105
35166	105
35184	105
35200	105
35203	105
35211	105
35214	105
35220	105
35231	105
35233	105
35240	105
35247	105
35253	105
35254	105
35259	105
35265	105
35273	105
35281	105
35284	105
35290	105
35291	105
35294	105
35295	105
35302	105
35318	105
35339	105
35346	105
35372	105
35376	105
35386	105
35398	105
35404	105
35414	105
35421	105
35423	105
35426	105
35434	105
35450	105
35456	105
35461	105
35464	105
35474	105
35475	105
35509	105
35530	105
35531	105
35546	105
35562	105
35574	105
35577	105
35594	105
35599	105
35631	105
35635	105
35637	105
35666	105
35667	105
35668	105
35681	105
35695	105
35697	105
35705	105
35706	105
35711	105
35719	105
35723	105
35725	105
35735	105
35741	105
35746	105
35748	105
35763	105
35765	105
35772	105
35797	105
35813	105
35815	105
35832	105
35834	105
35841	105
35845	105
35849	105
35851	105
35854	105
35856	105
35863	105
35882	105
35886	105
35898	105
35911	105
35931	105
35935	105
35938	105
35939	105
35949	105
35954	105
35955	105
35967	105
35969	105
35976	105
35982	105
35991	105
36019	105
36027	105
36043	105
36049	105
36055	105
36072	105
36081	105
36088	105
36090	105
36100	105
36114	105
36140	105
36163	105
36166	105
36182	105
36190	105
36208	105
36212	105
36215	105
36222	105
36228	105
36246	105
36250	105
36251	105
36253	105
36266	105
36267	105
36276	105
36277	105
36298	105
36321	105
36324	105
36329	105
36343	105
36347	105
36353	105
36378	105
36381	105
36387	105
36390	105
36410	105
36420	105
36425	105
36446	105
36447	105
36451	105
36457	105
36466	105
36483	105
36486	105
36493	105
36499	105
36503	105
36510	105
36537	105
36549	105
36578	105
36610	105
36611	105
36612	105
36615	105
36621	105
36627	105
36647	105
36650	105
36656	105
36660	105
36662	105
36663	105
36671	105
36684	105
36686	105
36693	105
36703	105
36730	105
36731	105
36747	105
36763	105
36764	105
36773	105
36777	105
36788	105
36805	105
36807	105
36809	105
36832	105
36838	105
36839	105
36841	105
36842	105
36868	105
36881	105
36886	105
36897	105
36908	105
36909	105
36926	105
36934	105
36936	105
36937	105
36939	105
36958	105
36962	105
36967	105
36978	105
36983	105
36991	105
36993	105
37003	105
37016	105
37023	105
37028	105
37032	105
37037	105
37042	105
37045	105
37051	105
37091	105
37125	105
37127	105
37129	105
37146	105
37157	105
37181	105
37185	105
37192	105
37194	105
37200	105
37207	105
37209	105
37219	105
37228	105
37234	105
37239	105
37241	105
37243	105
37252	105
37258	105
37265	105
37286	105
37288	105
37296	105
37297	105
37305	105
37324	105
37337	105
37341	105
37346	105
37349	105
37375	105
37376	105
37381	105
37407	105
37411	105
37413	105
37420	105
37429	105
37441	105
37452	105
37486	105
37490	105
37525	105
37535	105
37544	105
37563	105
37564	105
37568	105
37571	105
37576	105
37578	105
37580	105
37584	105
37593	105
37598	105
37600	105
37603	105
37604	105
37606	105
37622	105
37628	105
37631	105
37635	105
37636	105
37652	105
37653	105
37661	105
37681	105
37683	105
37689	105
37699	105
37704	105
37705	105
37707	105
37722	105
37724	105
37730	105
37734	105
37739	105
37747	105
37756	105
37776	105
37783	105
37785	105
37786	105
37788	105
37789	105
37795	105
37796	105
37803	105
37819	105
37820	105
37823	105
37828	105
37849	105
37858	105
37864	105
37870	105
37878	105
37879	105
37881	105
37890	105
37906	105
37911	105
37927	105
37934	105
37937	105
37938	105
37939	105
37950	105
37956	105
37958	105
37960	105
37965	105
37977	105
37979	105
37983	105
37992	105
37993	105
38031	105
38043	105
38047	105
38053	105
38062	105
38071	105
38083	105
38086	105
38095	105
38096	105
38104	105
38107	105
38113	105
38126	105
38130	105
38133	105
38135	105
38136	105
38138	105
38144	105
38146	105
38148	105
38168	105
38180	105
38182	105
38187	105
38190	105
38191	105
38212	105
38218	105
38261	105
38264	105
38265	105
38282	105
38283	105
38306	105
38309	105
38321	105
38322	105
38330	105
38331	105
38340	105
38345	105
38353	105
38375	105
38382	105
38389	105
38398	105
38399	105
38409	105
38410	105
38413	105
38420	105
38447	105
38450	105
38469	105
38514	105
38520	105
38521	105
38526	105
38540	105
38542	105
38544	105
38546	105
38552	105
38566	105
38572	105
38573	105
38574	105
38581	105
38583	105
38587	105
38591	105
38596	105
38598	105
38600	105
38609	105
38618	105
38627	105
38635	105
38638	105
38657	105
38659	105
38660	105
38661	105
38674	105
38675	105
38708	105
38715	105
38716	105
38717	105
38729	105
38740	105
38744	105
38746	105
38747	105
38750	105
38752	105
38756	105
38778	105
38796	105
38812	105
38813	105
38820	105
38822	105
38854	105
38858	105
38871	105
38874	105
38885	105
38887	105
38889	105
38901	105
38903	105
38906	105
38918	105
38920	105
38939	105
38946	105
38947	105
38979	105
38981	105
38994	105
38999	105
39000	105
39007	105
39019	105
39032	105
39033	105
39044	105
39064	105
39065	105
39067	105
39069	105
39071	105
39095	105
39102	105
39106	105
39107	105
39139	105
39168	105
39178	105
39188	105
39192	105
39199	105
39233	105
39238	105
39250	105
39251	105
39253	105
39267	105
39289	105
39294	105
39296	105
39302	105
39315	105
39319	105
39320	105
39328	105
39330	105
39342	105
39349	105
39350	105
39365	105
39379	105
39380	105
39394	105
39395	105
39403	105
39419	105
39420	105
39422	105
39427	105
39429	105
39452	105
39454	105
39456	105
39468	105
39472	105
39487	105
39498	105
39502	105
39519	105
39520	105
39531	105
39532	105
39538	105
39550	105
39551	105
39555	105
39566	105
39568	105
39573	105
39586	105
39610	105
39613	105
39627	105
39649	105
39660	105
39663	105
39665	105
39707	105
39718	105
39721	105
39735	105
39739	105
39743	105
39764	105
39772	105
39786	105
39792	105
39793	105
39803	105
39830	105
39836	105
39844	105
39865	105
39871	105
39876	105
39881	105
39914	105
39915	105
39927	105
39942	105
39959	105
39962	105
39966	105
39973	105
39994	105
40005	105
40010	105
40015	105
40029	105
40042	105
40047	105
40068	105
40073	105
40076	105
40077	105
40088	105
40093	105
40094	105
40107	105
40108	105
40117	105
40126	105
40129	105
40130	105
40142	105
40155	105
40163	105
40168	105
40176	105
40195	105
40204	105
40209	105
40213	105
40226	105
40242	105
40253	105
40275	105
40281	105
40291	105
40293	105
40305	105
40313	105
40315	105
40325	105
40326	105
40338	105
40340	105
40346	105
40354	105
40357	105
40391	105
40403	105
40409	105
40411	105
40413	105
40427	105
40435	105
40440	105
40441	105
40450	105
40465	105
40468	105
40476	105
40478	105
40490	105
40513	105
40516	105
40521	105
40526	105
40529	105
40540	105
40543	105
40546	105
40549	105
40566	105
40583	105
40604	105
40624	105
40625	105
40632	105
40649	105
40657	105
40670	105
40685	105
40686	105
40709	105
40710	105
40714	105
40723	105
40728	105
40737	105
40738	105
40740	105
40742	105
40752	105
40780	105
40783	105
40795	105
40799	105
40820	105
40827	105
40852	105
40859	105
40860	105
40869	105
40882	105
40885	105
40895	105
40916	105
40919	105
40922	105
40936	105
40957	105
40960	105
40964	105
40966	105
40970	105
40974	105
40978	105
40989	105
41002	105
41006	105
41041	105
41056	105
41059	105
41066	105
41076	105
41079	105
41087	105
41088	105
41090	105
41101	105
41107	105
41111	105
41116	105
41117	105
41139	105
41161	105
41164	105
41165	105
41173	105
41183	105
41192	105
41210	105
41216	105
41223	105
41229	105
41241	105
41244	105
41247	105
41257	105
41266	105
41278	105
41286	105
41295	105
41298	105
41304	105
41311	105
41312	105
41317	105
41323	105
41334	105
41338	105
41339	105
41342	105
41346	105
41364	105
41391	105
41399	105
41427	105
41436	105
41447	105
41461	105
41468	105
41471	105
41479	105
41507	105
41511	105
41513	105
41515	105
41530	105
41533	105
41540	105
41544	105
41550	105
41567	105
41578	105
41580	105
41582	105
41584	105
41591	105
41596	105
41609	105
41633	105
41639	105
41640	105
41643	105
41644	105
41646	105
41647	105
41676	105
41689	105
41692	105
41701	105
41705	105
41730	105
41736	105
41744	105
41745	105
41747	105
41750	105
41765	105
41775	105
41796	105
41799	105
41806	105
41807	105
41809	105
41830	105
41833	105
41861	105
41880	105
41906	105
41908	105
41915	105
41918	105
41922	105
41927	105
41930	105
41933	105
41935	105
41936	105
41938	105
41945	105
41953	105
41957	105
41972	105
41975	105
41982	105
41990	105
41998	105
42007	105
42014	105
42030	105
42031	105
42042	105
42045	105
42049	105
42065	105
42078	105
42081	105
42091	105
42094	105
42098	105
42108	105
42119	105
42124	105
42128	105
42142	105
42158	105
42159	105
42175	105
42188	105
42195	105
42201	105
42203	105
42217	105
42222	105
42223	105
42231	105
42235	105
42240	105
42247	105
42271	105
42276	105
42280	105
42286	105
42296	105
42301	105
42308	105
42324	105
42328	105
42331	105
42334	105
42340	105
42342	105
42345	105
42362	105
42372	105
42382	105
42387	105
42388	105
42389	105
42391	105
42395	105
42399	105
42400	105
42402	105
42421	105
42431	105
42444	105
42453	105
42462	105
42473	105
42477	105
42484	105
42495	105
42496	105
42498	105
42504	105
42569	105
42571	105
42598	105
42614	105
42616	105
42627	105
42628	105
42631	105
42642	105
42644	105
42645	105
42681	105
42691	105
42702	105
42706	105
42709	105
42713	105
42730	105
42735	105
42747	105
42754	105
42765	105
42766	105
42787	105
42795	105
42801	105
42802	105
42840	105
42846	105
42848	105
42853	105
42856	105
42858	105
42874	105
42882	105
42893	105
42899	105
42907	105
42908	105
42909	105
42920	105
42921	105
42926	105
42928	105
42937	105
42946	105
42957	105
42971	105
42982	105
42984	105
42985	105
42989	105
42999	105
43028	105
43031	105
43038	105
43051	105
43055	105
43063	105
43064	105
43076	105
43077	105
43094	105
43098	105
43152	105
43175	105
43181	105
43190	105
43208	105
43209	105
43223	105
43228	105
43262	105
43277	105
43284	105
43294	105
43301	105
43307	105
43309	105
43322	105
43323	105
43325	105
43333	105
43335	105
43345	105
43346	105
43347	105
43373	105
43393	105
43394	105
43395	105
43398	105
43405	105
43407	105
43424	105
43425	105
43439	105
43449	105
43461	105
43464	105
43495	105
43519	105
43525	105
43527	105
43530	105
43532	105
43537	105
43542	105
43547	105
43579	105
43596	105
43602	105
43612	105
43620	105
43636	105
43656	105
43660	105
43672	105
43680	105
43701	105
43709	105
43746	105
43750	105
43755	105
43768	105
43775	105
43780	105
43788	105
43793	105
43794	105
43804	105
43812	105
43813	105
43817	105
43826	105
43838	105
43842	105
43848	105
43853	105
43866	105
43875	105
43885	105
43889	105
43904	105
43915	105
43930	105
43945	105
43947	105
43950	105
43970	105
43976	105
43983	105
43984	105
43986	105
43993	105
43995	105
43999	105
44002	105
44007	105
44011	105
44028	105
44042	105
44043	105
44044	105
44053	105
44057	105
44058	105
44076	105
44078	105
44079	105
44090	105
44091	105
44101	105
44102	105
44103	105
44113	105
44121	105
44147	105
44155	105
44183	105
44190	105
44194	105
44215	105
44221	105
44230	105
44256	105
44257	105
44260	105
44265	105
44277	105
44298	105
44318	105
44333	105
44347	105
44349	105
44354	105
44355	105
44381	105
44387	105
44410	105
44413	105
44423	105
44430	105
44431	105
44435	105
44440	105
44461	105
44472	105
44476	105
44482	105
44491	105
44494	105
44510	105
44523	105
44528	105
44529	105
44539	105
44549	105
44550	105
44557	105
44559	105
44571	105
44576	105
44592	105
44596	105
44601	105
44608	105
44620	105
44624	105
44629	105
44649	105
44653	105
44658	105
44662	105
44677	105
44685	105
44687	105
44696	105
44726	105
44732	105
44733	105
44735	105
44739	105
44741	105
44743	105
44771	105
44774	105
44777	105
44793	105
44798	105
44804	105
44810	105
44814	105
44820	105
44828	105
44833	105
44842	105
44845	105
44846	105
44848	105
44857	105
44863	105
44866	105
44873	105
44894	105
44907	105
44908	105
44916	105
44920	105
44937	105
44939	105
44945	105
44955	105
44959	105
44966	105
44970	105
44974	105
44995	105
44997	105
45011	105
45023	105
45045	105
45051	105
45058	105
45059	105
45061	105
45065	105
45071	105
45073	105
45075	105
45078	105
45082	105
45085	105
45086	105
45113	105
45117	105
45120	105
45140	105
45153	105
45157	105
45174	105
45181	105
45196	105
45203	105
45212	105
45215	105
45219	105
45234	105
45244	105
45246	105
45254	105
45260	105
45268	105
45269	105
45277	105
45278	105
45288	105
45296	105
45298	105
45303	105
45315	105
45336	105
45338	105
45367	105
45426	105
45430	105
45434	105
45450	105
45453	105
45461	105
45462	105
45463	105
45470	105
45481	105
45485	105
45497	105
45504	105
45509	105
45512	105
45516	105
45528	105
45530	105
45541	105
45545	105
45550	105
45562	105
45563	105
45569	105
45570	105
45577	105
45594	105
45605	105
45610	105
45613	105
45623	105
45630	105
45633	105
45640	105
45647	105
45671	105
45677	105
45679	105
45681	105
45684	105
45693	105
45694	105
45695	105
45714	105
45726	105
45751	105
45760	105
45778	105
45780	105
45781	105
45783	105
45787	105
45790	105
45795	105
45800	105
45805	105
45815	105
45816	105
45820	105
45826	105
45833	105
45834	105
45852	105
45866	105
45869	105
45877	105
45878	105
45883	105
45892	105
45900	105
45921	105
45922	105
45928	105
45947	105
45965	105
45970	105
45977	105
45986	105
45988	105
45991	105
45995	105
46021	105
46024	105
46061	105
46072	105
46076	105
46079	105
46084	105
46093	105
46105	105
46110	105
46124	105
46127	105
46140	105
46147	105
46148	105
46154	105
46158	105
46161	105
46163	105
46164	105
46172	105
46176	105
46183	105
46186	105
46192	105
46198	105
46201	105
46212	105
46215	105
46216	105
46217	105
46222	105
46224	105
46243	105
46259	105
46262	105
46274	105
46279	105
46284	105
46302	105
46327	105
46342	105
46347	105
46358	105
46359	105
46361	105
46380	105
46399	105
46402	105
46403	105
46412	105
46417	105
46419	105
46425	105
46457	105
46460	105
46464	105
46469	105
46473	105
46484	105
46487	105
46494	105
46497	105
46500	105
46502	105
46507	105
46513	105
46525	105
46547	105
46551	105
46555	105
46556	105
46557	105
46562	105
46566	105
46570	105
46580	105
46592	105
46594	105
46596	105
46622	105
46632	105
46651	105
46653	105
46655	105
46659	105
46661	105
46674	105
46680	105
46681	105
46697	105
46701	105
46709	105
46723	105
46732	105
46734	105
46750	105
46758	105
46767	105
46768	105
46769	105
46797	105
46808	105
46809	105
46833	105
46834	105
46841	105
46843	105
46845	105
46848	105
46879	105
46886	105
46899	105
46900	105
46902	105
46914	105
46924	105
46928	105
46930	105
46941	105
46968	105
46980	105
46981	105
46988	105
46997	105
47004	105
47007	105
47026	105
47039	105
47045	105
47078	105
47087	105
47095	105
47101	105
47151	105
47170	105
47181	105
47182	105
47183	105
47191	105
47213	105
47229	105
47258	105
47266	105
47274	105
47275	105
47286	105
47295	105
47303	105
47312	105
47324	105
47346	105
47349	105
47376	105
47379	105
47390	105
47397	105
47410	105
47414	105
47425	105
47433	105
47440	105
47449	105
47460	105
47461	105
47497	105
47500	105
47503	105
47516	105
47535	105
47547	105
47563	105
47564	105
47569	105
47573	105
47579	105
47581	105
47585	105
47586	105
47588	105
47594	105
47609	105
47611	105
47623	105
47626	105
47641	105
47672	105
47687	105
47688	105
47689	105
47693	105
47707	105
47713	105
47725	105
47744	105
47745	105
47758	105
47760	105
47775	105
47781	105
47782	105
47785	105
47791	105
47792	105
47793	105
47797	105
47803	105
47806	105
47814	105
47852	105
47910	105
47913	105
47916	105
47928	105
47943	105
47955	105
47972	105
47974	105
47976	105
47983	105
47995	105
48001	105
48003	105
48006	105
48007	105
48024	105
48029	105
48030	105
48031	105
48038	105
48040	105
48047	105
48050	105
48053	105
48065	105
48067	105
48070	105
48074	105
48076	105
48100	105
48101	105
48110	105
48120	105
48138	105
48139	105
48146	105
48148	105
48155	105
48158	105
48160	105
48186	105
48197	105
48204	105
48216	105
48226	105
48227	105
48229	105
48236	105
48243	105
48250	105
48260	105
48265	105
48294	105
48304	105
48309	105
48310	105
48313	105
48320	105
48321	105
48331	105
48333	105
48335	105
48369	105
48374	105
48379	105
48381	105
48397	105
48401	105
48409	105
48421	105
48425	105
48437	105
48462	105
48464	105
48473	105
48485	105
48501	105
48511	105
48532	105
48535	105
48542	105
48543	105
48544	105
48551	105
48552	105
48560	105
48564	105
48571	105
48585	105
48590	105
48600	105
48609	105
48622	105
48624	105
48625	105
48634	105
48637	105
48639	105
48646	105
48651	105
48656	105
48690	105
48708	105
48709	105
48720	105
48721	105
48727	105
48737	105
48744	105
48753	105
48754	105
48783	105
48786	105
48795	105
48802	105
48810	105
48816	105
48817	105
48824	105
48829	105
48841	105
48842	105
48849	105
48866	105
48885	105
48906	105
48927	105
48937	105
48954	105
48957	105
48967	105
48983	105
48984	105
48988	105
48992	105
48996	105
48998	105
49015	105
49017	105
49020	105
49027	105
49034	105
49049	105
49051	105
49054	105
49063	105
49065	105
49066	105
49087	105
49092	105
49097	105
49098	105
49127	105
49149	105
49161	105
49162	105
49163	105
49170	105
49174	105
49184	105
49190	105
49192	105
49196	105
49200	105
49202	105
49206	105
49211	105
49214	105
49219	105
49227	105
49236	105
49238	105
49253	105
49264	105
49270	105
49271	105
49281	105
49283	105
49287	105
49289	105
49307	105
49313	105
49318	105
49324	105
49325	105
49331	105
49344	105
49354	105
49355	105
49356	105
49367	105
49370	105
49376	105
49377	105
49387	105
49409	105
49414	105
49425	105
49438	105
49444	105
49447	105
49454	105
49458	105
49474	105
49477	105
49478	105
49486	105
49489	105
49501	105
49503	105
49504	105
49510	105
49520	105
49522	105
49532	105
49537	105
49540	105
49541	105
49543	105
49556	105
49564	105
49566	105
49569	105
49575	105
49579	105
49581	105
49585	105
49589	105
49591	105
49608	105
49614	105
49632	105
49633	105
49640	105
49648	105
49656	105
49659	105
49661	105
49662	105
49672	105
49675	105
49679	105
49683	105
49693	105
49694	105
49704	105
49717	105
49724	105
49728	105
49747	105
49765	105
49768	105
49774	105
49776	105
49781	105
49787	105
49796	105
49811	105
49816	105
49836	105
49838	105
49862	105
49864	105
49865	105
49866	105
49873	105
49875	105
49894	105
49915	105
49916	105
49918	105
49922	105
49930	105
49934	105
49950	105
49953	105
49956	105
49957	105
49961	105
49966	105
49993	105
49994	105
49998	105
49999	105
0	104
14	104
20	104
22	104
24	104
33	104
34	104
35	104
66	104
81	104
102	104
105	104
122	104
123	104
140	104
143	104
153	104
169	104
172	104
183	104
189	104
192	104
206	104
212	104
219	104
231	104
238	104
240	104
242	104
244	104
251	104
267	104
270	104
272	104
273	104
278	104
283	104
285	104
286	104
287	104
293	104
295	104
298	104
309	104
313	104
320	104
327	104
334	104
336	104
341	104
343	104
344	104
349	104
355	104
356	104
365	104
370	104
371	104
373	104
376	104
379	104
381	104
382	104
390	104
395	104
404	104
407	104
417	104
431	104
437	104
439	104
443	104
456	104
457	104
458	104
462	104
467	104
485	104
518	104
546	104
553	104
564	104
569	104
584	104
596	104
603	104
607	104
625	104
632	104
638	104
651	104
653	104
661	104
670	104
678	104
684	104
695	104
703	104
705	104
713	104
715	104
718	104
741	104
743	104
761	104
766	104
771	104
774	104
779	104
790	104
809	104
820	104
821	104
824	104
830	104
844	104
847	104
875	104
879	104
896	104
900	104
915	104
919	104
922	104
941	104
944	104
951	104
959	104
960	104
988	104
993	104
994	104
996	104
1000	104
1004	104
1034	104
1035	104
1036	104
1060	104
1065	104
1100	104
1131	104
1134	104
1137	104
1139	104
1143	104
1156	104
1157	104
1168	104
1182	104
1191	104
1201	104
1207	104
1233	104
1236	104
1244	104
1263	104
1270	104
1271	104
1287	104
1288	104
1313	104
1314	104
1343	104
1368	104
1382	104
1383	104
1388	104
1393	104
1404	104
1412	104
1418	104
1422	104
1440	104
1450	104
1465	104
1472	104
1476	104
1488	104
1491	104
1495	104
1496	104
1514	104
1524	104
1525	104
1526	104
1527	104
1542	104
1543	104
1553	104
1562	104
1585	104
1596	104
1599	104
1602	104
1604	104
1610	104
1622	104
1623	104
1626	104
1628	104
1634	104
1642	104
1647	104
1660	104
1661	104
1672	104
1679	104
1682	104
1686	104
1690	104
1694	104
1706	104
1707	104
1708	104
1710	104
1720	104
1721	104
1723	104
1725	104
1732	104
1735	104
1760	104
1761	104
1771	104
1778	104
1779	104
1801	104
1802	104
1814	104
1817	104
1818	104
1827	104
1829	104
1838	104
1851	104
1876	104
1896	104
1903	104
1907	104
1909	104
1911	104
1916	104
1939	104
1957	104
1982	104
1986	104
1992	104
1993	104
2001	104
2015	104
2023	104
2031	104
2040	104
2047	104
2049	104
2050	104
2059	104
2075	104
2085	104
2097	104
2108	104
2110	104
2115	104
2117	104
2119	104
2136	104
2148	104
2151	104
2155	104
2170	104
2177	104
2181	104
2190	104
2196	104
2198	104
2202	104
2205	104
2216	104
2240	104
2250	104
2254	104
2255	104
2265	104
2271	104
2274	104
2278	104
2287	104
2289	104
2292	104
2305	104
2335	104
2344	104
2358	104
2362	104
2372	104
2374	104
2383	104
2384	104
2386	104
2395	104
2404	104
2421	104
2428	104
2438	104
2445	104
2478	104
2497	104
2505	104
2509	104
2538	104
2544	104
2553	104
2555	104
2558	104
2559	104
2563	104
2579	104
2586	104
2587	104
2597	104
2620	104
2639	104
2643	104
2644	104
2651	104
2664	104
2669	104
2677	104
2685	104
2703	104
2706	104
2717	104
2728	104
2731	104
2737	104
2740	104
2741	104
2759	104
2762	104
2775	104
2787	104
2801	104
2813	104
2823	104
2824	104
2833	104
2839	104
2842	104
2847	104
2850	104
2861	104
2904	104
2910	104
2911	104
2920	104
2922	104
2923	104
2925	104
2926	104
2935	104
2940	104
2947	104
2949	104
2951	104
2959	104
2967	104
2968	104
2969	104
2978	104
2986	104
2989	104
2993	104
2995	104
3026	104
3045	104
3055	104
3067	104
3074	104
3088	104
3091	104
3102	104
3107	104
3112	104
3115	104
3118	104
3119	104
3127	104
3128	104
3132	104
3134	104
3135	104
3143	104
3162	104
3176	104
3181	104
3183	104
3184	104
3243	104
3251	104
3257	104
3265	104
3279	104
3298	104
3299	104
3300	104
3312	104
3314	104
3318	104
3330	104
3332	104
3348	104
3352	104
3356	104
3361	104
3366	104
3371	104
3383	104
3403	104
3421	104
3444	104
3455	104
3456	104
3480	104
3484	104
3513	104
3515	104
3519	104
3521	104
3535	104
3550	104
3556	104
3566	104
3568	104
3573	104
3596	104
3597	104
3610	104
3622	104
3626	104
3632	104
3643	104
3646	104
3651	104
3657	104
3674	104
3675	104
3690	104
3730	104
3738	104
3748	104
3759	104
3774	104
3778	104
3784	104
3785	104
3790	104
3791	104
3794	104
3800	104
3810	104
3811	104
3835	104
3842	104
3845	104
3860	104
3869	104
3870	104
3880	104
3882	104
3891	104
3901	104
3911	104
3917	104
3927	104
3930	104
3939	104
3947	104
3961	104
3963	104
3967	104
3977	104
3978	104
3983	104
3992	104
3998	104
4001	104
4029	104
4030	104
4045	104
4054	104
4058	104
4070	104
4074	104
4075	104
4078	104
4087	104
4093	104
4102	104
4103	104
4109	104
4113	104
4127	104
4130	104
4140	104
4144	104
4149	104
4151	104
4152	104
4153	104
4166	104
4172	104
4185	104
4188	104
4204	104
4205	104
4210	104
4224	104
4228	104
4235	104
4241	104
4242	104
4244	104
4249	104
4263	104
4264	104
4266	104
4270	104
4271	104
4274	104
4277	104
4280	104
4282	104
4286	104
4309	104
4345	104
4347	104
4365	104
4369	104
4371	104
4387	104
4396	104
4399	104
4419	104
4421	104
4434	104
4442	104
4445	104
4452	104
4460	104
4477	104
4478	104
4493	104
4500	104
4509	104
4515	104
4528	104
4539	104
4543	104
4591	104
4592	104
4620	104
4627	104
4636	104
4640	104
4667	104
4683	104
4686	104
4712	104
4730	104
4732	104
4742	104
4750	104
4756	104
4757	104
4764	104
4767	104
4768	104
4793	104
4795	104
4805	104
4815	104
4824	104
4825	104
4838	104
4846	104
4851	104
4854	104
4855	104
4860	104
4861	104
4868	104
4871	104
4876	104
4882	104
4896	104
4903	104
4906	104
4910	104
4913	104
4914	104
4915	104
4916	104
4919	104
4936	104
4937	104
4962	104
4971	104
4979	104
4980	104
4992	104
5000	104
5001	104
5005	104
5010	104
5023	104
5044	104
5050	104
5051	104
5060	104
5084	104
5091	104
5097	104
5098	104
5107	104
5110	104
5115	104
5116	104
5140	104
5141	104
5153	104
5161	104
5163	104
5174	104
5175	104
5184	104
5189	104
5198	104
5207	104
5222	104
5225	104
5230	104
5234	104
5241	104
5256	104
5260	104
5268	104
5270	104
5289	104
5294	104
5303	104
5304	104
5307	104
5327	104
5328	104
5330	104
5337	104
5351	104
5368	104
5369	104
5372	104
5377	104
5378	104
5389	104
5390	104
5393	104
5398	104
5408	104
5416	104
5455	104
5469	104
5472	104
5497	104
5503	104
5509	104
5526	104
5548	104
5550	104
5559	104
5564	104
5565	104
5574	104
5587	104
5588	104
5608	104
5612	104
5617	104
5619	104
5625	104
5634	104
5639	104
5671	104
5678	104
5692	104
5707	104
5710	104
5714	104
5721	104
5730	104
5743	104
5744	104
5753	104
5759	104
5763	104
5774	104
5775	104
5776	104
5810	104
5811	104
5812	104
5819	104
5820	104
5828	104
5841	104
5844	104
5846	104
5852	104
5856	104
5867	104
5868	104
5874	104
5880	104
5896	104
5919	104
5949	104
5951	104
5952	104
5967	104
5973	104
5976	104
5977	104
5978	104
5985	104
5989	104
6004	104
6008	104
6014	104
6034	104
6042	104
6049	104
6051	104
6062	104
6063	104
6074	104
6078	104
6088	104
6119	104
6133	104
6146	104
6154	104
6155	104
6161	104
6162	104
6164	104
6165	104
6182	104
6184	104
6187	104
6193	104
6208	104
6213	104
6214	104
6215	104
6217	104
6225	104
6227	104
6228	104
6240	104
6249	104
6263	104
6280	104
6283	104
6288	104
6296	104
6312	104
6322	104
6324	104
6327	104
6332	104
6352	104
6363	104
6365	104
6369	104
6375	104
6377	104
6379	104
6380	104
6382	104
6390	104
6394	104
6410	104
6411	104
6417	104
6420	104
6428	104
6431	104
6441	104
6455	104
6458	104
6459	104
6467	104
6468	104
6481	104
6483	104
6490	104
6491	104
6505	104
6518	104
6520	104
6541	104
6547	104
6559	104
6562	104
6573	104
6577	104
6580	104
6584	104
6592	104
6593	104
6599	104
6612	104
6622	104
6642	104
6647	104
6650	104
6661	104
6664	104
6670	104
6675	104
6678	104
6689	104
6692	104
6694	104
6696	104
6708	104
6711	104
6716	104
6717	104
6723	104
6727	104
6737	104
6774	104
6776	104
6778	104
6791	104
6822	104
6823	104
6854	104
6859	104
6883	104
6888	104
6891	104
6901	104
6910	104
6925	104
6938	104
6954	104
6961	104
6981	104
6998	104
7022	104
7029	104
7057	104
7065	104
7067	104
7071	104
7074	104
7087	104
7090	104
7095	104
7125	104
7131	104
7133	104
7137	104
7140	104
7146	104
7154	104
7165	104
7167	104
7174	104
7175	104
7176	104
7180	104
7186	104
7190	104
7199	104
7200	104
7201	104
7211	104
7213	104
7214	104
7223	104
7252	104
7258	104
7262	104
7264	104
7273	104
7275	104
7281	104
7295	104
7307	104
7322	104
7324	104
7327	104
7349	104
7352	104
7353	104
7361	104
7364	104
7379	104
7409	104
7415	104
7417	104
7418	104
7430	104
7438	104
7457	104
7465	104
7467	104
7474	104
7475	104
7477	104
7480	104
7482	104
7483	104
7492	104
7499	104
7504	104
7510	104
7532	104
7539	104
7543	104
7548	104
7564	104
7589	104
7599	104
7610	104
7614	104
7616	104
7620	104
7630	104
7637	104
7639	104
7643	104
7650	104
7654	104
7660	104
7666	104
7670	104
7672	104
7674	104
7676	104
7683	104
7684	104
7685	104
7693	104
7700	104
7709	104
7737	104
7740	104
7741	104
7747	104
7757	104
7767	104
7774	104
7777	104
7781	104
7786	104
7787	104
7796	104
7806	104
7807	104
7826	104
7849	104
7857	104
7865	104
7874	104
7887	104
7894	104
7900	104
7901	104
7912	104
7914	104
7916	104
7920	104
7923	104
7926	104
7929	104
7931	104
7934	104
7936	104
7940	104
7943	104
7949	104
7953	104
7955	104
7956	104
7962	104
7964	104
7967	104
7970	104
7984	104
7985	104
8009	104
8016	104
8021	104
8025	104
8035	104
8038	104
8040	104
8057	104
8061	104
8066	104
8071	104
8077	104
8083	104
8092	104
8094	104
8103	104
8113	104
8118	104
8120	104
8132	104
8133	104
8135	104
8144	104
8146	104
8154	104
8158	104
8164	104
8167	104
8174	104
8177	104
8193	104
8198	104
8207	104
8210	104
8216	104
8240	104
8246	104
8262	104
8270	104
8271	104
8277	104
8280	104
8289	104
8301	104
8302	104
8308	104
8332	104
8350	104
8362	104
8377	104
8411	104
8413	104
8418	104
8425	104
8432	104
8447	104
8461	104
8493	104
8503	104
8509	104
8514	104
8519	104
8533	104
8545	104
8549	104
8552	104
8555	104
8560	104
8566	104
8580	104
8582	104
8583	104
8598	104
8631	104
8637	104
8642	104
8656	104
8661	104
8667	104
8676	104
8679	104
8685	104
8688	104
8689	104
8691	104
8693	104
8698	104
8705	104
8727	104
8734	104
8736	104
8741	104
8752	104
8757	104
8766	104
8773	104
8775	104
8777	104
8785	104
8792	104
8811	104
8816	104
8821	104
8822	104
8823	104
8833	104
8849	104
8858	104
8860	104
8861	104
8866	104
8888	104
8889	104
8891	104
8892	104
8900	104
8903	104
8914	104
8918	104
8926	104
8933	104
8946	104
8956	104
8960	104
8961	104
8966	104
8978	104
8979	104
8981	104
8987	104
9012	104
9014	104
9027	104
9031	104
9040	104
9045	104
9047	104
9062	104
9088	104
9108	104
9109	104
9117	104
9122	104
9123	104
9129	104
9135	104
9166	104
9170	104
9172	104
9191	104
9199	104
9201	104
9209	104
9210	104
9219	104
9235	104
9240	104
9241	104
9243	104
9245	104
9249	104
9276	104
9279	104
9288	104
9290	104
9298	104
9306	104
9309	104
9313	104
9325	104
9326	104
9337	104
9363	104
9372	104
9377	104
9391	104
9393	104
9395	104
9402	104
9407	104
9421	104
9426	104
9431	104
9433	104
9442	104
9445	104
9446	104
9447	104
9449	104
9454	104
9464	104
9473	104
9477	104
9481	104
9482	104
9484	104
9486	104
9508	104
9509	104
9515	104
9524	104
9532	104
9534	104
9555	104
9557	104
9573	104
9582	104
9589	104
9616	104
9625	104
9630	104
9635	104
9648	104
9654	104
9669	104
9671	104
9680	104
9701	104
9712	104
9713	104
9724	104
9733	104
9734	104
9736	104
9740	104
9745	104
9749	104
9763	104
9765	104
9776	104
9798	104
9802	104
9803	104
9806	104
9810	104
9816	104
9823	104
9832	104
9845	104
9847	104
9858	104
9866	104
9871	104
9879	104
9904	104
9906	104
9916	104
9921	104
9924	104
9926	104
9928	104
9931	104
9936	104
9945	104
9952	104
9963	104
9966	104
9975	104
9990	104
10004	104
10018	104
10028	104
10055	104
10066	104
10068	104
10088	104
10114	104
10131	104
10140	104
10153	104
10155	104
10158	104
10166	104
10173	104
10178	104
10210	104
10214	104
10226	104
10244	104
10245	104
10267	104
10277	104
10285	104
10287	104
10301	104
10317	104
10325	104
10330	104
10335	104
10367	104
10370	104
10378	104
10410	104
10411	104
10412	104
10414	104
10422	104
10423	104
10432	104
10436	104
10455	104
10458	104
10472	104
10479	104
10502	104
10505	104
10507	104
10512	104
10513	104
10519	104
10535	104
10537	104
10539	104
10551	104
10571	104
10582	104
10595	104
10613	104
10634	104
10638	104
10639	104
10640	104
10652	104
10653	104
10655	104
10657	104
10674	104
10682	104
10710	104
10761	104
10774	104
10778	104
10787	104
10797	104
10805	104
10818	104
10829	104
10871	104
10874	104
10893	104
10896	104
10913	104
10935	104
10940	104
10941	104
10955	104
10960	104
10980	104
10982	104
10984	104
10999	104
11009	104
11011	104
11040	104
11046	104
11048	104
11060	104
11064	104
11071	104
11081	104
11086	104
11091	104
11093	104
11095	104
11100	104
11108	104
11124	104
11132	104
11145	104
11149	104
11171	104
11172	104
11175	104
11179	104
11185	104
11187	104
11188	104
11189	104
11193	104
11197	104
11200	104
11202	104
11206	104
11211	104
11220	104
11225	104
11245	104
11250	104
11251	104
11260	104
11263	104
11274	104
11275	104
11278	104
11286	104
11292	104
11295	104
11308	104
11309	104
11319	104
11323	104
11329	104
11342	104
11350	104
11352	104
11358	104
11359	104
11361	104
11365	104
11367	104
11377	104
11379	104
11386	104
11393	104
11413	104
11424	104
11438	104
11439	104
11443	104
11445	104
11456	104
11482	104
11487	104
11493	104
11499	104
11504	104
11538	104
11539	104
11552	104
11555	104
11569	104
11572	104
11578	104
11588	104
11591	104
11592	104
11595	104
11602	104
11604	104
11621	104
11626	104
11629	104
11666	104
11683	104
11691	104
11692	104
11705	104
11712	104
11716	104
11736	104
11737	104
11751	104
11752	104
11758	104
11769	104
11784	104
11787	104
11792	104
11803	104
11809	104
11819	104
11829	104
11859	104
11865	104
11879	104
11888	104
11906	104
11912	104
11918	104
11923	104
11924	104
11925	104
11931	104
11935	104
11939	104
11948	104
11949	104
11950	104
11952	104
11956	104
11969	104
11971	104
11977	104
11983	104
11993	104
12001	104
12004	104
12011	104
12012	104
12024	104
12040	104
12042	104
12048	104
12061	104
12064	104
12071	104
12072	104
12074	104
12080	104
12095	104
12100	104
12102	104
12109	104
12120	104
12127	104
12130	104
12131	104
12134	104
12146	104
12149	104
12154	104
12162	104
12169	104
12176	104
12186	104
12194	104
12197	104
12201	104
12209	104
12223	104
12229	104
12242	104
12243	104
12264	104
12267	104
12294	104
12328	104
12348	104
12351	104
12360	104
12363	104
12374	104
12375	104
12377	104
12388	104
12392	104
12395	104
12404	104
12412	104
12416	104
12422	104
12437	104
12454	104
12475	104
12484	104
12495	104
12499	104
12513	104
12515	104
12526	104
12527	104
12536	104
12550	104
12557	104
12565	104
12568	104
12575	104
12578	104
12583	104
12584	104
12591	104
12595	104
12599	104
12606	104
12628	104
12634	104
12647	104
12651	104
12652	104
12661	104
12669	104
12678	104
12683	104
12688	104
12701	104
12704	104
12718	104
12731	104
12737	104
12746	104
12779	104
12788	104
12797	104
12801	104
12819	104
12846	104
12847	104
12856	104
12863	104
12867	104
12868	104
12877	104
12882	104
12888	104
12890	104
12901	104
12917	104
12923	104
12927	104
12930	104
12931	104
12937	104
12969	104
12970	104
12977	104
13001	104
13006	104
13008	104
13018	104
13034	104
13046	104
13051	104
13055	104
13066	104
13076	104
13082	104
13104	104
13126	104
13131	104
13149	104
13159	104
13170	104
13175	104
13176	104
13183	104
13187	104
13190	104
13191	104
13195	104
13198	104
13206	104
13213	104
13215	104
13236	104
13239	104
13256	104
13258	104
13261	104
13269	104
13282	104
13283	104
13287	104
13293	104
13295	104
13309	104
13313	104
13322	104
13330	104
13341	104
13353	104
13357	104
13360	104
13372	104
13381	104
13389	104
13392	104
13393	104
13406	104
13414	104
13420	104
13435	104
13444	104
13450	104
13471	104
13472	104
13473	104
13491	104
13494	104
13509	104
13527	104
13532	104
13545	104
13553	104
13555	104
13559	104
13560	104
13564	104
13568	104
13580	104
13596	104
13612	104
13615	104
13618	104
13634	104
13635	104
13639	104
13648	104
13652	104
13665	104
13684	104
13695	104
13700	104
13722	104
13731	104
13743	104
13752	104
13757	104
13759	104
13761	104
13763	104
13789	104
13803	104
13812	104
13818	104
13822	104
13829	104
13837	104
13839	104
13840	104
13860	104
13863	104
13875	104
13880	104
13893	104
13895	104
13897	104
13902	104
13904	104
13905	104
13908	104
13914	104
13918	104
13921	104
13922	104
13933	104
13941	104
13948	104
13956	104
13978	104
13995	104
13996	104
14001	104
14008	104
14017	104
14018	104
14020	104
14024	104
14026	104
14028	104
14029	104
14046	104
14051	104
14080	104
14088	104
14093	104
14100	104
14106	104
14120	104
14128	104
14133	104
14142	104
14156	104
14158	104
14163	104
14173	104
14197	104
14202	104
14204	104
14242	104
14271	104
14272	104
14275	104
14282	104
14289	104
14292	104
14297	104
14312	104
14333	104
14334	104
14336	104
14337	104
14345	104
14360	104
14366	104
14374	104
14393	104
14401	104
14407	104
14411	104
14416	104
14422	104
14427	104
14443	104
14446	104
14465	104
14487	104
14491	104
14494	104
14495	104
14498	104
14504	104
14515	104
14522	104
14545	104
14548	104
14557	104
14561	104
14570	104
14573	104
14575	104
14586	104
14588	104
14589	104
14591	104
14595	104
14598	104
14610	104
14611	104
14625	104
14631	104
14646	104
14651	104
14653	104
14661	104
14662	104
14668	104
14671	104
14672	104
14674	104
14675	104
14689	104
14690	104
14697	104
14700	104
14702	104
14716	104
14740	104
14756	104
14761	104
14768	104
14789	104
14798	104
14799	104
14811	104
14814	104
14819	104
14835	104
14841	104
14850	104
14856	104
14868	104
14880	104
14884	104
14893	104
14895	104
14898	104
14920	104
14921	104
14922	104
14930	104
14937	104
14945	104
14955	104
14958	104
14971	104
14987	104
14994	104
14996	104
14999	104
15007	104
15015	104
15021	104
15028	104
15029	104
15034	104
15036	104
15042	104
15043	104
15049	104
15067	104
15069	104
15076	104
15077	104
15078	104
15082	104
15085	104
15086	104
15103	104
15111	104
15112	104
15129	104
15134	104
15147	104
15149	104
15154	104
15160	104
15170	104
15177	104
15211	104
15213	104
15225	104
15231	104
15234	104
15244	104
15246	104
15249	104
15272	104
15274	104
15280	104
15290	104
15296	104
15308	104
15323	104
15348	104
15361	104
15363	104
15370	104
15376	104
15391	104
15396	104
15401	104
15405	104
15408	104
15417	104
15432	104
15434	104
15437	104
15438	104
15461	104
15462	104
15469	104
15482	104
15485	104
15492	104
15493	104
15495	104
15497	104
15505	104
15507	104
15516	104
15519	104
15520	104
15525	104
15539	104
15559	104
15560	104
15565	104
15581	104
15586	104
15599	104
15634	104
15643	104
15660	104
15661	104
15663	104
15667	104
15676	104
15677	104
15692	104
15702	104
15707	104
15726	104
15729	104
15736	104
15738	104
15743	104
15744	104
15749	104
15754	104
15760	104
15761	104
15768	104
15779	104
15815	104
15831	104
15838	104
15842	104
15843	104
15850	104
15865	104
15871	104
15919	104
15922	104
15927	104
15938	104
15944	104
15955	104
15964	104
15966	104
15967	104
15984	104
15989	104
15992	104
15999	104
16000	104
16004	104
16018	104
16030	104
16031	104
16037	104
16040	104
16041	104
16043	104
16044	104
16045	104
16046	104
16049	104
16058	104
16069	104
16078	104
16092	104
16096	104
16110	104
16115	104
16143	104
16145	104
16156	104
16176	104
16182	104
16187	104
16195	104
16202	104
16212	104
16226	104
16233	104
16251	104
16262	104
16265	104
16280	104
16282	104
16285	104
16288	104
16292	104
16297	104
16303	104
16308	104
16309	104
16311	104
16313	104
16331	104
16332	104
16333	104
16335	104
16343	104
16345	104
16361	104
16362	104
16364	104
16370	104
16371	104
16376	104
16387	104
16389	104
16394	104
16398	104
16400	104
16401	104
16415	104
16417	104
16419	104
16427	104
16431	104
16476	104
16477	104
16492	104
16493	104
16494	104
16498	104
16500	104
16502	104
16506	104
16524	104
16526	104
16528	104
16539	104
16553	104
16566	104
16579	104
16589	104
16595	104
16606	104
16614	104
16620	104
16629	104
16633	104
16636	104
16637	104
16642	104
16661	104
16662	104
16670	104
16692	104
16695	104
16716	104
16717	104
16738	104
16751	104
16765	104
16785	104
16790	104
16799	104
16807	104
16815	104
16817	104
16825	104
16829	104
16851	104
16853	104
16854	104
16855	104
16862	104
16868	104
16869	104
16879	104
16885	104
16905	104
16915	104
16917	104
16918	104
16932	104
16951	104
16965	104
16979	104
16983	104
16993	104
17004	104
17011	104
17021	104
17030	104
17042	104
17043	104
17044	104
17052	104
17062	104
17068	104
17070	104
17076	104
17081	104
17089	104
17101	104
17106	104
17113	104
17117	104
17123	104
17136	104
17139	104
17143	104
17150	104
17170	104
17174	104
17189	104
17192	104
17206	104
17223	104
17226	104
17263	104
17264	104
17269	104
17278	104
17298	104
17301	104
17308	104
17311	104
17330	104
17332	104
17334	104
17340	104
17352	104
17368	104
17369	104
17373	104
17375	104
17377	104
17379	104
17385	104
17397	104
17414	104
17421	104
17424	104
17445	104
17457	104
17463	104
17468	104
17475	104
17477	104
17484	104
17495	104
17496	104
17512	104
17513	104
17517	104
17523	104
17526	104
17530	104
17531	104
17548	104
17549	104
17564	104
17571	104
17601	104
17614	104
17624	104
17632	104
17635	104
17640	104
17659	104
17669	104
17676	104
17700	104
17710	104
17722	104
17732	104
17737	104
17749	104
17776	104
17777	104
17781	104
17782	104
17787	104
17835	104
17837	104
17846	104
17847	104
17857	104
17866	104
17870	104
17890	104
17895	104
17917	104
17938	104
17942	104
17946	104
17961	104
17972	104
17985	104
17989	104
17993	104
17994	104
18006	104
18014	104
18058	104
18061	104
18077	104
18078	104
18090	104
18096	104
18099	104
18111	104
18118	104
18129	104
18139	104
18153	104
18165	104
18173	104
18174	104
18178	104
18185	104
18200	104
18201	104
18205	104
18219	104
18222	104
18223	104
18226	104
18253	104
18254	104
18258	104
18268	104
18269	104
18276	104
18284	104
18288	104
18301	104
18305	104
18307	104
18309	104
18327	104
18329	104
18335	104
18341	104
18346	104
18350	104
18352	104
18377	104
18378	104
18379	104
18381	104
18384	104
18398	104
18401	104
18406	104
18416	104
18423	104
18424	104
18429	104
18441	104
18448	104
18473	104
18485	104
18489	104
18519	104
18523	104
18528	104
18536	104
18554	104
18557	104
18559	104
18589	104
18593	104
18597	104
18604	104
18617	104
18618	104
18635	104
18637	104
18649	104
18651	104
18658	104
18674	104
18687	104
18696	104
18704	104
18717	104
18730	104
18744	104
18746	104
18748	104
18760	104
18768	104
18770	104
18771	104
18782	104
18810	104
18817	104
18840	104
18855	104
18884	104
18899	104
18929	104
18934	104
18937	104
18945	104
18946	104
18952	104
18964	104
18987	104
18990	104
19020	104
19035	104
19039	104
19043	104
19054	104
19059	104
19068	104
19073	104
19078	104
19080	104
19084	104
19093	104
19097	104
19099	104
19105	104
19119	104
19130	104
19132	104
19136	104
19141	104
19146	104
19150	104
19156	104
19168	104
19174	104
19177	104
19179	104
19180	104
19183	104
19196	104
19206	104
19210	104
19214	104
19216	104
19222	104
19232	104
19234	104
19243	104
19249	104
19250	104
19258	104
19268	104
19271	104
19274	104
19304	104
19307	104
19320	104
19329	104
19345	104
19371	104
19375	104
19378	104
19385	104
19389	104
19395	104
19409	104
19412	104
19426	104
19429	104
19447	104
19462	104
19473	104
19490	104
19504	104
19515	104
19550	104
19552	104
19557	104
19560	104
19567	104
19586	104
19593	104
19596	104
19609	104
19618	104
19621	104
19627	104
19650	104
19651	104
19654	104
19664	104
19665	104
19668	104
19672	104
19680	104
19699	104
19703	104
19708	104
19716	104
19732	104
19749	104
19770	104
19774	104
19776	104
19783	104
19800	104
19802	104
19822	104
19825	104
19841	104
19851	104
19858	104
19871	104
19872	104
19875	104
19887	104
19897	104
19899	104
19913	104
19916	104
19917	104
19918	104
19922	104
19935	104
19958	104
19971	104
19998	104
20009	104
20012	104
20016	104
20022	104
20044	104
20051	104
20053	104
20087	104
20114	104
20116	104
20123	104
20124	104
20138	104
20141	104
20154	104
20156	104
20157	104
20161	104
20175	104
20185	104
20186	104
20189	104
20194	104
20199	104
20203	104
20219	104
20223	104
20243	104
20280	104
20291	104
20325	104
20329	104
20335	104
20355	104
20357	104
20380	104
20392	104
20425	104
20429	104
20438	104
20439	104
20447	104
20448	104
20462	104
20478	104
20482	104
20486	104
20513	104
20518	104
20523	104
20538	104
20555	104
20574	104
20579	104
20602	104
20604	104
20610	104
20613	104
20618	104
20623	104
20625	104
20646	104
20651	104
20665	104
20670	104
20672	104
20675	104
20677	104
20682	104
20687	104
20694	104
20712	104
20718	104
20741	104
20762	104
20775	104
20786	104
20823	104
20827	104
20834	104
20838	104
20841	104
20846	104
20848	104
20855	104
20857	104
20886	104
20894	104
20896	104
20900	104
20902	104
20910	104
20919	104
20928	104
20930	104
20932	104
20934	104
20944	104
20948	104
20952	104
20958	104
20973	104
20981	104
20985	104
20986	104
21000	104
21005	104
21012	104
21021	104
21022	104
21036	104
21053	104
21065	104
21077	104
21082	104
21091	104
21095	104
21101	104
21111	104
21113	104
21116	104
21122	104
21123	104
21133	104
21144	104
21158	104
21174	104
21185	104
21197	104
21206	104
21208	104
21214	104
21216	104
21217	104
21219	104
21223	104
21226	104
21231	104
21263	104
21264	104
21271	104
21307	104
21323	104
21324	104
21333	104
21334	104
21353	104
21359	104
21360	104
21363	104
21365	104
21367	104
21375	104
21378	104
21380	104
21383	104
21392	104
21401	104
21402	104
21405	104
21408	104
21409	104
21410	104
21421	104
21425	104
21439	104
21445	104
21452	104
21455	104
21468	104
21476	104
21483	104
21491	104
21513	104
21530	104
21534	104
21549	104
21550	104
21569	104
21587	104
21603	104
21616	104
21620	104
21632	104
21634	104
21646	104
21648	104
21650	104
21656	104
21663	104
21672	104
21675	104
21676	104
21679	104
21690	104
21696	104
21699	104
21704	104
21707	104
21708	104
21737	104
21747	104
21751	104
21770	104
21779	104
21780	104
21782	104
21787	104
21790	104
21794	104
21801	104
21802	104
21810	104
21812	104
21816	104
21841	104
21852	104
21875	104
21876	104
21928	104
21932	104
21933	104
21938	104
21939	104
21944	104
21965	104
21990	104
22011	104
22014	104
22026	104
22028	104
22033	104
22041	104
22042	104
22058	104
22069	104
22073	104
22075	104
22087	104
22091	104
22095	104
22096	104
22104	104
22106	104
22107	104
22158	104
22159	104
22189	104
22190	104
22193	104
22199	104
22213	104
22221	104
22224	104
22230	104
22232	104
22237	104
22242	104
22244	104
22260	104
22267	104
22283	104
22289	104
22298	104
22306	104
22308	104
22317	104
22326	104
22331	104
22335	104
22348	104
22350	104
22354	104
22359	104
22365	104
22383	104
22386	104
22401	104
22406	104
22417	104
22422	104
22435	104
22441	104
22469	104
22472	104
22479	104
22480	104
22482	104
22484	104
22489	104
22503	104
22506	104
22530	104
22538	104
22541	104
22543	104
22546	104
22559	104
22567	104
22572	104
22578	104
22586	104
22587	104
22597	104
22609	104
22613	104
22614	104
22615	104
22619	104
22630	104
22653	104
22669	104
22676	104
22679	104
22684	104
22703	104
22722	104
22732	104
22736	104
22737	104
22739	104
22751	104
22753	104
22767	104
22771	104
22773	104
22781	104
22782	104
22789	104
22795	104
22801	104
22805	104
22823	104
22835	104
22858	104
22861	104
22864	104
22865	104
22869	104
22878	104
22886	104
22923	104
22928	104
22936	104
22941	104
22942	104
22952	104
22954	104
22957	104
22968	104
22973	104
23002	104
23005	104
23008	104
23009	104
23010	104
23011	104
23015	104
23016	104
23038	104
23040	104
23058	104
23059	104
23073	104
23080	104
23081	104
23082	104
23093	104
23095	104
23096	104
23098	104
23099	104
23100	104
23104	104
23110	104
23121	104
23124	104
23130	104
23138	104
23155	104
23156	104
23162	104
23171	104
23178	104
23186	104
23188	104
23192	104
23205	104
23208	104
23227	104
23233	104
23234	104
23243	104
23245	104
23247	104
23250	104
23251	104
23254	104
23256	104
23268	104
23290	104
23294	104
23301	104
23320	104
23328	104
23331	104
23337	104
23346	104
23351	104
23369	104
23371	104
23374	104
23376	104
23379	104
23382	104
23407	104
23415	104
23416	104
23424	104
23440	104
23445	104
23450	104
23456	104
23461	104
23467	104
23469	104
23470	104
23475	104
23489	104
23493	104
23499	104
23508	104
23520	104
23523	104
23525	104
23528	104
23531	104
23532	104
23535	104
23557	104
23561	104
23565	104
23567	104
23652	104
23654	104
23655	104
23672	104
23675	104
23680	104
23687	104
23688	104
23733	104
23735	104
23746	104
23748	104
23754	104
23758	104
23780	104
23782	104
23784	104
23785	104
23796	104
23839	104
23849	104
23851	104
23853	104
23854	104
23859	104
23880	104
23881	104
23893	104
23903	104
23918	104
23934	104
23935	104
23938	104
23939	104
23946	104
23949	104
23958	104
23960	104
23990	104
23991	104
23994	104
23997	104
24001	104
24005	104
24006	104
24028	104
24035	104
24045	104
24047	104
24066	104
24070	104
24088	104
24102	104
24105	104
24126	104
24134	104
24136	104
24138	104
24150	104
24177	104
24181	104
24194	104
24196	104
24198	104
24206	104
24229	104
24235	104
24241	104
24244	104
24248	104
24258	104
24271	104
24280	104
24282	104
24300	104
24304	104
24306	104
24311	104
24313	104
24326	104
24328	104
24330	104
24334	104
24341	104
24345	104
24356	104
24361	104
24367	104
24371	104
24378	104
24391	104
24408	104
24409	104
24425	104
24427	104
24440	104
24452	104
24460	104
24464	104
24477	104
24480	104
24492	104
24503	104
24512	104
24513	104
24514	104
24540	104
24546	104
24576	104
24577	104
24581	104
24612	104
24618	104
24619	104
24630	104
24632	104
24634	104
24646	104
24647	104
24662	104
24672	104
24678	104
24682	104
24688	104
24694	104
24696	104
24715	104
24716	104
24725	104
24737	104
24742	104
24748	104
24767	104
24768	104
24795	104
24796	104
24826	104
24843	104
24856	104
24867	104
24868	104
24880	104
24888	104
24889	104
24903	104
24909	104
24910	104
24919	104
24922	104
24927	104
24945	104
24956	104
24958	104
24959	104
24966	104
24975	104
24994	104
24996	104
25010	104
25029	104
25036	104
25037	104
25048	104
25052	104
25069	104
25070	104
25074	104
25077	104
25092	104
25102	104
25106	104
25111	104
25113	104
25115	104
25117	104
25120	104
25125	104
25148	104
25159	104
25169	104
25170	104
25174	104
25176	104
25179	104
25194	104
25200	104
25215	104
25245	104
25246	104
25251	104
25257	104
25259	104
25274	104
25289	104
25302	104
25305	104
25308	104
25312	104
25313	104
25319	104
25320	104
25331	104
25335	104
25338	104
25340	104
25350	104
25351	104
25371	104
25372	104
25374	104
25387	104
25394	104
25418	104
25422	104
25425	104
25434	104
25443	104
25449	104
25454	104
25480	104
25485	104
25493	104
25494	104
25510	104
25519	104
25526	104
25527	104
25538	104
25562	104
25565	104
25576	104
25577	104
25584	104
25585	104
25587	104
25590	104
25593	104
25598	104
25620	104
25633	104
25643	104
25650	104
25652	104
25654	104
25668	104
25672	104
25689	104
25690	104
25694	104
25714	104
25716	104
25720	104
25724	104
25726	104
25731	104
25733	104
25734	104
25747	104
25772	104
25785	104
25810	104
25815	104
25818	104
25825	104
25829	104
25837	104
25848	104
25852	104
25853	104
25868	104
25885	104
25886	104
25894	104
25895	104
25896	104
25923	104
25925	104
25940	104
25954	104
25962	104
25970	104
25985	104
25997	104
26001	104
26007	104
26008	104
26011	104
26019	104
26020	104
26028	104
26056	104
26060	104
26072	104
26074	104
26076	104
26130	104
26132	104
26137	104
26144	104
26145	104
26174	104
26175	104
26182	104
26203	104
26207	104
26214	104
26229	104
26233	104
26234	104
26235	104
26237	104
26238	104
26243	104
26245	104
26254	104
26255	104
26303	104
26306	104
26307	104
26329	104
26331	104
26334	104
26341	104
26343	104
26364	104
26368	104
26381	104
26389	104
26395	104
26399	104
26411	104
26419	104
26422	104
26433	104
26439	104
26441	104
26442	104
26450	104
26459	104
26464	104
26466	104
26473	104
26476	104
26489	104
26493	104
26496	104
26505	104
26511	104
26515	104
26519	104
26542	104
26548	104
26581	104
26582	104
26599	104
26642	104
26651	104
26669	104
26687	104
26688	104
26690	104
26700	104
26710	104
26716	104
26717	104
26718	104
26725	104
26726	104
26733	104
26755	104
26770	104
26788	104
26789	104
26801	104
26813	104
26816	104
26821	104
26836	104
26845	104
26848	104
26849	104
26853	104
26857	104
26868	104
26872	104
26882	104
26894	104
26924	104
26933	104
26936	104
26955	104
26970	104
26971	104
26986	104
27005	104
27010	104
27014	104
27018	104
27023	104
27024	104
27048	104
27049	104
27054	104
27056	104
27057	104
27068	104
27074	104
27084	104
27093	104
27105	104
27135	104
27140	104
27141	104
27146	104
27154	104
27165	104
27167	104
27173	104
27200	104
27204	104
27206	104
27231	104
27234	104
27245	104
27253	104
27255	104
27267	104
27271	104
27285	104
27290	104
27304	104
27305	104
27310	104
27313	104
27335	104
27379	104
27401	104
27403	104
27425	104
27428	104
27429	104
27431	104
27434	104
27435	104
27436	104
27442	104
27444	104
27463	104
27465	104
27466	104
27480	104
27484	104
27486	104
27492	104
27503	104
27507	104
27537	104
27539	104
27548	104
27555	104
27561	104
27562	104
27581	104
27605	104
27611	104
27614	104
27615	104
27616	104
27620	104
27622	104
27631	104
27635	104
27637	104
27654	104
27656	104
27667	104
27676	104
27694	104
27699	104
27704	104
27705	104
27709	104
27719	104
27724	104
27730	104
27737	104
27750	104
27751	104
27753	104
27757	104
27758	104
27765	104
27769	104
27772	104
27775	104
27782	104
27798	104
27816	104
27844	104
27851	104
27856	104
27869	104
27875	104
27885	104
27886	104
27889	104
27896	104
27905	104
27909	104
27910	104
27928	104
27929	104
27937	104
27943	104
27949	104
27952	104
27954	104
27961	104
27969	104
27970	104
27981	104
27983	104
27995	104
27997	104
28002	104
28020	104
28029	104
28032	104
28048	104
28068	104
28071	104
28075	104
28087	104
28090	104
28091	104
28118	104
28123	104
28124	104
28136	104
28140	104
28148	104
28168	104
28187	104
28192	104
28198	104
28199	104
28200	104
28209	104
28211	104
28214	104
28235	104
28242	104
28247	104
28253	104
28264	104
28272	104
28274	104
28278	104
28319	104
28331	104
28334	104
28336	104
28342	104
28356	104
28368	104
28385	104
28387	104
28390	104
28394	104
28397	104
28410	104
28413	104
28435	104
28445	104
28461	104
28473	104
28478	104
28488	104
28494	104
28497	104
28498	104
28499	104
28500	104
28501	104
28507	104
28523	104
28529	104
28540	104
28544	104
28550	104
28552	104
28570	104
28580	104
28582	104
28604	104
28606	104
28608	104
28613	104
28616	104
28638	104
28639	104
28640	104
28641	104
28654	104
28655	104
28664	104
28667	104
28669	104
28690	104
28692	104
28702	104
28710	104
28717	104
28721	104
28723	104
28726	104
28730	104
28733	104
28744	104
28747	104
28748	104
28764	104
28781	104
28801	104
28811	104
28814	104
28832	104
28833	104
28834	104
28839	104
28840	104
28843	104
28851	104
28857	104
28859	104
28868	104
28874	104
28885	104
28886	104
28893	104
28905	104
28941	104
28947	104
28970	104
28972	104
28987	104
28988	104
28992	104
29002	104
29009	104
29018	104
29019	104
29027	104
29036	104
29044	104
29045	104
29075	104
29080	104
29085	104
29090	104
29105	104
29120	104
29134	104
29142	104
29148	104
29157	104
29168	104
29170	104
29176	104
29185	104
29191	104
29198	104
29221	104
29225	104
29227	104
29236	104
29245	104
29267	104
29280	104
29284	104
29295	104
29302	104
29303	104
29317	104
29319	104
29335	104
29345	104
29350	104
29362	104
29370	104
29377	104
29394	104
29402	104
29409	104
29412	104
29427	104
29433	104
29442	104
29447	104
29452	104
29456	104
29462	104
29470	104
29487	104
29491	104
29496	104
29501	104
29504	104
29514	104
29526	104
29529	104
29554	104
29562	104
29565	104
29577	104
29599	104
29600	104
29601	104
29607	104
29609	104
29617	104
29623	104
29660	104
29668	104
29671	104
29673	104
29680	104
29684	104
29691	104
29703	104
29707	104
29711	104
29734	104
29735	104
29743	104
29756	104
29758	104
29766	104
29772	104
29781	104
29787	104
29788	104
29806	104
29809	104
29810	104
29822	104
29826	104
29833	104
29844	104
29873	104
29902	104
29911	104
29919	104
29921	104
29949	104
29952	104
29960	104
29965	104
29980	104
29990	104
30000	104
30013	104
30048	104
30050	104
30097	104
30106	104
30111	104
30118	104
30119	104
30132	104
30136	104
30146	104
30149	104
30151	104
30159	104
30163	104
30165	104
30180	104
30203	104
30250	104
30254	104
30267	104
30270	104
30275	104
30315	104
30320	104
30326	104
30327	104
30337	104
30346	104
30365	104
30366	104
30368	104
30379	104
30384	104
30390	104
30403	104
30419	104
30420	104
30425	104
30432	104
30434	104
30436	104
30445	104
30450	104
30451	104
30454	104
30459	104
30472	104
30474	104
30476	104
30491	104
30500	104
30503	104
30504	104
30507	104
30515	104
30517	104
30527	104
30536	104
30539	104
30564	104
30566	104
30568	104
30569	104
30573	104
30575	104
30576	104
30582	104
30583	104
30585	104
30588	104
30589	104
30595	104
30603	104
30617	104
30624	104
30644	104
30654	104
30663	104
30665	104
30672	104
30683	104
30685	104
30686	104
30688	104
30690	104
30699	104
30700	104
30704	104
30728	104
30730	104
30738	104
30753	104
30780	104
30793	104
30812	104
30814	104
30816	104
30826	104
30840	104
30842	104
30865	104
30869	104
30896	104
30910	104
30915	104
30920	104
30937	104
30951	104
30961	104
30967	104
30970	104
30971	104
30982	104
30999	104
31000	104
31003	104
31004	104
31017	104
31036	104
31038	104
31049	104
31055	104
31087	104
31095	104
31112	104
31117	104
31168	104
31180	104
31186	104
31195	104
31203	104
31217	104
31219	104
31235	104
31238	104
31251	104
31254	104
31259	104
31272	104
31273	104
31292	104
31300	104
31315	104
31317	104
31368	104
31372	104
31373	104
31383	104
31385	104
31387	104
31388	104
31391	104
31409	104
31412	104
31414	104
31422	104
31423	104
31426	104
31432	104
31437	104
31449	104
31457	104
31464	104
31467	104
31474	104
31475	104
31479	104
31487	104
31495	104
31498	104
31511	104
31512	104
31519	104
31520	104
31546	104
31560	104
31566	104
31571	104
31585	104
31596	104
31624	104
31632	104
31640	104
31650	104
31664	104
31671	104
31686	104
31691	104
31692	104
31695	104
31704	104
31726	104
31740	104
31743	104
31751	104
31752	104
31770	104
31777	104
31779	104
31801	104
31811	104
31814	104
31834	104
31845	104
31846	104
31847	104
31854	104
31855	104
31867	104
31874	104
31876	104
31885	104
31886	104
31890	104
31901	104
31926	104
31934	104
31938	104
31955	104
31956	104
31957	104
31958	104
31962	104
31970	104
31972	104
31984	104
31998	104
32003	104
32004	104
32009	104
32036	104
32046	104
32057	104
32060	104
32062	104
32069	104
32070	104
32071	104
32079	104
32099	104
32101	104
32104	104
32109	104
32110	104
32113	104
32116	104
32119	104
32126	104
32127	104
32141	104
32144	104
32156	104
32164	104
32171	104
32181	104
32194	104
32221	104
32227	104
32233	104
32243	104
32250	104
32275	104
32282	104
32293	104
32302	104
32304	104
32305	104
32309	104
32310	104
32313	104
32321	104
32343	104
32345	104
32347	104
32361	104
32372	104
32387	104
32391	104
32400	104
32401	104
32406	104
32407	104
32409	104
32413	104
32426	104
32428	104
32454	104
32458	104
32463	104
32464	104
32466	104
32468	104
32469	104
32475	104
32488	104
32491	104
32500	104
32502	104
32506	104
32516	104
32541	104
32557	104
32560	104
32561	104
32567	104
32577	104
32579	104
32589	104
32595	104
32603	104
32612	104
32621	104
32624	104
32628	104
32638	104
32641	104
32642	104
32652	104
32653	104
32656	104
32658	104
32673	104
32691	104
32705	104
32716	104
32717	104
32723	104
32725	104
32728	104
32729	104
32750	104
32763	104
32772	104
32773	104
32781	104
32782	104
32791	104
32797	104
32810	104
32812	104
32814	104
32818	104
32836	104
32852	104
32863	104
32864	104
32865	104
32874	104
32877	104
32879	104
32882	104
32897	104
32905	104
32916	104
32931	104
32933	104
32950	104
32977	104
32980	104
32992	104
32993	104
32994	104
33000	104
33012	104
33029	104
33037	104
33042	104
33047	104
33049	104
33065	104
33072	104
33079	104
33086	104
33087	104
33090	104
33092	104
33094	104
33101	104
33105	104
33108	104
33118	104
33132	104
33145	104
33146	104
33152	104
33153	104
33162	104
33165	104
33177	104
33190	104
33195	104
33200	104
33204	104
33206	104
33216	104
33229	104
33230	104
33252	104
33255	104
33257	104
33266	104
33269	104
33271	104
33272	104
33281	104
33290	104
33291	104
33302	104
33328	104
33332	104
33336	104
33345	104
33356	104
33372	104
33380	104
33381	104
33386	104
33391	104
33394	104
33395	104
33402	104
33403	104
33404	104
33406	104
33412	104
33430	104
33443	104
33449	104
33452	104
33453	104
33455	104
33460	104
33465	104
33479	104
33500	104
33501	104
33506	104
33521	104
33523	104
33528	104
33534	104
33535	104
33539	104
33542	104
33555	104
33566	104
33575	104
33576	104
33579	104
33584	104
33593	104
33623	104
33627	104
33642	104
33643	104
33649	104
33651	104
33657	104
33662	104
33669	104
33671	104
33674	104
33678	104
33681	104
33685	104
33688	104
33712	104
33717	104
33727	104
33728	104
33735	104
33754	104
33767	104
33768	104
33771	104
33774	104
33776	104
33781	104
33791	104
33803	104
33816	104
33832	104
33851	104
33857	104
33872	104
33887	104
33894	104
33901	104
33922	104
33953	104
33964	104
33965	104
33968	104
33983	104
33987	104
33996	104
34007	104
34008	104
34018	104
34027	104
34033	104
34046	104
34048	104
34070	104
34080	104
34082	104
34085	104
34087	104
34106	104
34107	104
34108	104
34127	104
34153	104
34154	104
34155	104
34158	104
34186	104
34187	104
34199	104
34218	104
34220	104
34222	104
34229	104
34233	104
34235	104
34239	104
34245	104
34258	104
34259	104
34262	104
34268	104
34293	104
34294	104
34295	104
34301	104
34306	104
34308	104
34320	104
34323	104
34368	104
34379	104
34381	104
34382	104
34384	104
34388	104
34392	104
34397	104
34407	104
34410	104
34417	104
34445	104
34462	104
34464	104
34465	104
34475	104
34476	104
34478	104
34494	104
34498	104
34501	104
34508	104
34509	104
34510	104
34512	104
34544	104
34549	104
34551	104
34552	104
34554	104
34571	104
34573	104
34577	104
34592	104
34597	104
34599	104
34625	104
34633	104
34648	104
34656	104
34658	104
34662	104
34667	104
34686	104
34687	104
34702	104
34714	104
34715	104
34716	104
34719	104
34734	104
34737	104
34744	104
34750	104
34755	104
34766	104
34771	104
34774	104
34778	104
34780	104
34786	104
34793	104
34797	104
34807	104
34808	104
34813	104
34821	104
34823	104
34841	104
34849	104
34850	104
34851	104
34853	104
34856	104
34862	104
34888	104
34891	104
34895	104
34897	104
34900	104
34901	104
34909	104
34912	104
34923	104
34925	104
34926	104
34940	104
34950	104
34954	104
34966	104
34974	104
34979	104
34981	104
34988	104
35011	104
35014	104
35015	104
35022	104
35025	104
35041	104
35053	104
35065	104
35066	104
35082	104
35083	104
35092	104
35105	104
35106	104
35119	104
35124	104
35131	104
35134	104
35153	104
35154	104
35168	104
35173	104
35177	104
35181	104
35185	104
35186	104
35187	104
35189	104
35207	104
35208	104
35209	104
35213	104
35221	104
35222	104
35225	104
35235	104
35237	104
35239	104
35242	104
35257	104
35266	104
35274	104
35282	104
35307	104
35323	104
35327	104
35328	104
35341	104
35362	104
35367	104
35378	104
35385	104
35395	104
35407	104
35424	104
35427	104
35432	104
35451	104
35492	104
35511	104
35512	104
35513	104
35525	104
35534	104
35539	104
35549	104
35552	104
35560	104
35578	104
35579	104
35595	104
35596	104
35600	104
35602	104
35604	104
35606	104
35640	104
35644	104
35664	104
35672	104
35693	104
35707	104
35708	104
35712	104
35722	104
35728	104
35744	104
35761	104
35764	104
35771	104
35785	104
35792	104
35801	104
35802	104
35833	104
35855	104
35859	104
35864	104
35873	104
35891	104
35893	104
35896	104
35903	104
35918	104
35920	104
35933	104
35934	104
35937	104
35960	104
35961	104
35964	104
35965	104
35966	104
35970	104
35974	104
35984	104
35990	104
35996	104
36009	104
36014	104
36033	104
36038	104
36052	104
36063	104
36075	104
36078	104
36082	104
36087	104
36098	104
36109	104
36120	104
36124	104
36144	104
36158	104
36160	104
36161	104
36162	104
36168	104
36169	104
36171	104
36185	104
36194	104
36196	104
36204	104
36210	104
36216	104
36254	104
36260	104
36261	104
36264	104
36269	104
36278	104
36282	104
36284	104
36291	104
36299	104
36309	104
36310	104
36313	104
36319	104
36320	104
36335	104
36349	104
36354	104
36363	104
36366	104
36370	104
36374	104
36377	104
36380	104
36405	104
36407	104
36408	104
36417	104
36422	104
36426	104
36429	104
36438	104
36479	104
36485	104
36514	104
36516	104
36520	104
36533	104
36535	104
36536	104
36541	104
36550	104
36553	104
36557	104
36558	104
36559	104
36572	104
36576	104
36591	104
36607	104
36623	104
36625	104
36646	104
36649	104
36658	104
36669	104
36672	104
36677	104
36683	104
36685	104
36700	104
36701	104
36728	104
36739	104
36741	104
36742	104
36756	104
36786	104
36792	104
36800	104
36804	104
36816	104
36820	104
36823	104
36824	104
36825	104
36828	104
36829	104
36831	104
36834	104
36840	104
36848	104
36866	104
36870	104
36876	104
36883	104
36887	104
36899	104
36913	104
36915	104
36928	104
36941	104
36948	104
36956	104
36968	104
37007	104
37024	104
37027	104
37031	104
37041	104
37046	104
37047	104
37053	104
37054	104
37058	104
37059	104
37078	104
37080	104
37082	104
37089	104
37097	104
37105	104
37114	104
37116	104
37118	104
37121	104
37140	104
37144	104
37148	104
37158	104
37161	104
37168	104
37171	104
37197	104
37199	104
37210	104
37214	104
37221	104
37227	104
37235	104
37247	104
37267	104
37271	104
37302	104
37307	104
37316	104
37318	104
37330	104
37332	104
37340	104
37351	104
37357	104
37365	104
37383	104
37391	104
37396	104
37397	104
37399	104
37403	104
37404	104
37430	104
37436	104
37443	104
37449	104
37456	104
37461	104
37462	104
37467	104
37468	104
37477	104
37479	104
37481	104
37494	104
37499	104
37501	104
37516	104
37518	104
37523	104
37526	104
37529	104
37533	104
37543	104
37547	104
37559	104
37567	104
37569	104
37588	104
37601	104
37607	104
37610	104
37629	104
37638	104
37639	104
37654	104
37666	104
37667	104
37675	104
37684	104
37698	104
37708	104
37711	104
37725	104
37728	104
37729	104
37744	104
37757	104
37759	104
37763	104
37770	104
37773	104
37794	104
37807	104
37827	104
37829	104
37832	104
37833	104
37842	104
37845	104
37846	104
37848	104
37860	104
37861	104
37862	104
37863	104
37875	104
37892	104
37895	104
37902	104
37904	104
37907	104
37919	104
37931	104
37933	104
37947	104
37948	104
37954	104
37957	104
37959	104
37964	104
37980	104
37994	104
38002	104
38007	104
38009	104
38010	104
38016	104
38017	104
38022	104
38024	104
38034	104
38046	104
38054	104
38061	104
38082	104
38088	104
38094	104
38098	104
38100	104
38110	104
38137	104
38153	104
38162	104
38176	104
38193	104
38200	104
38210	104
38219	104
38230	104
38232	104
38234	104
38237	104
38242	104
38271	104
38273	104
38279	104
38281	104
38288	104
38289	104
38301	104
38313	104
38319	104
38346	104
38352	104
38358	104
38368	104
38373	104
38379	104
38383	104
38384	104
38385	104
38387	104
38388	104
38418	104
38419	104
38421	104
38422	104
38427	104
38439	104
38454	104
38483	104
38484	104
38487	104
38489	104
38492	104
38494	104
38502	104
38517	104
38532	104
38534	104
38545	104
38547	104
38560	104
38579	104
38585	104
38593	104
38595	104
38601	104
38605	104
38612	104
38623	104
38624	104
38643	104
38647	104
38650	104
38653	104
38683	104
38687	104
38688	104
38711	104
38720	104
38723	104
38728	104
38732	104
38733	104
38759	104
38765	104
38774	104
38787	104
38800	104
38824	104
38826	104
38837	104
38839	104
38840	104
38849	104
38851	104
38857	104
38869	104
38899	104
38908	104
38912	104
38922	104
38923	104
38942	104
38950	104
38951	104
38956	104
38961	104
38962	104
38968	104
38975	104
38980	104
38985	104
39013	104
39023	104
39025	104
39047	104
39056	104
39082	104
39090	104
39131	104
39148	104
39157	104
39162	104
39181	104
39185	104
39190	104
39196	104
39203	104
39205	104
39216	104
39221	104
39231	104
39236	104
39237	104
39240	104
39242	104
39262	104
39265	104
39269	104
39271	104
39307	104
39314	104
39324	104
39325	104
39334	104
39335	104
39336	104
39337	104
39341	104
39345	104
39360	104
39362	104
39373	104
39388	104
39392	104
39398	104
39409	104
39414	104
39423	104
39434	104
39435	104
39446	104
39447	104
39457	104
39460	104
39480	104
39482	104
39484	104
39490	104
39491	104
39494	104
39496	104
39500	104
39508	104
39516	104
39521	104
39525	104
39534	104
39535	104
39537	104
39539	104
39542	104
39543	104
39545	104
39552	104
39561	104
39576	104
39578	104
39582	104
39585	104
39594	104
39597	104
39598	104
39620	104
39623	104
39632	104
39636	104
39650	104
39652	104
39659	104
39661	104
39677	104
39680	104
39686	104
39688	104
39694	104
39711	104
39712	104
39716	104
39722	104
39723	104
39752	104
39754	104
39759	104
39762	104
39768	104
39775	104
39778	104
39782	104
39787	104
39800	104
39802	104
39805	104
39809	104
39813	104
39825	104
39827	104
39833	104
39849	104
39850	104
39861	104
39867	104
39880	104
39888	104
39890	104
39897	104
39902	104
39907	104
39908	104
39920	104
39926	104
39929	104
39935	104
39945	104
39952	104
39960	104
39968	104
39976	104
39984	104
40006	104
40019	104
40020	104
40030	104
40031	104
40032	104
40040	104
40050	104
40072	104
40084	104
40090	104
40100	104
40102	104
40111	104
40118	104
40141	104
40160	104
40164	104
40174	104
40180	104
40187	104
40192	104
40200	104
40205	104
40211	104
40229	104
40233	104
40245	104
40251	104
40268	104
40277	104
40287	104
40301	104
40308	104
40310	104
40311	104
40320	104
40323	104
40329	104
40331	104
40358	104
40374	104
40375	104
40380	104
40399	104
40428	104
40430	104
40439	104
40446	104
40451	104
40454	104
40455	104
40458	104
40460	104
40463	104
40479	104
40480	104
40484	104
40485	104
40488	104
40489	104
40491	104
40510	104
40514	104
40533	104
40538	104
40545	104
40548	104
40551	104
40573	104
40576	104
40588	104
40598	104
40601	104
40629	104
40636	104
40650	104
40658	104
40659	104
40668	104
40678	104
40688	104
40691	104
40693	104
40699	104
40702	104
40715	104
40716	104
40717	104
40747	104
40756	104
40761	104
40808	104
40810	104
40821	104
40822	104
40835	104
40836	104
40842	104
40849	104
40850	104
40854	104
40867	104
40892	104
40899	104
40901	104
40903	104
40908	104
40920	104
40934	104
40938	104
40939	104
40944	104
40945	104
40946	104
40956	104
40958	104
40963	104
40973	104
41009	104
41019	104
41021	104
41022	104
41023	104
41026	104
41028	104
41040	104
41045	104
41048	104
41075	104
41081	104
41083	104
41084	104
41095	104
41100	104
41118	104
41120	104
41126	104
41128	104
41130	104
41144	104
41145	104
41158	104
41160	104
41163	104
41168	104
41172	104
41174	104
41181	104
41187	104
41197	104
41218	104
41221	104
41222	104
41234	104
41253	104
41281	104
41282	104
41309	104
41324	104
41326	104
41340	104
41341	104
41347	104
41363	104
41377	104
41402	104
41404	104
41406	104
41412	104
41431	104
41434	104
41437	104
41441	104
41443	104
41463	104
41465	104
41472	104
41483	104
41484	104
41487	104
41497	104
41499	104
41510	104
41526	104
41531	104
41537	104
41545	104
41552	104
41558	104
41562	104
41565	104
41566	104
41590	104
41592	104
41606	104
41616	104
41621	104
41641	104
41651	104
41662	104
41669	104
41678	104
41681	104
41682	104
41685	104
41686	104
41688	104
41724	104
41742	104
41751	104
41782	104
41783	104
41792	104
41794	104
41803	104
41805	104
41810	104
41813	104
41838	104
41843	104
41845	104
41869	104
41878	104
41890	104
41891	104
41896	104
41899	104
41905	104
41931	104
41949	104
41950	104
41960	104
41962	104
41978	104
41980	104
41985	104
41988	104
41994	104
41995	104
41997	104
42005	104
42012	104
42016	104
42017	104
42040	104
42048	104
42056	104
42057	104
42064	104
42068	104
42070	104
42072	104
42087	104
42117	104
42125	104
42135	104
42148	104
42149	104
42152	104
42185	104
42205	104
42221	104
42236	104
42244	104
42259	104
42263	104
42265	104
42267	104
42269	104
42274	104
42275	104
42277	104
42278	104
42283	104
42306	104
42309	104
42310	104
42322	104
42323	104
42339	104
42341	104
42363	104
42373	104
42375	104
42393	104
42396	104
42404	104
42415	104
42439	104
42442	104
42443	104
42449	104
42451	104
42463	104
42474	104
42480	104
42501	104
42507	104
42511	104
42520	104
42521	104
42522	104
42526	104
42542	104
42548	104
42549	104
42553	104
42555	104
42557	104
42566	104
42578	104
42582	104
42591	104
42595	104
42603	104
42605	104
42617	104
42619	104
42632	104
42641	104
42649	104
42675	104
42676	104
42701	104
42703	104
42712	104
42718	104
42727	104
42734	104
42740	104
42759	104
42763	104
42764	104
42770	104
42774	104
42775	104
42781	104
42783	104
42797	104
42799	104
42805	104
42810	104
42812	104
42816	104
42819	104
42843	104
42844	104
42847	104
42852	104
42869	104
42870	104
42872	104
42875	104
42884	104
42887	104
42888	104
42889	104
42892	104
42895	104
42896	104
42910	104
42922	104
42923	104
42925	104
42927	104
42935	104
42936	104
42965	104
42967	104
42973	104
42981	104
42986	104
42994	104
42998	104
43007	104
43017	104
43018	104
43042	104
43045	104
43046	104
43057	104
43061	104
43087	104
43088	104
43108	104
43116	104
43135	104
43139	104
43153	104
43156	104
43163	104
43166	104
43167	104
43180	104
43185	104
43186	104
43195	104
43207	104
43212	104
43213	104
43215	104
43220	104
43227	104
43236	104
43241	104
43248	104
43253	104
43263	104
43272	104
43303	104
43306	104
43324	104
43329	104
43337	104
43339	104
43387	104
43389	104
43400	104
43403	104
43406	104
43408	104
43411	104
43416	104
43427	104
43428	104
43431	104
43436	104
43442	104
43447	104
43448	104
43482	104
43506	104
43508	104
43513	104
43515	104
43520	104
43536	104
43543	104
43549	104
43557	104
43560	104
43565	104
43577	104
43582	104
43584	104
43586	104
43598	104
43603	104
43606	104
43607	104
43618	104
43622	104
43629	104
43634	104
43643	104
43650	104
43657	104
43658	104
43668	104
43669	104
43673	104
43689	104
43690	104
43697	104
43711	104
43717	104
43718	104
43724	104
43726	104
43738	104
43749	104
43753	104
43759	104
43772	104
43781	104
43786	104
43795	104
43807	104
43824	104
43827	104
43831	104
43837	104
43859	104
43893	104
43894	104
43895	104
43896	104
43907	104
43911	104
43927	104
43939	104
43952	104
43953	104
43957	104
43966	104
43975	104
43981	104
43989	104
44012	104
44018	104
44023	104
44024	104
44025	104
44049	104
44062	104
44072	104
44074	104
44087	104
44096	104
44099	104
44126	104
44129	104
44136	104
44137	104
44140	104
44150	104
44162	104
44165	104
44174	104
44187	104
44189	104
44191	104
44195	104
44198	104
44206	104
44224	104
44233	104
44235	104
44245	104
44262	104
44264	104
44279	104
44290	104
44294	104
44305	104
44319	104
44323	104
44324	104
44331	104
44344	104
44345	104
44350	104
44351	104
44352	104
44360	104
44397	104
44403	104
44408	104
44419	104
44428	104
44429	104
44434	104
44439	104
44454	104
44458	104
44468	104
44470	104
44477	104
44480	104
44485	104
44489	104
44492	104
44497	104
44500	104
44517	104
44524	104
44531	104
44534	104
44536	104
44543	104
44552	104
44563	104
44570	104
44575	104
44579	104
44599	104
44630	104
44631	104
44645	104
44647	104
44667	104
44682	104
44690	104
44692	104
44693	104
44695	104
44698	104
44699	104
44708	104
44709	104
44716	104
44738	104
44757	104
44758	104
44759	104
44784	104
44790	104
44800	104
44823	104
44829	104
44835	104
44841	104
44843	104
44851	104
44856	104
44860	104
44861	104
44862	104
44865	104
44874	104
44880	104
44900	104
44936	104
44942	104
44951	104
44953	104
44965	104
44991	104
45007	104
45016	104
45017	104
45022	104
45036	104
45072	104
45087	104
45091	104
45092	104
45093	104
45109	104
45118	104
45119	104
45128	104
45145	104
45161	104
45167	104
45169	104
45186	104
45187	104
45188	104
45189	104
45199	104
45220	104
45227	104
45229	104
45236	104
45248	104
45256	104
45266	104
45270	104
45271	104
45280	104
45297	104
45304	104
45305	104
45306	104
45314	104
45332	104
45349	104
45358	104
45364	104
45368	104
45371	104
45395	104
45397	104
45404	104
45408	104
45409	104
45412	104
45419	104
45420	104
45429	104
45443	104
45458	104
45460	104
45476	104
45492	104
45495	104
45499	104
45502	104
45507	104
45527	104
45529	104
45531	104
45537	104
45543	104
45551	104
45558	104
45565	104
45573	104
45586	104
45587	104
45601	104
45608	104
45609	104
45616	104
45648	104
45650	104
45651	104
45665	104
45675	104
45689	104
45702	104
45703	104
45713	104
45743	104
45756	104
45758	104
45761	104
45765	104
45779	104
45814	104
45817	104
45818	104
45830	104
45831	104
45841	104
45847	104
45850	104
45859	104
45874	104
45884	104
45887	104
45888	104
45891	104
45899	104
45906	104
45923	104
45927	104
45935	104
45937	104
45939	104
45962	104
45964	104
45967	104
45975	104
45989	104
45992	104
45997	104
46001	104
46008	104
46012	104
46039	104
46045	104
46050	104
46062	104
46080	104
46083	104
46085	104
46115	104
46116	104
46122	104
46126	104
46130	104
46131	104
46133	104
46138	104
46141	104
46144	104
46152	104
46160	104
46166	104
46174	104
46179	104
46189	104
46193	104
46196	104
46204	104
46206	104
46218	104
46220	104
46226	104
46231	104
46233	104
46237	104
46247	104
46266	104
46273	104
46289	104
46290	104
46297	104
46301	104
46314	104
46322	104
46355	104
46366	104
46382	104
46390	104
46394	104
46395	104
46401	104
46413	104
46423	104
46428	104
46445	104
46446	104
46448	104
46493	104
46509	104
46511	104
46527	104
46544	104
46549	104
46553	104
46554	104
46564	104
46582	104
46585	104
46587	104
46602	104
46604	104
46609	104
46612	104
46615	104
46620	104
46626	104
46634	104
46641	104
46642	104
46644	104
46650	104
46662	104
46668	104
46682	104
46684	104
46685	104
46689	104
46700	104
46703	104
46705	104
46708	104
46721	104
46737	104
46754	104
46770	104
46778	104
46780	104
46796	104
46802	104
46807	104
46832	104
46844	104
46857	104
46858	104
46873	104
46884	104
46885	104
46890	104
46894	104
46906	104
46910	104
46919	104
46921	104
46923	104
46929	104
46934	104
46938	104
46947	104
46958	104
46967	104
46972	104
46978	104
46982	104
46986	104
46996	104
47010	104
47020	104
47031	104
47033	104
47040	104
47044	104
47049	104
47054	104
47063	104
47075	104
47077	104
47080	104
47081	104
47084	104
47092	104
47097	104
47108	104
47110	104
47114	104
47120	104
47131	104
47135	104
47136	104
47141	104
47143	104
47148	104
47163	104
47165	104
47179	104
47187	104
47196	104
47200	104
47216	104
47218	104
47240	104
47244	104
47250	104
47252	104
47254	104
47256	104
47262	104
47263	104
47270	104
47290	104
47292	104
47298	104
47300	104
47313	104
47314	104
47316	104
47323	104
47331	104
47337	104
47342	104
47347	104
47385	104
47387	104
47405	104
47409	104
47413	104
47418	104
47419	104
47424	104
47431	104
47444	104
47454	104
47455	104
47456	104
47465	104
47472	104
47474	104
47481	104
47486	104
47496	104
47498	104
47510	104
47512	104
47517	104
47526	104
47532	104
47538	104
47540	104
47541	104
47543	104
47552	104
47555	104
47561	104
47567	104
47571	104
47582	104
47596	104
47605	104
47624	104
47628	104
47657	104
47666	104
47671	104
47682	104
47718	104
47741	104
47748	104
47755	104
47761	104
47777	104
47788	104
47813	104
47818	104
47840	104
47847	104
47861	104
47877	104
47883	104
47884	104
47888	104
47890	104
47895	104
47908	104
47920	104
47924	104
47926	104
47932	104
47935	104
47938	104
47940	104
47944	104
47952	104
47953	104
47962	104
48014	104
48015	104
48016	104
48026	104
48032	104
48043	104
48045	104
48061	104
48066	104
48071	104
48072	104
48080	104
48083	104
48087	104
48088	104
48091	104
48092	104
48099	104
48127	104
48142	104
48156	104
48164	104
48179	104
48184	104
48199	104
48222	104
48224	104
48225	104
48242	104
48246	104
48248	104
48249	104
48253	104
48277	104
48288	104
48305	104
48319	104
48326	104
48327	104
48330	104
48345	104
48349	104
48350	104
48356	104
48358	104
48362	104
48366	104
48396	104
48406	104
48419	104
48429	104
48440	104
48442	104
48447	104
48452	104
48457	104
48465	104
48467	104
48470	104
48471	104
48476	104
48479	104
48489	104
48507	104
48520	104
48522	104
48538	104
48545	104
48558	104
48568	104
48574	104
48575	104
48592	104
48595	104
48606	104
48613	104
48614	104
48617	104
48620	104
48630	104
48633	104
48636	104
48655	104
48657	104
48661	104
48663	104
48665	104
48675	104
48676	104
48680	104
48688	104
48698	104
48702	104
48703	104
48706	104
48711	104
48717	104
48738	104
48739	104
48743	104
48745	104
48748	104
48759	104
48764	104
48766	104
48768	104
48778	104
48779	104
48799	104
48811	104
48812	104
48818	104
48826	104
48827	104
48830	104
48832	104
48836	104
48844	104
48847	104
48859	104
48868	104
48870	104
48873	104
48890	104
48899	104
48904	104
48905	104
48910	104
48911	104
48926	104
48932	104
48962	104
48963	104
48965	104
48966	104
48976	104
48977	104
48982	104
49009	104
49010	104
49013	104
49016	104
49019	104
49021	104
49026	104
49033	104
49038	104
49046	104
49068	104
49072	104
49073	104
49075	104
49100	104
49106	104
49115	104
49120	104
49122	104
49126	104
49131	104
49132	104
49134	104
49136	104
49139	104
49150	104
49158	104
49159	104
49177	104
49179	104
49199	104
49203	104
49204	104
49216	104
49221	104
49223	104
49237	104
49247	104
49265	104
49275	104
49279	104
49288	104
49296	104
49297	104
49305	104
49306	104
49316	104
49340	104
49359	104
49368	104
49369	104
49374	104
49378	104
49379	104
49380	104
49382	104
49383	104
49384	104
49386	104
49390	104
49405	104
49408	104
49415	104
49427	104
49431	104
49441	104
49446	104
49451	104
49476	104
49488	104
49493	104
49494	104
49498	104
49511	104
49512	104
49516	104
49530	104
49542	104
49549	104
49563	104
49568	104
49590	104
49596	104
49603	104
49604	104
49605	104
49628	104
49629	104
49630	104
49638	104
49645	104
49646	104
49652	104
49655	104
49669	104
49674	104
49678	104
49690	104
49719	104
49720	104
49730	104
49731	104
49738	104
49743	104
49753	104
49757	104
49760	104
49771	104
49780	104
49785	104
49792	104
49793	104
49805	104
49807	104
49810	104
49815	104
49820	104
49821	104
49828	104
49835	104
49840	104
49849	104
49854	104
49855	104
49892	104
49903	104
49904	104
49913	104
49917	104
49925	104
49933	104
49937	104
49955	104
49959	104
49964	104
49972	104
49975	104
49976	104
49977	104
49987	104
49996	104
8	103
17	103
31	103
37	103
43	103
46	103
51	103
53	103
60	103
64	103
71	103
73	103
75	103
77	103
91	103
93	103
112	103
116	103
121	103
144	103
146	103
160	103
163	103
170	103
184	103
188	103
191	103
195	103
200	103
216	103
221	103
222	103
225	103
227	103
229	103
235	103
249	103
250	103
263	103
265	103
299	103
300	103
307	103
326	103
335	103
337	103
338	103
354	103
358	103
378	103
383	103
388	103
399	103
412	103
452	103
468	103
475	103
487	103
498	103
500	103
505	103
519	103
525	103
527	103
531	103
534	103
558	103
567	103
570	103
585	103
587	103
606	103
620	103
630	103
657	103
674	103
685	103
688	103
694	103
699	103
704	103
712	103
716	103
717	103
725	103
742	103
746	103
750	103
764	103
769	103
791	103
792	103
798	103
850	103
855	103
868	103
876	103
881	103
903	103
917	103
926	103
934	103
952	103
955	103
956	103
958	103
966	103
967	103
978	103
980	103
987	103
998	103
999	103
1011	103
1013	103
1029	103
1038	103
1039	103
1041	103
1047	103
1058	103
1070	103
1074	103
1087	103
1091	103
1097	103
1099	103
1102	103
1106	103
1116	103
1118	103
1132	103
1153	103
1162	103
1171	103
1173	103
1174	103
1194	103
1209	103
1213	103
1215	103
1221	103
1223	103
1230	103
1231	103
1238	103
1245	103
1247	103
1248	103
1261	103
1262	103
1280	103
1281	103
1297	103
1304	103
1309	103
1316	103
1332	103
1341	103
1345	103
1356	103
1358	103
1362	103
1367	103
1376	103
1389	103
1392	103
1410	103
1416	103
1435	103
1448	103
1449	103
1463	103
1468	103
1469	103
1477	103
1493	103
1501	103
1506	103
1518	103
1519	103
1528	103
1536	103
1549	103
1551	103
1552	103
1557	103
1560	103
1574	103
1578	103
1582	103
1583	103
1588	103
1591	103
1593	103
1605	103
1612	103
1615	103
1621	103
1631	103
1633	103
1650	103
1656	103
1663	103
1680	103
1718	103
1722	103
1738	103
1748	103
1749	103
1752	103
1777	103
1787	103
1793	103
1800	103
1803	103
1807	103
1823	103
1824	103
1828	103
1836	103
1845	103
1850	103
1861	103
1863	103
1864	103
1865	103
1867	103
1878	103
1885	103
1887	103
1889	103
1890	103
1891	103
1920	103
1922	103
1931	103
1947	103
1950	103
1954	103
1955	103
1958	103
1959	103
1970	103
1972	103
1980	103
2000	103
2004	103
2010	103
2029	103
2037	103
2051	103
2055	103
2058	103
2060	103
2063	103
2072	103
2074	103
2076	103
2077	103
2087	103
2091	103
2100	103
2140	103
2149	103
2154	103
2158	103
2164	103
2186	103
2191	103
2201	103
2212	103
2236	103
2246	103
2259	103
2269	103
2291	103
2297	103
2318	103
2326	103
2334	103
2341	103
2346	103
2349	103
2369	103
2377	103
2379	103
2385	103
2422	103
2423	103
2433	103
2436	103
2448	103
2456	103
2470	103
2471	103
2482	103
2483	103
2495	103
2501	103
2518	103
2530	103
2540	103
2550	103
2556	103
2562	103
2575	103
2583	103
2600	103
2606	103
2610	103
2611	103
2625	103
2628	103
2631	103
2633	103
2641	103
2649	103
2679	103
2681	103
2694	103
2698	103
2699	103
2701	103
2738	103
2750	103
2754	103
2757	103
2760	103
2763	103
2779	103
2789	103
2793	103
2798	103
2806	103
2810	103
2812	103
2822	103
2837	103
2855	103
2858	103
2865	103
2867	103
2879	103
2889	103
2894	103
2895	103
2901	103
2924	103
2927	103
2930	103
2936	103
2937	103
2954	103
2957	103
2960	103
2964	103
2971	103
2977	103
2996	103
2999	103
3007	103
3010	103
3011	103
3027	103
3029	103
3030	103
3033	103
3048	103
3054	103
3056	103
3065	103
3073	103
3077	103
3080	103
3095	103
3109	103
3111	103
3129	103
3131	103
3149	103
3155	103
3190	103
3194	103
3209	103
3213	103
3217	103
3226	103
3229	103
3241	103
3249	103
3263	103
3267	103
3270	103
3275	103
3280	103
3294	103
3317	103
3320	103
3324	103
3329	103
3351	103
3368	103
3375	103
3380	103
3385	103
3386	103
3389	103
3393	103
3402	103
3417	103
3443	103
3447	103
3458	103
3473	103
3482	103
3498	103
3505	103
3527	103
3538	103
3539	103
3545	103
3549	103
3554	103
3555	103
3564	103
3570	103
3576	103
3586	103
3591	103
3599	103
3602	103
3608	103
3638	103
3640	103
3648	103
3658	103
3664	103
3665	103
3667	103
3673	103
3688	103
3693	103
3697	103
3698	103
3706	103
3707	103
3708	103
3713	103
3717	103
3719	103
3721	103
3723	103
3726	103
3729	103
3731	103
3744	103
3749	103
3753	103
3780	103
3781	103
3788	103
3792	103
3797	103
3808	103
3812	103
3818	103
3820	103
3821	103
3827	103
3833	103
3857	103
3858	103
3864	103
3871	103
3873	103
3875	103
3884	103
3886	103
3888	103
3890	103
3909	103
3913	103
3915	103
3919	103
3923	103
3933	103
3952	103
3958	103
3959	103
3979	103
3985	103
3996	103
4003	103
4027	103
4034	103
4036	103
4056	103
4066	103
4072	103
4081	103
4098	103
4112	103
4114	103
4119	103
4122	103
4128	103
4131	103
4133	103
4143	103
4146	103
4155	103
4184	103
4187	103
4194	103
4195	103
4197	103
4225	103
4232	103
4239	103
4245	103
4251	103
4252	103
4276	103
4278	103
4289	103
4294	103
4298	103
4306	103
4313	103
4327	103
4339	103
4342	103
4352	103
4360	103
4362	103
4363	103
4373	103
4383	103
4405	103
4412	103
4425	103
4426	103
4427	103
4431	103
4436	103
4439	103
4450	103
4458	103
4471	103
4474	103
4475	103
4510	103
4512	103
4518	103
4521	103
4535	103
4541	103
4547	103
4549	103
4562	103
4565	103
4579	103
4584	103
4590	103
4593	103
4595	103
4596	103
4597	103
4601	103
4610	103
4613	103
4632	103
4645	103
4649	103
4650	103
4659	103
4672	103
4682	103
4709	103
4714	103
4717	103
4723	103
4724	103
4741	103
4760	103
4765	103
4779	103
4780	103
4794	103
4832	103
4833	103
4844	103
4852	103
4864	103
4878	103
4891	103
4899	103
4900	103
4922	103
4926	103
4934	103
4952	103
4965	103
4972	103
4977	103
4988	103
4993	103
5006	103
5014	103
5028	103
5032	103
5040	103
5041	103
5063	103
5080	103
5082	103
5087	103
5099	103
5112	103
5120	103
5129	103
5133	103
5135	103
5137	103
5148	103
5178	103
5180	103
5185	103
5188	103
5195	103
5202	103
5218	103
5219	103
5228	103
5252	103
5254	103
5258	103
5267	103
5277	103
5283	103
5288	103
5292	103
5300	103
5340	103
5361	103
5363	103
5371	103
5381	103
5383	103
5392	103
5402	103
5410	103
5426	103
5437	103
5442	103
5447	103
5449	103
5459	103
5461	103
5462	103
5463	103
5471	103
5475	103
5476	103
5479	103
5481	103
5484	103
5488	103
5489	103
5493	103
5496	103
5502	103
5506	103
5510	103
5529	103
5536	103
5537	103
5544	103
5547	103
5556	103
5558	103
5576	103
5579	103
5581	103
5584	103
5601	103
5621	103
5640	103
5643	103
5644	103
5658	103
5662	103
5668	103
5672	103
5673	103
5696	103
5706	103
5716	103
5725	103
5726	103
5731	103
5736	103
5755	103
5758	103
5770	103
5781	103
5782	103
5783	103
5792	103
5869	103
5883	103
5910	103
5912	103
5931	103
5945	103
5962	103
5981	103
5988	103
5990	103
5994	103
6025	103
6052	103
6085	103
6101	103
6122	103
6135	103
6156	103
6167	103
6168	103
6190	103
6195	103
6198	103
6201	103
6205	103
6209	103
6238	103
6244	103
6258	103
6260	103
6273	103
6274	103
6279	103
6281	103
6285	103
6290	103
6293	103
6307	103
6308	103
6310	103
6321	103
6349	103
6353	103
6356	103
6357	103
6370	103
6376	103
6381	103
6393	103
6400	103
6401	103
6414	103
6419	103
6430	103
6435	103
6445	103
6448	103
6478	103
6486	103
6487	103
6495	103
6502	103
6503	103
6510	103
6552	103
6560	103
6618	103
6635	103
6644	103
6646	103
6648	103
6652	103
6669	103
6684	103
6685	103
6687	103
6698	103
6699	103
6728	103
6745	103
6749	103
6753	103
6772	103
6777	103
6779	103
6785	103
6786	103
6792	103
6805	103
6811	103
6819	103
6820	103
6833	103
6836	103
6839	103
6848	103
6852	103
6867	103
6869	103
6870	103
6874	103
6876	103
6881	103
6884	103
6905	103
6909	103
6911	103
6921	103
6940	103
6941	103
6948	103
6965	103
6975	103
6977	103
6994	103
7002	103
7011	103
7012	103
7030	103
7058	103
7076	103
7080	103
7097	103
7104	103
7112	103
7120	103
7128	103
7142	103
7145	103
7158	103
7164	103
7166	103
7177	103
7181	103
7191	103
7193	103
7198	103
7206	103
7216	103
7261	103
7279	103
7282	103
7297	103
7309	103
7313	103
7316	103
7318	103
7323	103
7334	103
7365	103
7366	103
7382	103
7384	103
7385	103
7386	103
7393	103
7396	103
7426	103
7429	103
7432	103
7453	103
7454	103
7463	103
7470	103
7481	103
7495	103
7503	103
7505	103
7515	103
7553	103
7554	103
7571	103
7573	103
7576	103
7579	103
7580	103
7595	103
7605	103
7606	103
7607	103
7642	103
7648	103
7655	103
7661	103
7664	103
7668	103
7678	103
7680	103
7689	103
7727	103
7729	103
7749	103
7760	103
7778	103
7782	103
7792	103
7804	103
7817	103
7818	103
7831	103
7834	103
7836	103
7842	103
7851	103
7852	103
7868	103
7869	103
7875	103
7890	103
7908	103
7909	103
7911	103
7919	103
7945	103
7946	103
7951	103
7957	103
7966	103
7968	103
7979	103
7982	103
7987	103
7989	103
7999	103
8004	103
8007	103
8010	103
8011	103
8013	103
8037	103
8039	103
8043	103
8060	103
8069	103
8070	103
8078	103
8079	103
8095	103
8108	103
8111	103
8123	103
8124	103
8131	103
8139	103
8141	103
8165	103
8175	103
8179	103
8181	103
8211	103
8227	103
8232	103
8253	103
8259	103
8264	103
8278	103
8298	103
8306	103
8307	103
8309	103
8328	103
8329	103
8330	103
8331	103
8336	103
8346	103
8349	103
8356	103
8360	103
8369	103
8371	103
8381	103
8382	103
8387	103
8388	103
8397	103
8399	103
8415	103
8428	103
8434	103
8439	103
8450	103
8464	103
8469	103
8478	103
8485	103
8488	103
8494	103
8501	103
8504	103
8526	103
8527	103
8536	103
8557	103
8559	103
8579	103
8614	103
8617	103
8618	103
8619	103
8623	103
8625	103
8641	103
8643	103
8651	103
8653	103
8660	103
8668	103
8669	103
8686	103
8694	103
8700	103
8729	103
8733	103
8737	103
8743	103
8758	103
8771	103
8781	103
8790	103
8791	103
8807	103
8809	103
8824	103
8867	103
8871	103
8894	103
8897	103
8917	103
8925	103
8927	103
8934	103
8935	103
8955	103
8958	103
8959	103
8969	103
8991	103
9018	103
9033	103
9038	103
9055	103
9056	103
9057	103
9064	103
9065	103
9070	103
9075	103
9102	103
9104	103
9110	103
9134	103
9143	103
9144	103
9165	103
9173	103
9212	103
9218	103
9234	103
9250	103
9287	103
9302	103
9308	103
9316	103
9318	103
9321	103
9327	103
9340	103
9341	103
9349	103
9371	103
9382	103
9385	103
9412	103
9413	103
9414	103
9420	103
9427	103
9430	103
9457	103
9496	103
9504	103
9511	103
9517	103
9526	103
9529	103
9533	103
9538	103
9541	103
9569	103
9583	103
9591	103
9618	103
9619	103
9623	103
9624	103
9627	103
9636	103
9638	103
9640	103
9647	103
9649	103
9657	103
9658	103
9672	103
9674	103
9676	103
9686	103
9711	103
9719	103
9728	103
9735	103
9754	103
9769	103
9777	103
9782	103
9785	103
9799	103
9811	103
9820	103
9822	103
9836	103
9842	103
9872	103
9881	103
9888	103
9891	103
9893	103
9896	103
9914	103
9933	103
9949	103
9956	103
9959	103
9970	103
9985	103
9987	103
9992	103
9996	103
10001	103
10003	103
10007	103
10011	103
10013	103
10015	103
10017	103
10025	103
10060	103
10067	103
10070	103
10093	103
10102	103
10103	103
10115	103
10116	103
10121	103
10142	103
10143	103
10145	103
10164	103
10172	103
10175	103
10179	103
10182	103
10184	103
10207	103
10208	103
10213	103
10229	103
10237	103
10238	103
10240	103
10241	103
10248	103
10256	103
10261	103
10274	103
10279	103
10286	103
10295	103
10302	103
10308	103
10324	103
10353	103
10356	103
10358	103
10360	103
10371	103
10374	103
10375	103
10383	103
10387	103
10390	103
10393	103
10398	103
10413	103
10424	103
10438	103
10444	103
10465	103
10466	103
10468	103
10474	103
10480	103
10489	103
10494	103
10498	103
10500	103
10509	103
10518	103
10521	103
10525	103
10540	103
10548	103
10553	103
10597	103
10612	103
10627	103
10629	103
10645	103
10659	103
10664	103
10668	103
10670	103
10671	103
10684	103
10687	103
10688	103
10697	103
10704	103
10716	103
10724	103
10730	103
10734	103
10738	103
10746	103
10748	103
10750	103
10782	103
10796	103
10799	103
10802	103
10813	103
10816	103
10819	103
10852	103
10867	103
10869	103
10870	103
10878	103
10886	103
10898	103
10912	103
10916	103
10921	103
10939	103
10945	103
10966	103
10972	103
10974	103
10978	103
10979	103
10986	103
10989	103
10996	103
11000	103
11004	103
11006	103
11012	103
11014	103
11020	103
11021	103
11054	103
11057	103
11061	103
11109	103
11116	103
11117	103
11120	103
11121	103
11122	103
11134	103
11135	103
11137	103
11139	103
11180	103
11195	103
11207	103
11209	103
11222	103
11238	103
11248	103
11259	103
11265	103
11277	103
11291	103
11297	103
11302	103
11313	103
11322	103
11328	103
11338	103
11341	103
11346	103
11384	103
11385	103
11389	103
11417	103
11418	103
11420	103
11421	103
11427	103
11435	103
11437	103
11440	103
11455	103
11467	103
11473	103
11488	103
11489	103
11495	103
11520	103
11522	103
11533	103
11546	103
11548	103
11556	103
11565	103
11567	103
11574	103
11586	103
11587	103
11605	103
11611	103
11638	103
11654	103
11655	103
11674	103
11681	103
11684	103
11697	103
11698	103
11729	103
11730	103
11740	103
11745	103
11763	103
11772	103
11773	103
11778	103
11791	103
11793	103
11812	103
11813	103
11841	103
11844	103
11851	103
11858	103
11895	103
11900	103
11929	103
11930	103
11938	103
11941	103
11943	103
11947	103
11972	103
11973	103
11992	103
12003	103
12014	103
12015	103
12023	103
12027	103
12034	103
12043	103
12049	103
12050	103
12060	103
12068	103
12082	103
12083	103
12090	103
12097	103
12123	103
12141	103
12143	103
12164	103
12179	103
12182	103
12191	103
12193	103
12196	103
12205	103
12211	103
12218	103
12222	103
12225	103
12230	103
12252	103
12256	103
12262	103
12270	103
12286	103
12290	103
12292	103
12301	103
12313	103
12319	103
12323	103
12325	103
12326	103
12341	103
12343	103
12353	103
12382	103
12384	103
12411	103
12413	103
12418	103
12421	103
12435	103
12436	103
12444	103
12453	103
12481	103
12485	103
12491	103
12539	103
12540	103
12545	103
12555	103
12562	103
12563	103
12569	103
12570	103
12585	103
12587	103
12590	103
12614	103
12644	103
12645	103
12650	103
12655	103
12663	103
12679	103
12685	103
12689	103
12690	103
12697	103
12705	103
12724	103
12738	103
12739	103
12741	103
12742	103
12745	103
12754	103
12763	103
12766	103
12780	103
12783	103
12784	103
12792	103
12799	103
12802	103
12805	103
12837	103
12852	103
12864	103
12875	103
12879	103
12889	103
12911	103
12934	103
12946	103
12952	103
12957	103
12959	103
12962	103
12963	103
12972	103
12986	103
12987	103
12991	103
12999	103
13002	103
13005	103
13009	103
13014	103
13023	103
13027	103
13028	103
13029	103
13041	103
13044	103
13045	103
13050	103
13061	103
13075	103
13081	103
13083	103
13087	103
13099	103
13100	103
13111	103
13115	103
13116	103
13118	103
13136	103
13140	103
13142	103
13163	103
13171	103
13186	103
13199	103
13201	103
13217	103
13220	103
13223	103
13226	103
13233	103
13235	103
13243	103
13250	103
13257	103
13268	103
13273	103
13292	103
13299	103
13301	103
13308	103
13329	103
13331	103
13339	103
13346	103
13347	103
13352	103
13359	103
13364	103
13365	103
13370	103
13371	103
13376	103
13391	103
13408	103
13411	103
13412	103
13416	103
13419	103
13424	103
13425	103
13427	103
13431	103
13432	103
13434	103
13440	103
13441	103
13447	103
13452	103
13480	103
13489	103
13493	103
13499	103
13506	103
13508	103
13511	103
13520	103
13551	103
13587	103
13599	103
13611	103
13625	103
13626	103
13637	103
13640	103
13649	103
13650	103
13667	103
13669	103
13683	103
13699	103
13705	103
13708	103
13732	103
13735	103
13736	103
13742	103
13746	103
13750	103
13751	103
13760	103
13771	103
13780	103
13813	103
13816	103
13830	103
13833	103
13835	103
13852	103
13861	103
13881	103
13884	103
13886	103
13892	103
13909	103
13912	103
13913	103
13924	103
13925	103
13935	103
13936	103
13949	103
13953	103
13975	103
13979	103
13983	103
14011	103
14014	103
14016	103
14027	103
14032	103
14035	103
14056	103
14060	103
14072	103
14081	103
14094	103
14098	103
14119	103
14124	103
14132	103
14148	103
14149	103
14151	103
14153	103
14162	103
14169	103
14171	103
14172	103
14182	103
14184	103
14191	103
14207	103
14210	103
14211	103
14212	103
14222	103
14224	103
14246	103
14248	103
14259	103
14260	103
14262	103
14287	103
14298	103
14301	103
14317	103
14328	103
14331	103
14335	103
14338	103
14353	103
14354	103
14355	103
14384	103
14389	103
14391	103
14394	103
14403	103
14405	103
14418	103
14430	103
14431	103
14433	103
14445	103
14448	103
14453	103
14474	103
14493	103
14499	103
14505	103
14507	103
14510	103
14512	103
14528	103
14530	103
14535	103
14546	103
14554	103
14566	103
14574	103
14581	103
14583	103
14592	103
14599	103
14607	103
14618	103
14630	103
14635	103
14641	103
14647	103
14648	103
14660	103
14678	103
14679	103
14681	103
14691	103
14694	103
14704	103
14710	103
14711	103
14712	103
14718	103
14727	103
14730	103
14731	103
14736	103
14738	103
14741	103
14751	103
14771	103
14775	103
14776	103
14805	103
14820	103
14825	103
14827	103
14849	103
14859	103
14877	103
14878	103
14879	103
14882	103
14889	103
14909	103
14917	103
14923	103
14938	103
14942	103
14950	103
14959	103
14966	103
14967	103
14969	103
14984	103
14988	103
14992	103
15004	103
15012	103
15019	103
15020	103
15039	103
15044	103
15048	103
15056	103
15071	103
15073	103
15099	103
15106	103
15108	103
15122	103
15151	103
15165	103
15167	103
15182	103
15187	103
15188	103
15191	103
15196	103
15241	103
15242	103
15245	103
15250	103
15253	103
15260	103
15264	103
15325	103
15338	103
15340	103
15343	103
15345	103
15351	103
15360	103
15367	103
15368	103
15406	103
15422	103
15426	103
15430	103
15444	103
15447	103
15453	103
15464	103
15475	103
15479	103
15480	103
15481	103
15509	103
15513	103
15528	103
15544	103
15566	103
15571	103
15573	103
15593	103
15594	103
15596	103
15614	103
15618	103
15636	103
15652	103
15653	103
15655	103
15658	103
15665	103
15682	103
15684	103
15710	103
15720	103
15739	103
15752	103
15766	103
15774	103
15782	103
15794	103
15817	103
15851	103
15867	103
15877	103
15881	103
15883	103
15885	103
15886	103
15891	103
15900	103
15904	103
15907	103
15925	103
15932	103
15933	103
15939	103
15943	103
15993	103
15997	103
15998	103
16001	103
16009	103
16042	103
16048	103
16050	103
16051	103
16066	103
16068	103
16089	103
16101	103
16111	103
16125	103
16132	103
16137	103
16138	103
16141	103
16142	103
16163	103
16164	103
16190	103
16192	103
16198	103
16205	103
16211	103
16241	103
16243	103
16245	103
16252	103
16256	103
16267	103
16274	103
16290	103
16291	103
16293	103
16300	103
16301	103
16312	103
16323	103
16327	103
16340	103
16342	103
16356	103
16359	103
16373	103
16377	103
16385	103
16396	103
16399	103
16405	103
16410	103
16413	103
16414	103
16421	103
16423	103
16430	103
16439	103
16444	103
16450	103
16456	103
16466	103
16469	103
16485	103
16486	103
16496	103
16499	103
16511	103
16513	103
16516	103
16519	103
16523	103
16540	103
16551	103
16604	103
16619	103
16624	103
16635	103
16668	103
16691	103
16698	103
16700	103
16703	103
16720	103
16723	103
16739	103
16745	103
16752	103
16759	103
16779	103
16780	103
16783	103
16786	103
16794	103
16806	103
16808	103
16841	103
16873	103
16880	103
16887	103
16890	103
16891	103
16919	103
16923	103
16929	103
16935	103
16961	103
16966	103
16969	103
16970	103
16972	103
16977	103
16986	103
16991	103
17003	103
17005	103
17016	103
17035	103
17037	103
17050	103
17054	103
17055	103
17057	103
17086	103
17096	103
17108	103
17142	103
17164	103
17167	103
17169	103
17188	103
17193	103
17195	103
17228	103
17229	103
17235	103
17240	103
17257	103
17259	103
17276	103
17288	103
17290	103
17292	103
17293	103
17315	103
17335	103
17336	103
17357	103
17359	103
17360	103
17370	103
17372	103
17378	103
17398	103
17399	103
17408	103
17409	103
17425	103
17430	103
17432	103
17442	103
17446	103
17455	103
17458	103
17467	103
17483	103
17488	103
17514	103
17525	103
17528	103
17532	103
17539	103
17557	103
17576	103
17594	103
17595	103
17596	103
17599	103
17604	103
17613	103
17615	103
17622	103
17631	103
17636	103
17642	103
17658	103
17664	103
17668	103
17683	103
17693	103
17695	103
17697	103
17701	103
17704	103
17706	103
17711	103
17742	103
17744	103
17748	103
17755	103
17763	103
17790	103
17792	103
17793	103
17802	103
17806	103
17823	103
17842	103
17843	103
17844	103
17850	103
17858	103
17862	103
17864	103
17868	103
17874	103
17880	103
17892	103
17900	103
17912	103
17931	103
17940	103
17943	103
17948	103
17970	103
17976	103
17977	103
17980	103
17995	103
17998	103
17999	103
18000	103
18007	103
18024	103
18036	103
18044	103
18067	103
18072	103
18073	103
18079	103
18081	103
18102	103
18104	103
18106	103
18119	103
18120	103
18126	103
18137	103
18143	103
18155	103
18166	103
18168	103
18179	103
18227	103
18245	103
18262	103
18266	103
18272	103
18278	103
18280	103
18281	103
18290	103
18294	103
18325	103
18328	103
18344	103
18354	103
18367	103
18372	103
18389	103
18390	103
18394	103
18399	103
18410	103
18418	103
18420	103
18430	103
18435	103
18437	103
18438	103
18442	103
18444	103
18458	103
18470	103
18481	103
18483	103
18495	103
18498	103
18503	103
18509	103
18521	103
18524	103
18525	103
18529	103
18533	103
18547	103
18550	103
18560	103
18566	103
18570	103
18577	103
18585	103
18590	103
18592	103
18606	103
18610	103
18615	103
18620	103
18630	103
18631	103
18633	103
18644	103
18645	103
18659	103
18662	103
18675	103
18684	103
18691	103
18695	103
18707	103
18710	103
18714	103
18718	103
18725	103
18726	103
18735	103
18736	103
18762	103
18765	103
18769	103
18779	103
18781	103
18783	103
18786	103
18812	103
18834	103
18835	103
18842	103
18848	103
18850	103
18873	103
18877	103
18878	103
18888	103
18890	103
18894	103
18911	103
18914	103
18915	103
18919	103
18924	103
18926	103
18928	103
18940	103
18941	103
18959	103
18972	103
18976	103
18979	103
18981	103
18993	103
18999	103
19012	103
19027	103
19041	103
19056	103
19058	103
19060	103
19062	103
19071	103
19088	103
19090	103
19095	103
19098	103
19114	103
19116	103
19123	103
19125	103
19134	103
19139	103
19142	103
19152	103
19170	103
19181	103
19182	103
19193	103
19198	103
19215	103
19219	103
19221	103
19223	103
19236	103
19252	103
19257	103
19262	103
19267	103
19293	103
19313	103
19315	103
19323	103
19328	103
19340	103
19341	103
19360	103
19365	103
19373	103
19379	103
19382	103
19388	103
19402	103
19405	103
19414	103
19415	103
19428	103
19442	103
19443	103
19446	103
19458	103
19459	103
19460	103
19461	103
19467	103
19470	103
19477	103
19481	103
19482	103
19487	103
19491	103
19500	103
19505	103
19514	103
19521	103
19534	103
19541	103
19543	103
19545	103
19546	103
19569	103
19571	103
19579	103
19585	103
19597	103
19605	103
19610	103
19611	103
19612	103
19613	103
19615	103
19625	103
19636	103
19666	103
19669	103
19671	103
19688	103
19691	103
19724	103
19725	103
19727	103
19728	103
19730	103
19745	103
19748	103
19780	103
19793	103
19805	103
19812	103
19819	103
19828	103
19830	103
19834	103
19836	103
19849	103
19856	103
19869	103
19879	103
19892	103
19895	103
19902	103
19905	103
19909	103
19910	103
19925	103
19938	103
19942	103
19956	103
19961	103
19962	103
19973	103
19985	103
19986	103
19992	103
19996	103
20000	103
20029	103
20042	103
20043	103
20057	103
20071	103
20080	103
20081	103
20089	103
20099	103
20102	103
20109	103
20125	103
20126	103
20129	103
20140	103
20146	103
20150	103
20158	103
20168	103
20181	103
20201	103
20207	103
20214	103
20233	103
20246	103
20254	103
20265	103
20306	103
20323	103
20324	103
20332	103
20336	103
20338	103
20339	103
20358	103
20361	103
20362	103
20373	103
20384	103
20388	103
20393	103
20394	103
20395	103
20401	103
20403	103
20405	103
20416	103
20460	103
20465	103
20477	103
20494	103
20508	103
20525	103
20531	103
20535	103
20541	103
20543	103
20558	103
20562	103
20586	103
20596	103
20608	103
20614	103
20624	103
20630	103
20633	103
20637	103
20639	103
20649	103
20654	103
20658	103
20660	103
20661	103
20663	103
20666	103
20681	103
20693	103
20701	103
20719	103
20772	103
20781	103
20784	103
20790	103
20797	103
20840	103
20853	103
20856	103
20861	103
20863	103
20866	103
20871	103
20882	103
20887	103
20899	103
20916	103
20924	103
20929	103
20939	103
20945	103
20946	103
20953	103
20968	103
20977	103
20988	103
20998	103
21017	103
21023	103
21028	103
21032	103
21042	103
21056	103
21080	103
21090	103
21094	103
21120	103
21121	103
21127	103
21132	103
21134	103
21135	103
21145	103
21149	103
21151	103
21179	103
21194	103
21198	103
21209	103
21215	103
21221	103
21242	103
21249	103
21260	103
21276	103
21279	103
21280	103
21287	103
21291	103
21297	103
21310	103
21315	103
21316	103
21317	103
21319	103
21343	103
21347	103
21350	103
21358	103
21374	103
21393	103
21420	103
21426	103
21440	103
21441	103
21443	103
21489	103
21492	103
21495	103
21504	103
21505	103
21518	103
21519	103
21525	103
21553	103
21566	103
21575	103
21583	103
21589	103
21615	103
21617	103
21618	103
21638	103
21649	103
21666	103
21677	103
21691	103
21700	103
21718	103
21723	103
21735	103
21755	103
21758	103
21761	103
21781	103
21800	103
21813	103
21818	103
21821	103
21846	103
21847	103
21848	103
21854	103
21857	103
21858	103
21868	103
21879	103
21881	103
21883	103
21889	103
21894	103
21903	103
21912	103
21915	103
21921	103
21930	103
21936	103
21940	103
21941	103
21942	103
21951	103
21957	103
21963	103
21968	103
21975	103
21981	103
21992	103
21998	103
22004	103
22019	103
22025	103
22040	103
22047	103
22059	103
22079	103
22080	103
22111	103
22112	103
22116	103
22118	103
22123	103
22132	103
22133	103
22141	103
22142	103
22150	103
22156	103
22166	103
22174	103
22175	103
22183	103
22185	103
22200	103
22202	103
22211	103
22222	103
22226	103
22234	103
22240	103
22246	103
22258	103
22263	103
22272	103
22273	103
22294	103
22302	103
22312	103
22318	103
22319	103
22322	103
22329	103
22330	103
22349	103
22370	103
22373	103
22387	103
22389	103
22392	103
22396	103
22408	103
22419	103
22423	103
22428	103
22429	103
22449	103
22452	103
22473	103
22475	103
22476	103
22498	103
22502	103
22505	103
22511	103
22517	103
22519	103
22539	103
22544	103
22562	103
22571	103
22576	103
22577	103
22584	103
22589	103
22593	103
22603	103
22604	103
22611	103
22620	103
22631	103
22646	103
22647	103
22664	103
22671	103
22674	103
22680	103
22682	103
22708	103
22710	103
22711	103
22720	103
22724	103
22727	103
22741	103
22745	103
22748	103
22756	103
22768	103
22778	103
22797	103
22819	103
22843	103
22844	103
22846	103
22860	103
22879	103
22881	103
22889	103
22894	103
22899	103
22903	103
22924	103
22931	103
22932	103
22940	103
22947	103
22951	103
22970	103
22971	103
22975	103
22990	103
22993	103
23006	103
23013	103
23020	103
23026	103
23048	103
23056	103
23060	103
23066	103
23069	103
23072	103
23076	103
23087	103
23126	103
23144	103
23151	103
23157	103
23182	103
23183	103
23185	103
23194	103
23195	103
23203	103
23204	103
23207	103
23215	103
23224	103
23230	103
23242	103
23249	103
23260	103
23267	103
23275	103
23284	103
23298	103
23300	103
23314	103
23315	103
23325	103
23335	103
23366	103
23390	103
23419	103
23425	103
23427	103
23449	103
23464	103
23466	103
23473	103
23482	103
23501	103
23511	103
23515	103
23519	103
23522	103
23536	103
23539	103
23546	103
23553	103
23554	103
23556	103
23558	103
23581	103
23591	103
23600	103
23623	103
23632	103
23643	103
23645	103
23653	103
23656	103
23660	103
23663	103
23678	103
23681	103
23700	103
23708	103
23712	103
23719	103
23725	103
23726	103
23744	103
23750	103
23752	103
23755	103
23756	103
23764	103
23772	103
23774	103
23781	103
23797	103
23798	103
23815	103
23819	103
23826	103
23828	103
23833	103
23844	103
23845	103
23847	103
23857	103
23860	103
23869	103
23883	103
23884	103
23885	103
23887	103
23889	103
23898	103
23901	103
23907	103
23914	103
23916	103
23921	103
23933	103
23944	103
23947	103
23955	103
23962	103
23966	103
23981	103
23993	103
24000	103
24003	103
24009	103
24010	103
24026	103
24029	103
24031	103
24041	103
24061	103
24092	103
24101	103
24110	103
24111	103
24112	103
24120	103
24139	103
24141	103
24158	103
24175	103
24180	103
24193	103
24215	103
24219	103
24230	103
24239	103
24242	103
24269	103
24272	103
24276	103
24283	103
24288	103
24292	103
24347	103
24350	103
24352	103
24359	103
24364	103
24394	103
24403	103
24411	103
24413	103
24437	103
24455	103
24462	103
24476	103
24493	103
24500	103
24504	103
24505	103
24516	103
24519	103
24523	103
24525	103
24530	103
24545	103
24549	103
24551	103
24555	103
24562	103
24579	103
24585	103
24593	103
24594	103
24603	103
24611	103
24637	103
24648	103
24651	103
24661	103
24666	103
24679	103
24680	103
24681	103
24690	103
24701	103
24711	103
24720	103
24729	103
24754	103
24760	103
24761	103
24769	103
24805	103
24809	103
24835	103
24838	103
24842	103
24853	103
24894	103
24904	103
24931	103
24934	103
24936	103
24937	103
24941	103
24961	103
24973	103
24985	103
25005	103
25009	103
25015	103
25023	103
25030	103
25045	103
25058	103
25061	103
25063	103
25088	103
25089	103
25096	103
25107	103
25127	103
25137	103
25146	103
25147	103
25151	103
25157	103
25207	103
25218	103
25225	103
25226	103
25237	103
25248	103
25260	103
25264	103
25265	103
25266	103
25278	103
25282	103
25283	103
25285	103
25287	103
25292	103
25293	103
25300	103
25317	103
25318	103
25321	103
25326	103
25334	103
25341	103
25358	103
25360	103
25363	103
25375	103
25380	103
25385	103
25391	103
25403	103
25409	103
25416	103
25417	103
25430	103
25431	103
25432	103
25438	103
25447	103
25461	103
25472	103
25475	103
25476	103
25477	103
25478	103
25483	103
25487	103
25492	103
25501	103
25525	103
25533	103
25543	103
25554	103
25560	103
25561	103
25596	103
25632	103
25646	103
25658	103
25662	103
25674	103
25677	103
25678	103
25683	103
25692	103
25703	103
25706	103
25707	103
25713	103
25746	103
25755	103
25761	103
25767	103
25769	103
25781	103
25838	103
25849	103
25850	103
25856	103
25858	103
25897	103
25900	103
25911	103
25920	103
25926	103
25931	103
25932	103
25938	103
25950	103
25967	103
25971	103
25974	103
25990	103
25991	103
25999	103
26025	103
26027	103
26035	103
26040	103
26082	103
26098	103
26104	103
26108	103
26112	103
26113	103
26128	103
26154	103
26158	103
26163	103
26187	103
26193	103
26197	103
26198	103
26216	103
26241	103
26248	103
26261	103
26269	103
26270	103
26271	103
26278	103
26284	103
26294	103
26296	103
26311	103
26313	103
26315	103
26322	103
26326	103
26335	103
26375	103
26376	103
26415	103
26430	103
26440	103
26448	103
26449	103
26451	103
26456	103
26467	103
26475	103
26500	103
26504	103
26508	103
26510	103
26513	103
26521	103
26541	103
26549	103
26563	103
26585	103
26586	103
26594	103
26595	103
26597	103
26602	103
26620	103
26645	103
26658	103
26670	103
26674	103
26676	103
26677	103
26685	103
26694	103
26695	103
26702	103
26706	103
26712	103
26732	103
26736	103
26737	103
26739	103
26752	103
26779	103
26783	103
26790	103
26794	103
26815	103
26823	103
26842	103
26854	103
26870	103
26880	103
26885	103
26891	103
26899	103
26903	103
26905	103
26916	103
26926	103
26931	103
26941	103
26943	103
26947	103
26953	103
26956	103
26959	103
26968	103
26991	103
26998	103
27008	103
27026	103
27035	103
27045	103
27051	103
27053	103
27061	103
27065	103
27071	103
27078	103
27080	103
27087	103
27088	103
27097	103
27099	103
27121	103
27127	103
27134	103
27137	103
27157	103
27164	103
27182	103
27188	103
27212	103
27225	103
27227	103
27230	103
27242	103
27247	103
27254	103
27260	103
27261	103
27263	103
27289	103
27294	103
27306	103
27307	103
27308	103
27311	103
27332	103
27345	103
27349	103
27355	103
27358	103
27364	103
27391	103
27393	103
27398	103
27406	103
27412	103
27418	103
27421	103
27422	103
27426	103
27432	103
27441	103
27451	103
27483	103
27496	103
27506	103
27523	103
27527	103
27542	103
27546	103
27547	103
27550	103
27556	103
27574	103
27584	103
27588	103
27592	103
27593	103
27607	103
27609	103
27621	103
27633	103
27650	103
27665	103
27666	103
27673	103
27696	103
27701	103
27703	103
27706	103
27707	103
27711	103
27714	103
27715	103
27726	103
27729	103
27731	103
27732	103
27733	103
27761	103
27778	103
27781	103
27793	103
27828	103
27829	103
27831	103
27834	103
27838	103
27850	103
27852	103
27853	103
27857	103
27860	103
27865	103
27866	103
27878	103
27890	103
27897	103
27900	103
27902	103
27915	103
27917	103
27930	103
27951	103
27959	103
27965	103
27968	103
27972	103
27979	103
27984	103
28003	103
28009	103
28011	103
28018	103
28022	103
28047	103
28054	103
28056	103
28062	103
28063	103
28064	103
28066	103
28079	103
28081	103
28100	103
28101	103
28102	103
28105	103
28112	103
28117	103
28125	103
28127	103
28129	103
28135	103
28155	103
28165	103
28173	103
28174	103
28179	103
28185	103
28188	103
28194	103
28196	103
28203	103
28219	103
28226	103
28236	103
28248	103
28255	103
28301	103
28313	103
28326	103
28328	103
28339	103
28372	103
28373	103
28400	103
28409	103
28417	103
28420	103
28452	103
28470	103
28483	103
28495	103
28528	103
28530	103
28539	103
28543	103
28585	103
28591	103
28592	103
28599	103
28612	103
28614	103
28624	103
28627	103
28631	103
28643	103
28649	103
28650	103
28658	103
28675	103
28680	103
28683	103
28685	103
28686	103
28687	103
28707	103
28712	103
28713	103
28728	103
28729	103
28737	103
28770	103
28792	103
28794	103
28804	103
28848	103
28849	103
28861	103
28896	103
28909	103
28914	103
28920	103
28923	103
28936	103
28937	103
28940	103
28956	103
28958	103
28967	103
28968	103
28973	103
28977	103
28980	103
28981	103
28982	103
28983	103
28996	103
29001	103
29008	103
29025	103
29038	103
29043	103
29049	103
29070	103
29074	103
29093	103
29102	103
29115	103
29123	103
29126	103
29136	103
29137	103
29144	103
29150	103
29151	103
29152	103
29154	103
29160	103
29178	103
29180	103
29190	103
29201	103
29214	103
29216	103
29218	103
29231	103
29242	103
29247	103
29282	103
29285	103
29289	103
29290	103
29301	103
29312	103
29321	103
29329	103
29332	103
29338	103
29341	103
29364	103
29373	103
29381	103
29389	103
29410	103
29415	103
29440	103
29441	103
29455	103
29471	103
29474	103
29476	103
29489	103
29490	103
29503	103
29522	103
29537	103
29547	103
29550	103
29551	103
29553	103
29561	103
29564	103
29566	103
29584	103
29585	103
29586	103
29591	103
29606	103
29608	103
29612	103
29629	103
29633	103
29662	103
29663	103
29667	103
29696	103
29708	103
29714	103
29717	103
29719	103
29720	103
29721	103
29722	103
29726	103
29737	103
29741	103
29746	103
29747	103
29770	103
29776	103
29778	103
29782	103
29789	103
29793	103
29795	103
29832	103
29840	103
29856	103
29875	103
29876	103
29890	103
29913	103
29914	103
29917	103
29927	103
29936	103
29938	103
29942	103
29969	103
29972	103
29979	103
29981	103
29988	103
29997	103
29999	103
30017	103
30024	103
30025	103
30026	103
30033	103
30052	103
30064	103
30066	103
30075	103
30077	103
30078	103
30081	103
30099	103
30101	103
30102	103
30104	103
30114	103
30121	103
30129	103
30134	103
30144	103
30145	103
30147	103
30148	103
30154	103
30158	103
30162	103
30178	103
30179	103
30182	103
30188	103
30190	103
30193	103
30194	103
30195	103
30196	103
30212	103
30217	103
30218	103
30237	103
30241	103
30255	103
30260	103
30262	103
30266	103
30290	103
30295	103
30300	103
30309	103
30334	103
30338	103
30343	103
30362	103
30373	103
30394	103
30400	103
30401	103
30438	103
30460	103
30468	103
30477	103
30481	103
30486	103
30498	103
30510	103
30519	103
30534	103
30577	103
30593	103
30602	103
30611	103
30616	103
30631	103
30634	103
30642	103
30646	103
30647	103
30651	103
30656	103
30666	103
30669	103
30671	103
30682	103
30696	103
30698	103
30702	103
30703	103
30706	103
30708	103
30714	103
30718	103
30722	103
30723	103
30726	103
30733	103
30740	103
30747	103
30757	103
30759	103
30762	103
30786	103
30787	103
30791	103
30802	103
30820	103
30831	103
30839	103
30854	103
30866	103
30867	103
30871	103
30874	103
30875	103
30888	103
30889	103
30897	103
30899	103
30911	103
30919	103
30938	103
30942	103
30944	103
30956	103
30966	103
30968	103
30987	103
30989	103
30995	103
30996	103
30998	103
31001	103
31010	103
31016	103
31032	103
31033	103
31040	103
31047	103
31051	103
31059	103
31064	103
31070	103
31073	103
31086	103
31110	103
31122	103
31127	103
31132	103
31139	103
31144	103
31145	103
31150	103
31151	103
31155	103
31160	103
31169	103
31174	103
31177	103
31182	103
31199	103
31202	103
31204	103
31208	103
31209	103
31218	103
31221	103
31247	103
31250	103
31252	103
31255	103
31270	103
31279	103
31286	103
31305	103
31321	103
31323	103
31333	103
31334	103
31339	103
31341	103
31342	103
31344	103
31352	103
31354	103
31367	103
31374	103
31381	103
31400	103
31404	103
31406	103
31424	103
31442	103
31443	103
31455	103
31458	103
31461	103
31463	103
31471	103
31482	103
31484	103
31496	103
31535	103
31552	103
31564	103
31579	103
31583	103
31595	103
31600	103
31604	103
31612	103
31613	103
31614	103
31616	103
31617	103
31618	103
31642	103
31652	103
31663	103
31667	103
31673	103
31690	103
31710	103
31716	103
31719	103
31722	103
31723	103
31729	103
31735	103
31748	103
31765	103
31767	103
31784	103
31785	103
31791	103
31813	103
31828	103
31833	103
31835	103
31838	103
31881	103
31888	103
31900	103
31924	103
31928	103
31930	103
31931	103
31940	103
31941	103
31963	103
31968	103
31980	103
31982	103
31994	103
31999	103
32000	103
32006	103
32010	103
32014	103
32015	103
32026	103
32029	103
32041	103
32054	103
32065	103
32067	103
32072	103
32074	103
32076	103
32078	103
32084	103
32085	103
32098	103
32111	103
32114	103
32150	103
32174	103
32175	103
32189	103
32205	103
32216	103
32218	103
32219	103
32238	103
32245	103
32272	103
32285	103
32290	103
32296	103
32316	103
32317	103
32328	103
32333	103
32336	103
32341	103
32359	103
32366	103
32370	103
32378	103
32381	103
32385	103
32393	103
32403	103
32408	103
32410	103
32412	103
32414	103
32416	103
32418	103
32424	103
32425	103
32441	103
32444	103
32445	103
32455	103
32456	103
32459	103
32484	103
32485	103
32486	103
32494	103
32518	103
32527	103
32534	103
32537	103
32539	103
32543	103
32544	103
32562	103
32582	103
32590	103
32594	103
32599	103
32601	103
32609	103
32614	103
32620	103
32650	103
32661	103
32662	103
32665	103
32668	103
32670	103
32672	103
32687	103
32688	103
32692	103
32703	103
32732	103
32741	103
32742	103
32757	103
32777	103
32788	103
32792	103
32801	103
32825	103
32829	103
32835	103
32843	103
32846	103
32854	103
32856	103
32867	103
32872	103
32876	103
32878	103
32887	103
32890	103
32892	103
32899	103
32900	103
32903	103
32923	103
32938	103
32940	103
32949	103
32957	103
32968	103
33001	103
33017	103
33030	103
33035	103
33040	103
33046	103
33058	103
33061	103
33070	103
33073	103
33076	103
33166	103
33170	103
33180	103
33191	103
33192	103
33197	103
33203	103
33208	103
33240	103
33245	103
33259	103
33262	103
33282	103
33285	103
33297	103
33303	103
33315	103
33316	103
33331	103
33346	103
33349	103
33358	103
33376	103
33382	103
33388	103
33393	103
33396	103
33405	103
33414	103
33415	103
33417	103
33420	103
33427	103
33428	103
33442	103
33446	103
33456	103
33461	103
33466	103
33473	103
33485	103
33487	103
33497	103
33499	103
33514	103
33515	103
33516	103
33532	103
33536	103
33543	103
33589	103
33613	103
33614	103
33618	103
33619	103
33629	103
33634	103
33670	103
33682	103
33689	103
33701	103
33703	103
33731	103
33739	103
33755	103
33764	103
33769	103
33779	103
33784	103
33797	103
33799	103
33801	103
33802	103
33805	103
33814	103
33831	103
33841	103
33852	103
33855	103
33863	103
33866	103
33876	103
33886	103
33889	103
33905	103
33911	103
33920	103
33931	103
33935	103
33949	103
33951	103
33959	103
33962	103
33970	103
33993	103
33994	103
33997	103
34013	103
34023	103
34026	103
34028	103
34034	103
34040	103
34074	103
34075	103
34078	103
34079	103
34092	103
34117	103
34126	103
34130	103
34141	103
34142	103
34144	103
34161	103
34178	103
34190	103
34192	103
34213	103
34217	103
34227	103
34230	103
34243	103
34256	103
34257	103
34271	103
34273	103
34296	103
34297	103
34302	103
34307	103
34309	103
34327	103
34329	103
34347	103
34361	103
34369	103
34391	103
34404	103
34408	103
34409	103
34412	103
34413	103
34421	103
34423	103
34426	103
34432	103
34446	103
34451	103
34477	103
34486	103
34488	103
34495	103
34497	103
34524	103
34529	103
34538	103
34546	103
34553	103
34575	103
34580	103
34586	103
34588	103
34589	103
34590	103
34591	103
34595	103
34614	103
34622	103
34630	103
34631	103
34636	103
34641	103
34644	103
34645	103
34646	103
34670	103
34674	103
34675	103
34700	103
34706	103
34708	103
34722	103
34729	103
34757	103
34767	103
34768	103
34789	103
34794	103
34802	103
34804	103
34819	103
34824	103
34825	103
34830	103
34854	103
34865	103
34868	103
34876	103
34878	103
34879	103
34910	103
34913	103
34934	103
34937	103
34938	103
34942	103
34953	103
34973	103
35005	103
35021	103
35056	103
35062	103
35063	103
35067	103
35070	103
35071	103
35075	103
35086	103
35099	103
35111	103
35113	103
35117	103
35122	103
35135	103
35147	103
35156	103
35157	103
35161	103
35169	103
35170	103
35174	103
35179	103
35191	103
35202	103
35219	103
35250	103
35252	103
35255	103
35276	103
35297	103
35301	103
35306	103
35319	103
35321	103
35325	103
35330	103
35343	103
35364	103
35371	103
35374	103
35379	103
35384	103
35406	103
35420	103
35433	103
35440	103
35455	103
35463	103
35469	103
35479	103
35481	103
35484	103
35485	103
35493	103
35499	103
35500	103
35502	103
35504	103
35515	103
35541	103
35569	103
35591	103
35610	103
35612	103
35616	103
35617	103
35626	103
35628	103
35639	103
35653	103
35675	103
35677	103
35682	103
35686	103
35713	103
35727	103
35731	103
35736	103
35740	103
35745	103
35762	103
35766	103
35773	103
35776	103
35790	103
35793	103
35798	103
35816	103
35820	103
35823	103
35830	103
35840	103
35843	103
35846	103
35861	103
35871	103
35877	103
35890	103
35895	103
35905	103
35906	103
35919	103
35924	103
35925	103
35946	103
35951	103
35971	103
35975	103
35977	103
35981	103
35995	103
35997	103
36002	103
36005	103
36013	103
36015	103
36034	103
36064	103
36086	103
36093	103
36094	103
36131	103
36132	103
36143	103
36145	103
36151	103
36154	103
36175	103
36176	103
36199	103
36206	103
36217	103
36218	103
36226	103
36247	103
36293	103
36294	103
36304	103
36305	103
36330	103
36334	103
36336	103
36339	103
36361	103
36369	103
36371	103
36372	103
36386	103
36388	103
36392	103
36401	103
36427	103
36445	103
36456	103
36461	103
36463	103
36480	103
36494	103
36498	103
36504	103
36526	103
36531	103
36539	103
36542	103
36543	103
36544	103
36547	103
36556	103
36562	103
36569	103
36590	103
36593	103
36601	103
36602	103
36605	103
36626	103
36640	103
36641	103
36644	103
36651	103
36659	103
36679	103
36702	103
36707	103
36716	103
36723	103
36727	103
36729	103
36733	103
36735	103
36738	103
36743	103
36761	103
36767	103
36772	103
36780	103
36787	103
36789	103
36795	103
36806	103
36826	103
36830	103
36846	103
36851	103
36853	103
36860	103
36864	103
36871	103
36889	103
36892	103
36921	103
36923	103
36930	103
36984	103
36988	103
36989	103
36996	103
37009	103
37013	103
37015	103
37017	103
37019	103
37025	103
37048	103
37056	103
37066	103
37077	103
37079	103
37108	103
37130	103
37131	103
37159	103
37160	103
37165	103
37172	103
37178	103
37184	103
37191	103
37202	103
37203	103
37208	103
37215	103
37218	103
37220	103
37226	103
37229	103
37242	103
37244	103
37249	103
37268	103
37270	103
37274	103
37280	103
37291	103
37314	103
37320	103
37334	103
37339	103
37350	103
37385	103
37390	103
37393	103
37400	103
37421	103
37422	103
37444	103
37445	103
37463	103
37464	103
37465	103
37469	103
37487	103
37488	103
37496	103
37520	103
37538	103
37540	103
37545	103
37551	103
37553	103
37555	103
37557	103
37572	103
37575	103
37583	103
37597	103
37617	103
37646	103
37657	103
37662	103
37671	103
37685	103
37706	103
37709	103
37721	103
37731	103
37732	103
37733	103
37736	103
37740	103
37741	103
37748	103
37749	103
37750	103
37754	103
37758	103
37784	103
37787	103
37801	103
37831	103
37851	103
37865	103
37873	103
37893	103
37918	103
37920	103
37924	103
37925	103
37928	103
37942	103
37949	103
37951	103
37953	103
37961	103
37962	103
37972	103
37990	103
37997	103
38000	103
38001	103
38004	103
38005	103
38020	103
38026	103
38037	103
38040	103
38049	103
38055	103
38059	103
38063	103
38066	103
38080	103
38111	103
38114	103
38116	103
38119	103
38122	103
38129	103
38140	103
38141	103
38156	103
38157	103
38171	103
38179	103
38186	103
38196	103
38197	103
38198	103
38214	103
38217	103
38221	103
38224	103
38227	103
38241	103
38248	103
38249	103
38275	103
38296	103
38303	103
38307	103
38310	103
38324	103
38336	103
38376	103
38392	103
38396	103
38400	103
38433	103
38435	103
38456	103
38460	103
38463	103
38478	103
38479	103
38485	103
38496	103
38500	103
38505	103
38515	103
38518	103
38527	103
38536	103
38563	103
38599	103
38606	103
38610	103
38625	103
38634	103
38641	103
38667	103
38668	103
38672	103
38682	103
38691	103
38698	103
38702	103
38704	103
38706	103
38707	103
38724	103
38734	103
38777	103
38784	103
38793	103
38794	103
38805	103
38806	103
38808	103
38810	103
38815	103
38817	103
38821	103
38829	103
38842	103
38843	103
38855	103
38866	103
38867	103
38873	103
38878	103
38904	103
38914	103
38915	103
38921	103
38934	103
38938	103
38941	103
38952	103
38957	103
38964	103
38969	103
38972	103
38987	103
38992	103
39002	103
39016	103
39021	103
39024	103
39034	103
39039	103
39055	103
39073	103
39085	103
39093	103
39097	103
39103	103
39110	103
39111	103
39115	103
39124	103
39127	103
39134	103
39153	103
39160	103
39164	103
39166	103
39173	103
39176	103
39180	103
39183	103
39197	103
39200	103
39204	103
39213	103
39224	103
39234	103
39239	103
39247	103
39252	103
39254	103
39256	103
39259	103
39266	103
39270	103
39273	103
39274	103
39290	103
39308	103
39312	103
39317	103
39327	103
39348	103
39352	103
39355	103
39356	103
39367	103
39377	103
39390	103
39397	103
39406	103
39415	103
39416	103
39431	103
39433	103
39440	103
39453	103
39459	103
39461	103
39465	103
39486	103
39495	103
39501	103
39514	103
39518	103
39530	103
39540	103
39565	103
39574	103
39580	103
39581	103
39608	103
39622	103
39629	103
39631	103
39639	103
39641	103
39646	103
39647	103
39655	103
39671	103
39691	103
39695	103
39697	103
39699	103
39704	103
39717	103
39729	103
39742	103
39747	103
39749	103
39755	103
39757	103
39760	103
39763	103
39767	103
39770	103
39783	103
39788	103
39806	103
39814	103
39816	103
39831	103
39832	103
39834	103
39841	103
39846	103
39869	103
39877	103
39878	103
39884	103
39893	103
39894	103
39901	103
39905	103
39934	103
39944	103
39946	103
39951	103
39954	103
39982	103
39989	103
39995	103
40003	103
40007	103
40011	103
40022	103
40024	103
40027	103
40041	103
40061	103
40069	103
40110	103
40112	103
40127	103
40150	103
40151	103
40166	103
40178	103
40191	103
40194	103
40197	103
40202	103
40214	103
40215	103
40220	103
40222	103
40240	103
40246	103
40269	103
40273	103
40286	103
40297	103
40300	103
40302	103
40314	103
40317	103
40327	103
40336	103
40341	103
40348	103
40353	103
40370	103
40384	103
40389	103
40394	103
40398	103
40400	103
40407	103
40412	103
40416	103
40418	103
40424	103
40445	103
40469	103
40473	103
40475	103
40481	103
40482	103
40496	103
40504	103
40505	103
40506	103
40522	103
40530	103
40552	103
40553	103
40554	103
40560	103
40561	103
40565	103
40568	103
40572	103
40575	103
40577	103
40581	103
40582	103
40591	103
40597	103
40606	103
40617	103
40618	103
40623	103
40634	103
40637	103
40642	103
40651	103
40654	103
40656	103
40669	103
40672	103
40674	103
40675	103
40681	103
40719	103
40722	103
40729	103
40735	103
40746	103
40770	103
40777	103
40778	103
40781	103
40790	103
40798	103
40804	103
40806	103
40811	103
40831	103
40853	103
40864	103
40891	103
40909	103
40918	103
40928	103
40931	103
40940	103
40962	103
40976	103
40979	103
40981	103
40990	103
40991	103
40993	103
40997	103
41001	103
41007	103
41032	103
41034	103
41036	103
41038	103
41047	103
41053	103
41062	103
41064	103
41069	103
41078	103
41093	103
41115	103
41135	103
41150	103
41154	103
41162	103
41169	103
41176	103
41193	103
41196	103
41199	103
41207	103
41225	103
41260	103
41275	103
41294	103
41303	103
41314	103
41327	103
41329	103
41344	103
41351	103
41379	103
41380	103
41387	103
41394	103
41401	103
41408	103
41413	103
41414	103
41449	103
41453	103
41456	103
41457	103
41458	103
41469	103
41490	103
41491	103
41493	103
41500	103
41523	103
41573	103
41575	103
41594	103
41601	103
41602	103
41605	103
41619	103
41623	103
41628	103
41629	103
41637	103
41652	103
41663	103
41673	103
41684	103
41690	103
41695	103
41700	103
41703	103
41710	103
41714	103
41719	103
41731	103
41732	103
41748	103
41756	103
41787	103
41791	103
41800	103
41802	103
41817	103
41823	103
41835	103
41836	103
41855	103
41857	103
41864	103
41865	103
41866	103
41872	103
41883	103
41893	103
41894	103
41902	103
41903	103
41910	103
41923	103
41937	103
41943	103
41946	103
41951	103
41952	103
41968	103
41971	103
41986	103
42003	103
42019	103
42023	103
42037	103
42046	103
42051	103
42063	103
42082	103
42083	103
42103	103
42115	103
42121	103
42126	103
42133	103
42137	103
42145	103
42153	103
42155	103
42176	103
42191	103
42193	103
42199	103
42202	103
42213	103
42242	103
42248	103
42260	103
42270	103
42302	103
42317	103
42318	103
42329	103
42333	103
42336	103
42338	103
42352	103
42374	103
42383	103
42384	103
42394	103
42411	103
42419	103
42429	103
42433	103
42434	103
42435	103
42452	103
42460	103
42466	103
42470	103
42471	103
42472	103
42490	103
42510	103
42512	103
42514	103
42529	103
42538	103
42540	103
42552	103
42565	103
42607	103
42612	103
42621	103
42624	103
42639	103
42653	103
42654	103
42655	103
42663	103
42673	103
42688	103
42695	103
42717	103
42720	103
42726	103
42744	103
42745	103
42751	103
42756	103
42760	103
42762	103
42791	103
42800	103
42803	103
42807	103
42860	103
42863	103
42864	103
42871	103
42885	103
42905	103
42911	103
42912	103
42916	103
42919	103
42939	103
42947	103
42948	103
42956	103
42968	103
42969	103
42980	103
42987	103
43003	103
43004	103
43011	103
43012	103
43021	103
43026	103
43033	103
43047	103
43048	103
43049	103
43067	103
43068	103
43082	103
43086	103
43091	103
43093	103
43095	103
43099	103
43102	103
43103	103
43104	103
43110	103
43112	103
43119	103
43121	103
43127	103
43133	103
43140	103
43145	103
43148	103
43155	103
43158	103
43170	103
43184	103
43188	103
43192	103
43216	103
43224	103
43226	103
43229	103
43249	103
43258	103
43266	103
43273	103
43274	103
43278	103
43282	103
43285	103
43286	103
43296	103
43313	103
43315	103
43327	103
43340	103
43341	103
43343	103
43351	103
43360	103
43367	103
43368	103
43372	103
43376	103
43380	103
43382	103
43384	103
43409	103
43414	103
43420	103
43422	103
43457	103
43470	103
43477	103
43485	103
43493	103
43501	103
43524	103
43531	103
43534	103
43548	103
43564	103
43578	103
43580	103
43592	103
43594	103
43635	103
43639	103
43644	103
43645	103
43655	103
43676	103
43691	103
43713	103
43725	103
43732	103
43733	103
43740	103
43760	103
43763	103
43766	103
43801	103
43818	103
43825	103
43830	103
43832	103
43841	103
43847	103
43856	103
43870	103
43877	103
43883	103
43888	103
43923	103
43925	103
43933	103
43937	103
43940	103
43946	103
43949	103
43951	103
43964	103
43974	103
43977	103
43980	103
44001	103
44004	103
44014	103
44016	103
44017	103
44020	103
44030	103
44047	103
44048	103
44055	103
44056	103
44060	103
44067	103
44081	103
44083	103
44089	103
44092	103
44095	103
44100	103
44107	103
44108	103
44125	103
44130	103
44145	103
44158	103
44173	103
44186	103
44188	103
44210	103
44217	103
44226	103
44243	103
44248	103
44249	103
44270	103
44274	103
44282	103
44300	103
44301	103
44329	103
44330	103
44376	103
44380	103
44384	103
44385	103
44402	103
44414	103
44416	103
44420	103
44422	103
44426	103
44427	103
44432	103
44443	103
44462	103
44481	103
44503	103
44504	103
44525	103
44532	103
44545	103
44546	103
44553	103
44554	103
44555	103
44558	103
44562	103
44574	103
44597	103
44605	103
44614	103
44616	103
44617	103
44621	103
44632	103
44640	103
44641	103
44642	103
44643	103
44665	103
44672	103
44673	103
44678	103
44683	103
44691	103
44702	103
44703	103
44704	103
44713	103
44717	103
44720	103
44721	103
44728	103
44731	103
44744	103
44749	103
44768	103
44770	103
44786	103
44796	103
44803	103
44808	103
44847	103
44849	103
44850	103
44854	103
44867	103
44878	103
44881	103
44887	103
44896	103
44914	103
44924	103
44925	103
44929	103
44933	103
44944	103
44947	103
44963	103
44986	103
44989	103
44998	103
45002	103
45009	103
45021	103
45034	103
45037	103
45038	103
45042	103
45046	103
45055	103
45064	103
45081	103
45089	103
45097	103
45098	103
45103	103
45105	103
45110	103
45131	103
45155	103
45156	103
45159	103
45160	103
45164	103
45200	103
45210	103
45237	103
45247	103
45272	103
45276	103
45279	103
45286	103
45287	103
45292	103
45293	103
45301	103
45312	103
45313	103
45322	103
45325	103
45344	103
45373	103
45379	103
45386	103
45388	103
45403	103
45422	103
45433	103
45444	103
45445	103
45447	103
45465	103
45466	103
45479	103
45496	103
45506	103
45535	103
45539	103
45540	103
45556	103
45561	103
45564	103
45567	103
45576	103
45585	103
45590	103
45595	103
45597	103
45600	103
45611	103
45618	103
45619	103
45627	103
45652	103
45653	103
45659	103
45669	103
45678	103
45686	103
45688	103
45700	103
45730	103
45744	103
45755	103
45784	103
45785	103
45791	103
45801	103
45803	103
45806	103
45812	103
45821	103
45828	103
45836	103
45849	103
45851	103
45856	103
45871	103
45889	103
45894	103
45896	103
45898	103
45910	103
45911	103
45926	103
45930	103
45942	103
45951	103
45955	103
45963	103
45979	103
45983	103
45987	103
45998	103
45999	103
46002	103
46014	103
46015	103
46018	103
46026	103
46032	103
46033	103
46036	103
46041	103
46051	103
46052	103
46063	103
46071	103
46078	103
46087	103
46094	103
46101	103
46103	103
46111	103
46125	103
46156	103
46170	103
46182	103
46191	103
46203	103
46205	103
46223	103
46249	103
46253	103
46254	103
46282	103
46292	103
46294	103
46313	103
46330	103
46333	103
46336	103
46339	103
46371	103
46375	103
46377	103
46378	103
46379	103
46389	103
46391	103
46418	103
46437	103
46439	103
46447	103
46450	103
46485	103
46495	103
46496	103
46498	103
46503	103
46520	103
46538	103
46558	103
46586	103
46593	103
46614	103
46619	103
46630	103
46639	103
46640	103
46649	103
46656	103
46665	103
46669	103
46670	103
46672	103
46675	103
46694	103
46695	103
46696	103
46704	103
46720	103
46731	103
46745	103
46752	103
46759	103
46763	103
46771	103
46781	103
46784	103
46786	103
46788	103
46789	103
46798	103
46801	103
46804	103
46812	103
46814	103
46819	103
46820	103
46822	103
46830	103
46835	103
46855	103
46856	103
46859	103
46863	103
46874	103
46875	103
46887	103
46888	103
46905	103
46911	103
46918	103
46920	103
46926	103
46933	103
46944	103
46952	103
46961	103
46966	103
46973	103
46976	103
46979	103
46990	103
47005	103
47034	103
47038	103
47047	103
47064	103
47067	103
47068	103
47073	103
47079	103
47083	103
47085	103
47104	103
47115	103
47126	103
47134	103
47142	103
47154	103
47171	103
47180	103
47186	103
47202	103
47214	103
47227	103
47245	103
47246	103
47248	103
47255	103
47257	103
47261	103
47264	103
47269	103
47272	103
47285	103
47297	103
47301	103
47302	103
47306	103
47308	103
47317	103
47322	103
47335	103
47336	103
47343	103
47352	103
47357	103
47358	103
47391	103
47392	103
47402	103
47412	103
47415	103
47427	103
47429	103
47437	103
47452	103
47453	103
47468	103
47494	103
47495	103
47506	103
47508	103
47515	103
47519	103
47520	103
47522	103
47524	103
47542	103
47545	103
47560	103
47562	103
47570	103
47587	103
47591	103
47614	103
47632	103
47638	103
47664	103
47674	103
47684	103
47694	103
47699	103
47701	103
47702	103
47719	103
47732	103
47734	103
47735	103
47739	103
47750	103
47752	103
47753	103
47757	103
47780	103
47787	103
47801	103
47808	103
47811	103
47829	103
47833	103
47838	103
47839	103
47842	103
47853	103
47855	103
47894	103
47904	103
47917	103
47919	103
47923	103
47927	103
47933	103
47937	103
47946	103
47954	103
47990	103
48000	103
48004	103
48020	103
48028	103
48046	103
48049	103
48056	103
48075	103
48081	103
48082	103
48084	103
48086	103
48089	103
48090	103
48107	103
48108	103
48124	103
48128	103
48130	103
48131	103
48132	103
48133	103
48135	103
48143	103
48157	103
48159	103
48161	103
48167	103
48171	103
48177	103
48181	103
48182	103
48187	103
48195	103
48209	103
48240	103
48257	103
48269	103
48270	103
48289	103
48293	103
48295	103
48296	103
48308	103
48325	103
48329	103
48332	103
48334	103
48336	103
48351	103
48352	103
48357	103
48360	103
48365	103
48399	103
48411	103
48412	103
48420	103
48428	103
48432	103
48482	103
48512	103
48518	103
48519	103
48523	103
48525	103
48530	103
48537	103
48546	103
48557	103
48561	103
48572	103
48581	103
48586	103
48594	103
48605	103
48618	103
48619	103
48623	103
48638	103
48648	103
48654	103
48671	103
48677	103
48678	103
48686	103
48705	103
48710	103
48725	103
48726	103
48735	103
48758	103
48760	103
48762	103
48773	103
48784	103
48788	103
48800	103
48807	103
48809	103
48819	103
48834	103
48846	103
48848	103
48869	103
48877	103
48900	103
48901	103
48902	103
48913	103
48936	103
48952	103
48955	103
48968	103
48986	103
48987	103
48995	103
48997	103
49005	103
49022	103
49023	103
49028	103
49047	103
49069	103
49070	103
49071	103
49077	103
49086	103
49089	103
49090	103
49091	103
49102	103
49103	103
49119	103
49128	103
49129	103
49135	103
49146	103
49152	103
49157	103
49173	103
49178	103
49180	103
49181	103
49191	103
49215	103
49217	103
49218	103
49222	103
49229	103
49239	103
49246	103
49256	103
49260	103
49267	103
49268	103
49300	103
49327	103
49328	103
49335	103
49338	103
49342	103
49347	103
49406	103
49411	103
49419	103
49421	103
49433	103
49436	103
49440	103
49442	103
49450	103
49452	103
49459	103
49467	103
49468	103
49470	103
49480	103
49481	103
49483	103
49485	103
49487	103
49490	103
49499	103
49505	103
49513	103
49519	103
49523	103
49527	103
49531	103
49535	103
49536	103
49538	103
49539	103
49571	103
49593	103
49595	103
49598	103
49610	103
49617	103
49620	103
49624	103
49651	103
49657	103
49658	103
49676	103
49681	103
49699	103
49701	103
49722	103
49723	103
49729	103
49740	103
49749	103
49755	103
49791	103
49800	103
49801	103
49818	103
49823	103
49827	103
49831	103
49834	103
49839	103
49841	103
49842	103
49844	103
49853	103
49856	103
49858	103
49868	103
49871	103
49872	103
49879	103
49880	103
49885	103
49889	103
49896	103
49902	103
49912	103
49920	103
49921	103
49927	103
49941	103
49949	103
49962	103
49967	103
49989	103
49997	103
2	102
6	102
45	102
62	102
78	102
84	102
96	102
98	102
111	102
115	102
126	102
128	102
148	102
152	102
157	102
173	102
182	102
186	102
201	102
208	102
210	102
213	102
220	102
226	102
248	102
252	102
256	102
258	102
271	102
302	102
332	102
360	102
367	102
368	102
374	102
386	102
397	102
401	102
405	102
415	102
420	102
430	102
438	102
441	102
484	102
488	102
492	102
514	102
522	102
526	102
530	102
538	102
543	102
565	102
574	102
588	102
614	102
623	102
627	102
631	102
634	102
658	102
660	102
662	102
669	102
673	102
675	102
676	102
682	102
691	102
707	102
711	102
726	102
728	102
733	102
755	102
762	102
783	102
795	102
797	102
815	102
819	102
828	102
829	102
833	102
842	102
845	102
859	102
860	102
862	102
873	102
877	102
888	102
906	102
907	102
925	102
929	102
948	102
957	102
971	102
975	102
976	102
989	102
1005	102
1019	102
1032	102
1037	102
1055	102
1061	102
1069	102
1072	102
1081	102
1085	102
1089	102
1119	102
1121	102
1124	102
1142	102
1144	102
1145	102
1163	102
1175	102
1186	102
1203	102
1214	102
1239	102
1256	102
1286	102
1291	102
1302	102
1305	102
1307	102
1312	102
1323	102
1344	102
1349	102
1353	102
1361	102
1380	102
1385	102
1405	102
1411	102
1426	102
1428	102
1438	102
1439	102
1444	102
1451	102
1452	102
1455	102
1459	102
1478	102
1498	102
1508	102
1512	102
1545	102
1554	102
1600	102
1617	102
1625	102
1632	102
1658	102
1668	102
1673	102
1698	102
1713	102
1736	102
1741	102
1742	102
1743	102
1763	102
1772	102
1775	102
1780	102
1826	102
1841	102
1852	102
1869	102
1892	102
1894	102
1895	102
1898	102
1901	102
1905	102
1915	102
1940	102
1951	102
1969	102
1971	102
1974	102
1989	102
1991	102
1997	102
1999	102
2002	102
2006	102
2012	102
2018	102
2035	102
2062	102
2069	102
2071	102
2092	102
2099	102
2112	102
2127	102
2129	102
2169	102
2172	102
2180	102
2193	102
2204	102
2208	102
2228	102
2237	102
2238	102
2266	102
2267	102
2272	102
2314	102
2328	102
2339	102
2354	102
2368	102
2391	102
2392	102
2393	102
2394	102
2396	102
2400	102
2401	102
2402	102
2413	102
2417	102
2424	102
2440	102
2457	102
2465	102
2468	102
2473	102
2481	102
2487	102
2498	102
2499	102
2506	102
2507	102
2529	102
2546	102
2571	102
2573	102
2603	102
2607	102
2622	102
2623	102
2635	102
2640	102
2647	102
2650	102
2657	102
2660	102
2666	102
2672	102
2673	102
2682	102
2689	102
2696	102
2713	102
2715	102
2752	102
2758	102
2772	102
2776	102
2781	102
2783	102
2803	102
2816	102
2820	102
2821	102
2827	102
2828	102
2829	102
2843	102
2846	102
2857	102
2866	102
2883	102
2884	102
2918	102
2953	102
2961	102
2982	102
2985	102
2998	102
3002	102
3006	102
3020	102
3021	102
3032	102
3042	102
3043	102
3058	102
3083	102
3084	102
3089	102
3101	102
3103	102
3105	102
3121	102
3130	102
3138	102
3144	102
3150	102
3153	102
3154	102
3159	102
3166	102
3177	102
3186	102
3197	102
3198	102
3203	102
3212	102
3228	102
3239	102
3254	102
3258	102
3269	102
3273	102
3276	102
3285	102
3304	102
3307	102
3331	102
3354	102
3370	102
3374	102
3390	102
3394	102
3395	102
3398	102
3448	102
3457	102
3483	102
3496	102
3500	102
3544	102
3559	102
3569	102
3574	102
3585	102
3598	102
3603	102
3662	102
3686	102
3691	102
3696	102
3705	102
3724	102
3745	102
3762	102
3763	102
3768	102
3769	102
3770	102
3776	102
3796	102
3807	102
3813	102
3822	102
3826	102
3836	102
3846	102
3848	102
3853	102
3868	102
3883	102
3892	102
3894	102
3896	102
3900	102
3905	102
3907	102
3938	102
3951	102
3969	102
3986	102
3997	102
4006	102
4014	102
4025	102
4026	102
4032	102
4038	102
4067	102
4069	102
4076	102
4085	102
4124	102
4126	102
4156	102
4158	102
4162	102
4190	102
4198	102
4212	102
4217	102
4218	102
4259	102
4261	102
4267	102
4290	102
4293	102
4304	102
4305	102
4324	102
4330	102
4336	102
4349	102
4368	102
4372	102
4386	102
4391	102
4402	102
4416	102
4440	102
4446	102
4464	102
4469	102
4480	102
4490	102
4495	102
4497	102
4504	102
4514	102
4520	102
4524	102
4527	102
4531	102
4537	102
4538	102
4540	102
4550	102
4563	102
4567	102
4599	102
4618	102
4623	102
4625	102
4630	102
4646	102
4652	102
4666	102
4670	102
4671	102
4680	102
4684	102
4687	102
4697	102
4698	102
4716	102
4737	102
4776	102
4782	102
4789	102
4791	102
4792	102
4796	102
4799	102
4812	102
4847	102
4853	102
4869	102
4873	102
4875	102
4886	102
4888	102
4907	102
4908	102
4920	102
4928	102
4938	102
4939	102
4941	102
4942	102
4950	102
4951	102
4985	102
4994	102
5003	102
5022	102
5033	102
5036	102
5039	102
5053	102
5059	102
5062	102
5066	102
5070	102
5096	102
5101	102
5103	102
5105	102
5106	102
5113	102
5117	102
5122	102
5145	102
5147	102
5151	102
5183	102
5197	102
5200	102
5201	102
5214	102
5217	102
5240	102
5248	102
5262	102
5264	102
5273	102
5275	102
5276	102
5285	102
5323	102
5326	102
5331	102
5342	102
5352	102
5373	102
5382	102
5387	102
5400	102
5405	102
5406	102
5414	102
5421	102
5422	102
5452	102
5454	102
5458	102
5460	102
5470	102
5473	102
5483	102
5501	102
5508	102
5520	102
5524	102
5532	102
5545	102
5551	102
5572	102
5590	102
5594	102
5609	102
5633	102
5642	102
5650	102
5652	102
5660	102
5687	102
5718	102
5722	102
5727	102
5732	102
5733	102
5738	102
5740	102
5741	102
5752	102
5767	102
5769	102
5778	102
5793	102
5807	102
5829	102
5835	102
5839	102
5840	102
5847	102
5854	102
5857	102
5877	102
5892	102
5899	102
5901	102
5908	102
5940	102
5941	102
5942	102
5946	102
5963	102
5966	102
5987	102
5995	102
6000	102
6001	102
6003	102
6009	102
6011	102
6017	102
6020	102
6033	102
6044	102
6047	102
6058	102
6072	102
6098	102
6121	102
6128	102
6157	102
6175	102
6177	102
6178	102
6185	102
6197	102
6220	102
6221	102
6232	102
6243	102
6247	102
6248	102
6252	102
6255	102
6259	102
6270	102
6276	102
6286	102
6300	102
6317	102
6341	102
6344	102
6372	102
6387	102
6403	102
6405	102
6422	102
6425	102
6438	102
6439	102
6447	102
6451	102
6463	102
6465	102
6473	102
6492	102
6498	102
6527	102
6535	102
6543	102
6554	102
6565	102
6588	102
6600	102
6607	102
6609	102
6611	102
6625	102
6640	102
6643	102
6653	102
6668	102
6681	102
6695	102
6707	102
6722	102
6734	102
6743	102
6758	102
6763	102
6771	102
6802	102
6806	102
6809	102
6824	102
6825	102
6829	102
6847	102
6853	102
6856	102
6862	102
6885	102
6892	102
6906	102
6915	102
6920	102
6922	102
6939	102
6949	102
6953	102
6973	102
6979	102
6984	102
6985	102
6986	102
6996	102
7007	102
7008	102
7015	102
7019	102
7024	102
7025	102
7026	102
7032	102
7041	102
7051	102
7052	102
7053	102
7060	102
7072	102
7075	102
7081	102
7088	102
7091	102
7093	102
7103	102
7113	102
7127	102
7143	102
7149	102
7172	102
7217	102
7218	102
7251	102
7265	102
7266	102
7267	102
7278	102
7299	102
7304	102
7305	102
7310	102
7329	102
7343	102
7374	102
7383	102
7425	102
7427	102
7436	102
7464	102
7472	102
7473	102
7476	102
7485	102
7486	102
7491	102
7500	102
7501	102
7502	102
7523	102
7533	102
7534	102
7536	102
7542	102
7555	102
7559	102
7561	102
7574	102
7585	102
7586	102
7587	102
7594	102
7613	102
7622	102
7633	102
7634	102
7669	102
7671	102
7677	102
7690	102
7702	102
7712	102
7750	102
7756	102
7763	102
7788	102
7798	102
7814	102
7830	102
7837	102
7847	102
7855	102
7871	102
7886	102
7898	102
7905	102
7907	102
7925	102
7947	102
7954	102
7965	102
7990	102
7993	102
7994	102
8005	102
8022	102
8032	102
8062	102
8073	102
8128	102
8134	102
8148	102
8155	102
8162	102
8166	102
8170	102
8172	102
8173	102
8197	102
8199	102
8200	102
8213	102
8229	102
8241	102
8252	102
8261	102
8268	102
8284	102
8295	102
8313	102
8342	102
8351	102
8352	102
8368	102
8385	102
8386	102
8389	102
8394	102
8422	102
8438	102
8453	102
8459	102
8473	102
8480	102
8482	102
8492	102
8506	102
8521	102
8524	102
8550	102
8554	102
8561	102
8571	102
8585	102
8599	102
8603	102
8611	102
8624	102
8630	102
8633	102
8663	102
8666	102
8674	102
8675	102
8701	102
8707	102
8709	102
8735	102
8744	102
8759	102
8780	102
8794	102
8808	102
8825	102
8835	102
8836	102
8838	102
8843	102
8854	102
8857	102
8859	102
8874	102
8876	102
8879	102
8887	102
8921	102
8936	102
8944	102
8952	102
8976	102
8977	102
8984	102
8986	102
8995	102
9000	102
9009	102
9016	102
9026	102
9052	102
9078	102
9081	102
9089	102
9091	102
9100	102
9105	102
9125	102
9130	102
9138	102
9147	102
9148	102
9153	102
9162	102
9189	102
9194	102
9203	102
9217	102
9224	102
9252	102
9260	102
9269	102
9280	102
9289	102
9292	102
9299	102
9303	102
9317	102
9319	102
9328	102
9346	102
9351	102
9357	102
9367	102
9384	102
9387	102
9392	102
9404	102
9405	102
9411	102
9418	102
9425	102
9436	102
9437	102
9439	102
9452	102
9453	102
9461	102
9478	102
9479	102
9483	102
9489	102
9495	102
9510	102
9536	102
9540	102
9544	102
9551	102
9577	102
9584	102
9593	102
9595	102
9615	102
9621	102
9626	102
9632	102
9646	102
9650	102
9651	102
9661	102
9663	102
9666	102
9678	102
9697	102
9698	102
9709	102
9710	102
9717	102
9730	102
9744	102
9748	102
9755	102
9787	102
9812	102
9817	102
9826	102
9828	102
9843	102
9852	102
9856	102
9860	102
9863	102
9867	102
9883	102
9944	102
9967	102
9998	102
10002	102
10046	102
10047	102
10071	102
10072	102
10080	102
10086	102
10090	102
10120	102
10124	102
10139	102
10144	102
10161	102
10186	102
10190	102
10193	102
10201	102
10202	102
10216	102
10218	102
10220	102
10235	102
10236	102
10246	102
10247	102
10255	102
10258	102
10268	102
10270	102
10272	102
10275	102
10280	102
10296	102
10311	102
10341	102
10350	102
10379	102
10381	102
10384	102
10419	102
10429	102
10450	102
10460	102
10462	102
10464	102
10471	102
10473	102
10477	102
10504	102
10536	102
10545	102
10555	102
10559	102
10560	102
10562	102
10563	102
10569	102
10583	102
10585	102
10606	102
10620	102
10621	102
10628	102
10632	102
10635	102
10643	102
10651	102
10656	102
10658	102
10667	102
10680	102
10683	102
10693	102
10709	102
10711	102
10726	102
10731	102
10736	102
10743	102
10745	102
10747	102
10763	102
10765	102
10767	102
10775	102
10791	102
10825	102
10826	102
10830	102
10835	102
10839	102
10855	102
10857	102
10858	102
10860	102
10866	102
10887	102
10892	102
10910	102
10930	102
10942	102
10947	102
10965	102
10971	102
10987	102
10997	102
11007	102
11010	102
11018	102
11022	102
11024	102
11027	102
11029	102
11033	102
11038	102
11041	102
11055	102
11063	102
11067	102
11077	102
11083	102
11105	102
11129	102
11167	102
11168	102
11186	102
11205	102
11226	102
11229	102
11234	102
11235	102
11247	102
11252	102
11276	102
11281	102
11293	102
11331	102
11334	102
11364	102
11425	102
11444	102
11446	102
11458	102
11462	102
11486	102
11496	102
11507	102
11508	102
11509	102
11513	102
11514	102
11521	102
11530	102
11543	102
11563	102
11577	102
11580	102
11598	102
11630	102
11631	102
11637	102
11643	102
11644	102
11647	102
11667	102
11677	102
11685	102
11688	102
11706	102
11707	102
11713	102
11720	102
11731	102
11757	102
11759	102
11764	102
11770	102
11775	102
11777	102
11781	102
11796	102
11818	102
11822	102
11834	102
11839	102
11852	102
11864	102
11873	102
11887	102
11902	102
11904	102
11907	102
11910	102
11978	102
11994	102
11999	102
12010	102
12025	102
12028	102
12032	102
12035	102
12037	102
12046	102
12047	102
12053	102
12069	102
12070	102
12075	102
12086	102
12112	102
12113	102
12121	102
12170	102
12172	102
12175	102
12178	102
12220	102
12227	102
12232	102
12235	102
12244	102
12247	102
12248	102
12251	102
12259	102
12266	102
12269	102
12295	102
12296	102
12302	102
12310	102
12316	102
12329	102
12333	102
12342	102
12373	102
12393	102
12399	102
12403	102
12409	102
12427	102
12442	102
12443	102
12446	102
12451	102
12452	102
12458	102
12464	102
12466	102
12471	102
12476	102
12486	102
12488	102
12504	102
12505	102
12506	102
12511	102
12517	102
12519	102
12521	102
12543	102
12567	102
12592	102
12594	102
12607	102
12611	102
12620	102
12623	102
12624	102
12660	102
12662	102
12665	102
12672	102
12680	102
12686	102
12726	102
12740	102
12747	102
12757	102
12759	102
12761	102
12765	102
12774	102
12778	102
12786	102
12794	102
12815	102
12834	102
12848	102
12850	102
12858	102
12859	102
12861	102
12869	102
12871	102
12874	102
12883	102
12892	102
12894	102
12898	102
12899	102
12903	102
12906	102
12916	102
12921	102
12929	102
12936	102
12951	102
12953	102
12956	102
12961	102
12971	102
12976	102
12978	102
13010	102
13012	102
13035	102
13038	102
13040	102
13063	102
13078	102
13088	102
13093	102
13101	102
13106	102
13108	102
13113	102
13117	102
13121	102
13125	102
13135	102
13150	102
13154	102
13178	102
13184	102
13192	102
13196	102
13197	102
13203	102
13212	102
13216	102
13228	102
13238	102
13251	102
13252	102
13264	102
13265	102
13267	102
13277	102
13280	102
13284	102
13300	102
13302	102
13303	102
13311	102
13314	102
13318	102
13320	102
13321	102
13354	102
13363	102
13398	102
13415	102
13429	102
13443	102
13445	102
13448	102
13453	102
13455	102
13458	102
13475	102
13487	102
13496	102
13505	102
13515	102
13518	102
13548	102
13556	102
13562	102
13567	102
13569	102
13572	102
13573	102
13586	102
13595	102
13609	102
13617	102
13620	102
13629	102
13630	102
13633	102
13636	102
13646	102
13656	102
13660	102
13664	102
13676	102
13681	102
13689	102
13693	102
13719	102
13726	102
13730	102
13734	102
13767	102
13769	102
13770	102
13777	102
13791	102
13794	102
13806	102
13828	102
13834	102
13843	102
13845	102
13850	102
13858	102
13859	102
13865	102
13866	102
13868	102
13870	102
13879	102
13894	102
13923	102
13932	102
13939	102
13951	102
13963	102
13969	102
13972	102
13981	102
13988	102
13993	102
13999	102
14007	102
14009	102
14037	102
14052	102
14066	102
14075	102
14078	102
14079	102
14092	102
14096	102
14097	102
14102	102
14104	102
14105	102
14107	102
14115	102
14122	102
14126	102
14159	102
14177	102
14183	102
14192	102
14213	102
14240	102
14241	102
14286	102
14288	102
14296	102
14299	102
14318	102
14324	102
14341	102
14363	102
14367	102
14375	102
14382	102
14392	102
14400	102
14404	102
14409	102
14432	102
14444	102
14454	102
14462	102
14466	102
14471	102
14486	102
14501	102
14503	102
14526	102
14532	102
14537	102
14567	102
14568	102
14576	102
14578	102
14585	102
14593	102
14594	102
14627	102
14632	102
14636	102
14652	102
14656	102
14673	102
14684	102
14701	102
14705	102
14707	102
14713	102
14732	102
14745	102
14763	102
14777	102
14810	102
14812	102
14829	102
14832	102
14836	102
14846	102
14851	102
14857	102
14867	102
14902	102
14908	102
14912	102
14933	102
14934	102
14935	102
14936	102
14949	102
14953	102
14954	102
14957	102
14960	102
14963	102
14965	102
14981	102
14982	102
14995	102
15003	102
15008	102
15017	102
15018	102
15045	102
15059	102
15060	102
15070	102
15091	102
15105	102
15113	102
15116	102
15117	102
15119	102
15128	102
15161	102
15169	102
15172	102
15178	102
15183	102
15202	102
15209	102
15212	102
15217	102
15220	102
15222	102
15230	102
15238	102
15257	102
15271	102
15278	102
15281	102
15284	102
15297	102
15309	102
15313	102
15317	102
15352	102
15354	102
15356	102
15358	102
15362	102
15378	102
15387	102
15397	102
15404	102
15407	102
15412	102
15416	102
15478	102
15484	102
15529	102
15531	102
15542	102
15579	102
15590	102
15592	102
15600	102
15601	102
15604	102
15611	102
15623	102
15635	102
15641	102
15642	102
15679	102
15688	102
15694	102
15697	102
15703	102
15718	102
15735	102
15737	102
15763	102
15783	102
15786	102
15800	102
15803	102
15806	102
15818	102
15827	102
15829	102
15835	102
15858	102
15870	102
15873	102
15882	102
15884	102
15887	102
15890	102
15894	102
15913	102
15926	102
15928	102
15942	102
15950	102
15951	102
15956	102
15972	102
15982	102
16016	102
16026	102
16052	102
16055	102
16073	102
16079	102
16105	102
16107	102
16140	102
16154	102
16161	102
16178	102
16204	102
16210	102
16242	102
16254	102
16287	102
16298	102
16302	102
16304	102
16307	102
16317	102
16352	102
16366	102
16383	102
16406	102
16407	102
16424	102
16428	102
16432	102
16434	102
16436	102
16447	102
16453	102
16467	102
16481	102
16555	102
16559	102
16581	102
16588	102
16607	102
16608	102
16626	102
16653	102
16684	102
16693	102
16713	102
16721	102
16728	102
16731	102
16774	102
16775	102
16791	102
16795	102
16796	102
16818	102
16820	102
16827	102
16830	102
16858	102
16866	102
16910	102
16922	102
16926	102
16940	102
16941	102
16946	102
16962	102
16967	102
16975	102
16980	102
16999	102
17001	102
17002	102
17015	102
17019	102
17020	102
17023	102
17027	102
17033	102
17063	102
17067	102
17074	102
17075	102
17094	102
17095	102
17100	102
17129	102
17137	102
17140	102
17144	102
17149	102
17157	102
17159	102
17161	102
17179	102
17180	102
17190	102
17191	102
17199	102
17201	102
17202	102
17203	102
17214	102
17231	102
17237	102
17250	102
17251	102
17261	102
17262	102
17275	102
17280	102
17313	102
17326	102
17337	102
17358	102
17402	102
17407	102
17415	102
17429	102
17440	102
17444	102
17448	102
17465	102
17470	102
17480	102
17482	102
17494	102
17503	102
17507	102
17516	102
17533	102
17534	102
17543	102
17555	102
17566	102
17568	102
17584	102
17587	102
17592	102
17606	102
17612	102
17618	102
17620	102
17623	102
17626	102
17633	102
17645	102
17652	102
17678	102
17680	102
17703	102
17716	102
17723	102
17726	102
17727	102
17739	102
17746	102
17753	102
17759	102
17766	102
17768	102
17772	102
17775	102
17780	102
17815	102
17828	102
17829	102
17830	102
17838	102
17841	102
17854	102
17855	102
17856	102
17863	102
17875	102
17877	102
17884	102
17899	102
17915	102
17916	102
17922	102
17937	102
17962	102
17963	102
17982	102
17986	102
17987	102
17988	102
18005	102
18020	102
18029	102
18039	102
18041	102
18042	102
18045	102
18082	102
18084	102
18086	102
18095	102
18103	102
18113	102
18122	102
18146	102
18151	102
18164	102
18169	102
18170	102
18187	102
18207	102
18208	102
18217	102
18230	102
18236	102
18241	102
18250	102
18257	102
18261	102
18296	102
18299	102
18306	102
18314	102
18333	102
18334	102
18342	102
18347	102
18349	102
18365	102
18388	102
18396	102
18397	102
18414	102
18421	102
18447	102
18452	102
18455	102
18464	102
18465	102
18467	102
18477	102
18492	102
18494	102
18499	102
18520	102
18522	102
18527	102
18530	102
18541	102
18543	102
18561	102
18563	102
18572	102
18575	102
18579	102
18584	102
18586	102
18603	102
18605	102
18608	102
18612	102
18622	102
18625	102
18632	102
18634	102
18639	102
18647	102
18648	102
18660	102
18666	102
18673	102
18700	102
18720	102
18752	102
18774	102
18776	102
18780	102
18802	102
18813	102
18820	102
18822	102
18829	102
18869	102
18882	102
18898	102
18903	102
18905	102
18916	102
18917	102
18921	102
18948	102
18950	102
18954	102
18971	102
18977	102
18983	102
18988	102
18995	102
18998	102
19000	102
19025	102
19032	102
19045	102
19070	102
19077	102
19111	102
19121	102
19145	102
19148	102
19153	102
19175	102
19188	102
19189	102
19202	102
19207	102
19242	102
19259	102
19261	102
19264	102
19278	102
19283	102
19284	102
19302	102
19311	102
19321	102
19325	102
19342	102
19346	102
19349	102
19350	102
19351	102
19366	102
19377	102
19393	102
19398	102
19400	102
19408	102
19411	102
19419	102
19420	102
19432	102
19437	102
19451	102
19456	102
19472	102
19493	102
19496	102
19502	102
19517	102
19533	102
19535	102
19551	102
19562	102
19566	102
19594	102
19599	102
19630	102
19678	102
19689	102
19690	102
19694	102
19696	102
19698	102
19710	102
19711	102
19718	102
19720	102
19735	102
19736	102
19737	102
19744	102
19756	102
19762	102
19778	102
19781	102
19792	102
19798	102
19801	102
19818	102
19826	102
19837	102
19853	102
19854	102
19855	102
19860	102
19866	102
19881	102
19912	102
19949	102
19950	102
19951	102
19955	102
19959	102
19968	102
19982	102
19990	102
19997	102
20004	102
20018	102
20027	102
20033	102
20036	102
20039	102
20041	102
20047	102
20050	102
20054	102
20055	102
20061	102
20062	102
20067	102
20068	102
20078	102
20121	102
20144	102
20145	102
20148	102
20152	102
20167	102
20190	102
20193	102
20196	102
20213	102
20229	102
20261	102
20268	102
20275	102
20282	102
20292	102
20296	102
20307	102
20309	102
20322	102
20333	102
20337	102
20347	102
20348	102
20350	102
20352	102
20356	102
20377	102
20383	102
20417	102
20420	102
20422	102
20433	102
20435	102
20453	102
20454	102
20466	102
20475	102
20489	102
20492	102
20497	102
20502	102
20504	102
20510	102
20530	102
20532	102
20546	102
20557	102
20578	102
20584	102
20593	102
20603	102
20626	102
20631	102
20634	102
20640	102
20645	102
20653	102
20678	102
20692	102
20705	102
20720	102
20764	102
20771	102
20777	102
20780	102
20793	102
20798	102
20809	102
20839	102
20845	102
20873	102
20885	102
20892	102
20897	102
20912	102
20913	102
20915	102
20955	102
20956	102
20961	102
20965	102
20972	102
20989	102
20996	102
21001	102
21003	102
21013	102
21039	102
21040	102
21054	102
21058	102
21066	102
21084	102
21087	102
21088	102
21097	102
21125	102
21136	102
21138	102
21146	102
21157	102
21159	102
21167	102
21173	102
21193	102
21195	102
21201	102
21202	102
21203	102
21204	102
21218	102
21224	102
21230	102
21232	102
21233	102
21244	102
21268	102
21270	102
21290	102
21306	102
21313	102
21321	102
21336	102
21352	102
21376	102
21379	102
21391	102
21413	102
21414	102
21415	102
21424	102
21433	102
21442	102
21462	102
21486	102
21488	102
21517	102
21520	102
21526	102
21529	102
21531	102
21544	102
21551	102
21555	102
21559	102
21598	102
21644	102
21647	102
21653	102
21654	102
21667	102
21668	102
21678	102
21692	102
21693	102
21711	102
21722	102
21741	102
21766	102
21784	102
21792	102
21803	102
21808	102
21814	102
21827	102
21828	102
21835	102
21851	102
21856	102
21877	102
21896	102
21899	102
21916	102
21952	102
21955	102
21991	102
21999	102
22015	102
22018	102
22036	102
22068	102
22083	102
22086	102
22089	102
22098	102
22109	102
22128	102
22129	102
22146	102
22155	102
22163	102
22165	102
22167	102
22170	102
22171	102
22176	102
22186	102
22187	102
22191	102
22203	102
22208	102
22214	102
22223	102
22225	102
22229	102
22253	102
22265	102
22269	102
22275	102
22276	102
22281	102
22296	102
22300	102
22321	102
22332	102
22338	102
22381	102
22385	102
22397	102
22404	102
22433	102
22434	102
22513	102
22521	102
22524	102
22532	102
22549	102
22551	102
22553	102
22568	102
22601	102
22617	102
22634	102
22648	102
22659	102
22667	102
22677	102
22678	102
22688	102
22690	102
22704	102
22705	102
22709	102
22712	102
22718	102
22743	102
22761	102
22762	102
22764	102
22765	102
22769	102
22775	102
22776	102
22786	102
22816	102
22822	102
22824	102
22830	102
22845	102
22857	102
22859	102
22871	102
22900	102
22907	102
22930	102
22948	102
22961	102
22972	102
22982	102
22984	102
22986	102
23023	102
23033	102
23041	102
23061	102
23065	102
23067	102
23070	102
23074	102
23085	102
23088	102
23091	102
23097	102
23103	102
23113	102
23122	102
23154	102
23158	102
23161	102
23170	102
23179	102
23184	102
23196	102
23217	102
23222	102
23228	102
23236	102
23244	102
23276	102
23279	102
23281	102
23305	102
23316	102
23324	102
23352	102
23354	102
23370	102
23395	102
23411	102
23428	102
23444	102
23447	102
23487	102
23488	102
23498	102
23503	102
23504	102
23505	102
23506	102
23510	102
23512	102
23517	102
23526	102
23549	102
23577	102
23585	102
23594	102
23604	102
23616	102
23628	102
23633	102
23641	102
23644	102
23647	102
23657	102
23665	102
23668	102
23677	102
23691	102
23698	102
23699	102
23713	102
23715	102
23723	102
23742	102
23759	102
23791	102
23805	102
23810	102
23822	102
23848	102
23862	102
23863	102
23875	102
23894	102
23911	102
23922	102
23929	102
23943	102
23954	102
23957	102
23961	102
23971	102
23988	102
24004	102
24007	102
24014	102
24019	102
24021	102
24025	102
24036	102
24038	102
24043	102
24052	102
24058	102
24059	102
24063	102
24071	102
24083	102
24091	102
24116	102
24145	102
24149	102
24159	102
24168	102
24170	102
24173	102
24204	102
24207	102
24216	102
24222	102
24223	102
24232	102
24256	102
24267	102
24279	102
24285	102
24286	102
24287	102
24296	102
24297	102
24301	102
24314	102
24315	102
24321	102
24324	102
24333	102
24337	102
24346	102
24398	102
24414	102
24416	102
24417	102
24418	102
24428	102
24431	102
24441	102
24448	102
24458	102
24463	102
24489	102
24497	102
24502	102
24532	102
24541	102
24570	102
24592	102
24605	102
24610	102
24627	102
24628	102
24638	102
24645	102
24650	102
24659	102
24667	102
24668	102
24686	102
24693	102
24702	102
24731	102
24749	102
24763	102
24770	102
24772	102
24787	102
24790	102
24794	102
24802	102
24804	102
24813	102
24815	102
24818	102
24822	102
24823	102
24827	102
24828	102
24846	102
24848	102
24860	102
24862	102
24870	102
24874	102
24883	102
24930	102
24954	102
24960	102
24963	102
24967	102
24972	102
24976	102
24980	102
24986	102
24990	102
25002	102
25008	102
25014	102
25020	102
25032	102
25049	102
25066	102
25067	102
25085	102
25087	102
25095	102
25101	102
25131	102
25134	102
25141	102
25144	102
25149	102
25161	102
25168	102
25186	102
25191	102
25199	102
25214	102
25219	102
25223	102
25231	102
25277	102
25294	102
25297	102
25323	102
25328	102
25355	102
25366	102
25383	102
25389	102
25393	102
25400	102
25402	102
25419	102
25439	102
25469	102
25482	102
25491	102
25506	102
25512	102
25513	102
25517	102
25518	102
25537	102
25544	102
25558	102
25626	102
25630	102
25663	102
25671	102
25675	102
25679	102
25712	102
25723	102
25736	102
25742	102
25744	102
25751	102
25765	102
25777	102
25786	102
25788	102
25794	102
25801	102
25808	102
25809	102
25814	102
25828	102
25845	102
25861	102
25875	102
25890	102
25891	102
25903	102
25905	102
25906	102
25907	102
25910	102
25924	102
25929	102
25933	102
25936	102
25968	102
25976	102
25978	102
25979	102
25989	102
25994	102
25998	102
26013	102
26017	102
26023	102
26024	102
26036	102
26038	102
26042	102
26046	102
26054	102
26057	102
26062	102
26068	102
26081	102
26086	102
26101	102
26106	102
26127	102
26131	102
26139	102
26150	102
26176	102
26188	102
26189	102
26205	102
26209	102
26217	102
26227	102
26249	102
26281	102
26289	102
26290	102
26299	102
26310	102
26321	102
26324	102
26325	102
26330	102
26338	102
26345	102
26361	102
26367	102
26382	102
26385	102
26390	102
26421	102
26428	102
26429	102
26438	102
26460	102
26471	102
26483	102
26492	102
26494	102
26502	102
26520	102
26536	102
26547	102
26569	102
26576	102
26583	102
26584	102
26598	102
26607	102
26608	102
26613	102
26633	102
26634	102
26639	102
26644	102
26656	102
26665	102
26666	102
26675	102
26703	102
26711	102
26714	102
26715	102
26721	102
26729	102
26734	102
26740	102
26742	102
26765	102
26766	102
26773	102
26777	102
26798	102
26803	102
26814	102
26817	102
26826	102
26838	102
26839	102
26861	102
26867	102
26886	102
26900	102
26906	102
26912	102
26920	102
26927	102
26966	102
26981	102
26992	102
26996	102
27001	102
27002	102
27015	102
27017	102
27025	102
27034	102
27038	102
27058	102
27076	102
27092	102
27100	102
27113	102
27156	102
27176	102
27192	102
27194	102
27195	102
27197	102
27198	102
27205	102
27207	102
27217	102
27222	102
27224	102
27257	102
27262	102
27266	102
27270	102
27287	102
27292	102
27315	102
27321	102
27337	102
27354	102
27386	102
27389	102
27397	102
27400	102
27419	102
27452	102
27464	102
27467	102
27471	102
27472	102
27473	102
27478	102
27502	102
27509	102
27514	102
27518	102
27528	102
27533	102
27549	102
27567	102
27580	102
27599	102
27603	102
27608	102
27613	102
27628	102
27629	102
27653	102
27659	102
27662	102
27674	102
27682	102
27686	102
27687	102
27688	102
27690	102
27691	102
27710	102
27722	102
27734	102
27742	102
27746	102
27752	102
27770	102
27771	102
27774	102
27784	102
27794	102
27808	102
27817	102
27818	102
27819	102
27821	102
27833	102
27849	102
27854	102
27868	102
27883	102
27884	102
27912	102
27920	102
27927	102
27971	102
27973	102
27992	102
27993	102
28005	102
28027	102
28030	102
28038	102
28049	102
28053	102
28088	102
28096	102
28103	102
28104	102
28126	102
28138	102
28151	102
28158	102
28178	102
28216	102
28225	102
28227	102
28229	102
28237	102
28244	102
28246	102
28267	102
28285	102
28291	102
28292	102
28299	102
28300	102
28312	102
28340	102
28348	102
28352	102
28371	102
28380	102
28388	102
28403	102
28408	102
28411	102
28425	102
28433	102
28447	102
28462	102
28465	102
28479	102
28493	102
28508	102
28509	102
28513	102
28536	102
28547	102
28561	102
28581	102
28583	102
28594	102
28598	102
28601	102
28628	102
28630	102
28644	102
28645	102
28646	102
28691	102
28696	102
28714	102
28718	102
28720	102
28735	102
28740	102
28745	102
28750	102
28751	102
28759	102
28768	102
28771	102
28775	102
28776	102
28778	102
28779	102
28783	102
28788	102
28791	102
28799	102
28800	102
28806	102
28846	102
28850	102
28856	102
28870	102
28871	102
28875	102
28912	102
28913	102
28921	102
28922	102
28931	102
28949	102
28951	102
28957	102
28962	102
28989	102
29013	102
29029	102
29031	102
29033	102
29037	102
29039	102
29041	102
29054	102
29060	102
29068	102
29084	102
29089	102
29116	102
29121	102
29128	102
29130	102
29135	102
29156	102
29164	102
29166	102
29173	102
29186	102
29189	102
29197	102
29204	102
29205	102
29207	102
29208	102
29220	102
29233	102
29243	102
29256	102
29259	102
29263	102
29274	102
29277	102
29308	102
29330	102
29344	102
29349	102
29354	102
29361	102
29365	102
29395	102
29423	102
29428	102
29429	102
29437	102
29459	102
29461	102
29479	102
29483	102
29484	102
29495	102
29507	102
29510	102
29517	102
29524	102
29540	102
29541	102
29542	102
29546	102
29555	102
29571	102
29572	102
29578	102
29589	102
29610	102
29640	102
29641	102
29643	102
29652	102
29655	102
29700	102
29725	102
29728	102
29742	102
29750	102
29763	102
29775	102
29785	102
29803	102
29815	102
29820	102
29825	102
29827	102
29828	102
29841	102
29858	102
29865	102
29871	102
29877	102
29878	102
29886	102
29889	102
29891	102
29897	102
29929	102
29930	102
29939	102
29940	102
29958	102
29967	102
29978	102
29994	102
29998	102
30002	102
30012	102
30018	102
30046	102
30053	102
30059	102
30074	102
30080	102
30087	102
30094	102
30105	102
30110	102
30135	102
30155	102
30160	102
30166	102
30168	102
30174	102
30189	102
30192	102
30211	102
30213	102
30214	102
30221	102
30228	102
30229	102
30231	102
30238	102
30243	102
30248	102
30251	102
30289	102
30292	102
30304	102
30307	102
30314	102
30329	102
30332	102
30341	102
30347	102
30349	102
30351	102
30354	102
30361	102
30371	102
30372	102
30378	102
30385	102
30386	102
30399	102
30413	102
30415	102
30423	102
30433	102
30444	102
30447	102
30453	102
30461	102
30462	102
30480	102
30530	102
30551	102
30552	102
30607	102
30610	102
30660	102
30673	102
30689	102
30693	102
30694	102
30701	102
30713	102
30715	102
30729	102
30737	102
30750	102
30754	102
30755	102
30769	102
30774	102
30776	102
30789	102
30795	102
30804	102
30832	102
30844	102
30860	102
30872	102
30883	102
30890	102
30894	102
30895	102
30903	102
30909	102
30922	102
30928	102
30952	102
30959	102
30992	102
31007	102
31020	102
31025	102
31027	102
31030	102
31034	102
31050	102
31061	102
31072	102
31094	102
31102	102
31105	102
31107	102
31120	102
31141	102
31156	102
31159	102
31165	102
31175	102
31176	102
31191	102
31194	102
31196	102
31220	102
31226	102
31231	102
31234	102
31241	102
31256	102
31271	102
31281	102
31282	102
31285	102
31288	102
31297	102
31306	102
31312	102
31316	102
31318	102
31319	102
31320	102
31322	102
31324	102
31330	102
31331	102
31338	102
31340	102
31355	102
31378	102
31382	102
31384	102
31398	102
31402	102
31407	102
31413	102
31416	102
31417	102
31434	102
31438	102
31446	102
31447	102
31460	102
31478	102
31494	102
31505	102
31525	102
31533	102
31550	102
31551	102
31556	102
31573	102
31576	102
31584	102
31593	102
31598	102
31609	102
31610	102
31622	102
31643	102
31646	102
31656	102
31660	102
31661	102
31684	102
31685	102
31705	102
31709	102
31760	102
31761	102
31762	102
31782	102
31786	102
31787	102
31793	102
31798	102
31822	102
31823	102
31862	102
31869	102
31878	102
31898	102
31906	102
31908	102
31914	102
31971	102
31986	102
32013	102
32019	102
32022	102
32025	102
32053	102
32061	102
32077	102
32137	102
32138	102
32142	102
32161	102
32166	102
32170	102
32191	102
32195	102
32196	102
32202	102
32204	102
32213	102
32234	102
32237	102
32246	102
32248	102
32249	102
32251	102
32260	102
32262	102
32265	102
32269	102
32280	102
32298	102
32324	102
32337	102
32339	102
32342	102
32349	102
32354	102
32358	102
32365	102
32395	102
32399	102
32402	102
32434	102
32435	102
32471	102
32477	102
32480	102
32489	102
32498	102
32503	102
32505	102
32526	102
32528	102
32535	102
32552	102
32558	102
32576	102
32578	102
32584	102
32588	102
32625	102
32647	102
32683	102
32686	102
32690	102
32702	102
32704	102
32721	102
32726	102
32727	102
32734	102
32738	102
32740	102
32753	102
32760	102
32790	102
32795	102
32802	102
32804	102
32832	102
32837	102
32845	102
32849	102
32855	102
32861	102
32868	102
32883	102
32884	102
32888	102
32889	102
32891	102
32894	102
32895	102
32898	102
32907	102
32908	102
32917	102
32924	102
32926	102
32929	102
32937	102
32945	102
32955	102
32960	102
32961	102
32975	102
32978	102
32979	102
33008	102
33034	102
33048	102
33050	102
33056	102
33057	102
33059	102
33067	102
33069	102
33071	102
33089	102
33102	102
33104	102
33111	102
33112	102
33116	102
33158	102
33163	102
33178	102
33181	102
33184	102
33189	102
33199	102
33212	102
33218	102
33224	102
33241	102
33244	102
33247	102
33260	102
33265	102
33273	102
33278	102
33280	102
33299	102
33306	102
33312	102
33323	102
33329	102
33334	102
33343	102
33350	102
33359	102
33370	102
33371	102
33373	102
33389	102
33390	102
33416	102
33429	102
33445	102
33469	102
33472	102
33480	102
33483	102
33486	102
33489	102
33511	102
33529	102
33553	102
33556	102
33558	102
33563	102
33585	102
33600	102
33610	102
33645	102
33698	102
33709	102
33730	102
33750	102
33752	102
33759	102
33763	102
33765	102
33766	102
33772	102
33785	102
33795	102
33800	102
33807	102
33810	102
33842	102
33844	102
33853	102
33860	102
33869	102
33891	102
33892	102
33903	102
33906	102
33925	102
33926	102
33939	102
33940	102
33966	102
33967	102
33969	102
33973	102
33992	102
34017	102
34030	102
34036	102
34056	102
34060	102
34061	102
34072	102
34083	102
34093	102
34094	102
34100	102
34102	102
34111	102
34118	102
34148	102
34151	102
34156	102
34163	102
34175	102
34184	102
34198	102
34211	102
34228	102
34260	102
34278	102
34280	102
34298	102
34299	102
34305	102
34373	102
34403	102
34414	102
34441	102
34449	102
34457	102
34469	102
34517	102
34522	102
34523	102
34526	102
34532	102
34533	102
34558	102
34568	102
34603	102
34604	102
34606	102
34608	102
34613	102
34617	102
34624	102
34632	102
34637	102
34640	102
34677	102
34711	102
34717	102
34720	102
34728	102
34731	102
34742	102
34760	102
34765	102
34776	102
34795	102
34817	102
34820	102
34828	102
34866	102
34871	102
34886	102
34890	102
34893	102
34929	102
34930	102
34931	102
34941	102
34948	102
34961	102
34962	102
34976	102
34984	102
34986	102
35003	102
35006	102
35018	102
35020	102
35031	102
35035	102
35050	102
35080	102
35088	102
35089	102
35098	102
35118	102
35130	102
35136	102
35144	102
35158	102
35162	102
35178	102
35180	102
35188	102
35216	102
35218	102
35236	102
35248	102
35262	102
35263	102
35264	102
35269	102
35275	102
35310	102
35311	102
35312	102
35316	102
35326	102
35332	102
35334	102
35344	102
35355	102
35396	102
35408	102
35411	102
35438	102
35446	102
35449	102
35457	102
35460	102
35476	102
35480	102
35496	102
35497	102
35501	102
35503	102
35514	102
35517	102
35520	102
35554	102
35563	102
35566	102
35572	102
35580	102
35587	102
35615	102
35636	102
35650	102
35654	102
35662	102
35669	102
35687	102
35718	102
35724	102
35729	102
35734	102
35750	102
35756	102
35758	102
35784	102
35791	102
35795	102
35808	102
35839	102
35842	102
35847	102
35860	102
35870	102
35872	102
35874	102
35878	102
35879	102
35885	102
35887	102
35892	102
35912	102
35913	102
35917	102
35921	102
35942	102
35957	102
35972	102
35973	102
35978	102
35987	102
36017	102
36018	102
36021	102
36022	102
36023	102
36032	102
36037	102
36041	102
36053	102
36054	102
36085	102
36092	102
36095	102
36096	102
36102	102
36106	102
36117	102
36121	102
36134	102
36164	102
36165	102
36170	102
36187	102
36193	102
36195	102
36201	102
36203	102
36224	102
36233	102
36236	102
36238	102
36243	102
36249	102
36262	102
36271	102
36287	102
36302	102
36303	102
36312	102
36314	102
36316	102
36341	102
36342	102
36384	102
36415	102
36428	102
36470	102
36488	102
36502	102
36508	102
36518	102
36527	102
36538	102
36546	102
36564	102
36571	102
36575	102
36604	102
36608	102
36609	102
36614	102
36618	102
36635	102
36654	102
36681	102
36699	102
36706	102
36710	102
36724	102
36745	102
36759	102
36766	102
36782	102
36785	102
36797	102
36818	102
36821	102
36843	102
36844	102
36869	102
36874	102
36882	102
36900	102
36911	102
36914	102
36920	102
36922	102
36925	102
36929	102
36950	102
36970	102
36974	102
36998	102
37001	102
37004	102
37005	102
37008	102
37012	102
37018	102
37021	102
37043	102
37060	102
37064	102
37067	102
37102	102
37106	102
37115	102
37124	102
37133	102
37142	102
37145	102
37174	102
37186	102
37198	102
37204	102
37225	102
37245	102
37259	102
37264	102
37266	102
37277	102
37278	102
37281	102
37284	102
37298	102
37299	102
37306	102
37310	102
37315	102
37323	102
37328	102
37343	102
37345	102
37352	102
37363	102
37367	102
37371	102
37372	102
37379	102
37384	102
37389	102
37392	102
37394	102
37412	102
37435	102
37439	102
37440	102
37453	102
37460	102
37480	102
37484	102
37489	102
37505	102
37506	102
37507	102
37515	102
37534	102
37537	102
37558	102
37560	102
37586	102
37587	102
37596	102
37599	102
37618	102
37630	102
37644	102
37647	102
37651	102
37656	102
37673	102
37679	102
37693	102
37694	102
37701	102
37712	102
37714	102
37720	102
37753	102
37755	102
37772	102
37797	102
37811	102
37812	102
37830	102
37837	102
37853	102
37859	102
37867	102
37868	102
37874	102
37877	102
37886	102
37889	102
37897	102
37913	102
37921	102
37932	102
37973	102
37996	102
38006	102
38018	102
38019	102
38033	102
38035	102
38078	102
38081	102
38089	102
38101	102
38112	102
38118	102
38128	102
38151	102
38163	102
38173	102
38178	102
38185	102
38189	102
38201	102
38204	102
38209	102
38211	102
38213	102
38226	102
38231	102
38240	102
38245	102
38247	102
38250	102
38252	102
38256	102
38267	102
38287	102
38300	102
38305	102
38311	102
38316	102
38329	102
38339	102
38355	102
38357	102
38380	102
38390	102
38408	102
38412	102
38417	102
38425	102
38476	102
38491	102
38495	102
38501	102
38509	102
38511	102
38516	102
38528	102
38537	102
38556	102
38565	102
38568	102
38569	102
38576	102
38578	102
38586	102
38592	102
38602	102
38615	102
38616	102
38626	102
38628	102
38636	102
38654	102
38677	102
38697	102
38705	102
38730	102
38735	102
38739	102
38745	102
38757	102
38760	102
38764	102
38771	102
38775	102
38780	102
38785	102
38797	102
38799	102
38819	102
38827	102
38836	102
38841	102
38844	102
38846	102
38847	102
38863	102
38876	102
38895	102
38911	102
38913	102
38928	102
38971	102
38973	102
39001	102
39004	102
39006	102
39008	102
39020	102
39035	102
39050	102
39051	102
39052	102
39080	102
39081	102
39084	102
39087	102
39088	102
39092	102
39119	102
39144	102
39154	102
39177	102
39184	102
39193	102
39218	102
39219	102
39227	102
39257	102
39260	102
39263	102
39264	102
39268	102
39287	102
39292	102
39295	102
39300	102
39301	102
39303	102
39306	102
39310	102
39313	102
39321	102
39333	102
39353	102
39359	102
39361	102
39363	102
39364	102
39371	102
39383	102
39385	102
39387	102
39391	102
39410	102
39412	102
39439	102
39442	102
39449	102
39450	102
39464	102
39476	102
39478	102
39485	102
39499	102
39528	102
39548	102
39554	102
39563	102
39584	102
39595	102
39612	102
39615	102
39672	102
39678	102
39684	102
39692	102
39705	102
39709	102
39725	102
39734	102
39737	102
39758	102
39765	102
39769	102
39785	102
39796	102
39797	102
39799	102
39824	102
39839	102
39866	102
39870	102
39909	102
39917	102
39928	102
39936	102
39943	102
39948	102
39964	102
39987	102
39992	102
39999	102
40004	102
40009	102
40014	102
40016	102
40026	102
40051	102
40058	102
40060	102
40064	102
40075	102
40083	102
40116	102
40135	102
40159	102
40162	102
40173	102
40188	102
40193	102
40207	102
40210	102
40219	102
40221	102
40223	102
40227	102
40234	102
40249	102
40250	102
40255	102
40262	102
40264	102
40276	102
40292	102
40324	102
40333	102
40337	102
40339	102
40345	102
40368	102
40369	102
40372	102
40376	102
40382	102
40388	102
40397	102
40401	102
40433	102
40437	102
40444	102
40452	102
40457	102
40474	102
40483	102
40498	102
40501	102
40517	102
40527	102
40531	102
40532	102
40541	102
40562	102
40564	102
40570	102
40574	102
40579	102
40584	102
40603	102
40612	102
40613	102
40614	102
40616	102
40643	102
40662	102
40682	102
40697	102
40711	102
40727	102
40732	102
40734	102
40743	102
40744	102
40749	102
40753	102
40755	102
40757	102
40764	102
40769	102
40774	102
40779	102
40787	102
40816	102
40826	102
40830	102
40832	102
40848	102
40862	102
40863	102
40865	102
40870	102
40876	102
40878	102
40886	102
40888	102
40914	102
40924	102
40941	102
40942	102
40952	102
40971	102
40975	102
40994	102
41000	102
41008	102
41024	102
41025	102
41030	102
41031	102
41052	102
41055	102
41067	102
41082	102
41085	102
41094	102
41097	102
41103	102
41104	102
41108	102
41114	102
41124	102
41129	102
41131	102
41141	102
41171	102
41180	102
41189	102
41202	102
41231	102
41233	102
41239	102
41242	102
41248	102
41251	102
41252	102
41267	102
41271	102
41272	102
41279	102
41283	102
41310	102
41322	102
41333	102
41343	102
41370	102
41373	102
41383	102
41389	102
41400	102
41403	102
41418	102
41425	102
41426	102
41435	102
41438	102
41445	102
41478	102
41486	102
41508	102
41518	102
41521	102
41538	102
41548	102
41560	102
41561	102
41571	102
41574	102
41597	102
41598	102
41600	102
41607	102
41624	102
41635	102
41650	102
41655	102
41658	102
41660	102
41667	102
41674	102
41698	102
41704	102
41733	102
41746	102
41761	102
41768	102
41773	102
41778	102
41785	102
41790	102
41795	102
41821	102
41827	102
41828	102
41831	102
41851	102
41873	102
41884	102
41892	102
41900	102
41913	102
41914	102
41940	102
41944	102
41955	102
41956	102
41965	102
41993	102
41999	102
42004	102
42006	102
42009	102
42028	102
42044	102
42054	102
42055	102
42076	102
42079	102
42085	102
42088	102
42090	102
42113	102
42136	102
42165	102
42166	102
42168	102
42180	102
42184	102
42189	102
42200	102
42204	102
42210	102
42216	102
42225	102
42239	102
42245	102
42249	102
42261	102
42288	102
42321	102
42325	102
42330	102
42350	102
42353	102
42356	102
42371	102
42401	102
42403	102
42407	102
42408	102
42423	102
42478	102
42481	102
42489	102
42494	102
42497	102
42517	102
42523	102
42530	102
42533	102
42547	102
42561	102
42570	102
42573	102
42588	102
42590	102
42620	102
42634	102
42637	102
42643	102
42667	102
42678	102
42693	102
42697	102
42714	102
42715	102
42716	102
42724	102
42731	102
42749	102
42767	102
42768	102
42780	102
42822	102
42823	102
42832	102
42835	102
42836	102
42837	102
42849	102
42854	102
42862	102
42876	102
42878	102
42894	102
42940	102
42954	102
42955	102
42979	102
43005	102
43024	102
43027	102
43043	102
43059	102
43072	102
43097	102
43141	102
43142	102
43146	102
43147	102
43149	102
43171	102
43178	102
43201	102
43211	102
43250	102
43255	102
43260	102
43269	102
43271	102
43281	102
43310	102
43314	102
43316	102
43317	102
43318	102
43332	102
43344	102
43361	102
43363	102
43366	102
43379	102
43383	102
43430	102
43435	102
43441	102
43451	102
43456	102
43478	102
43483	102
43487	102
43496	102
43510	102
43523	102
43528	102
43583	102
43591	102
43597	102
43610	102
43615	102
43630	102
43638	102
43641	102
43642	102
43646	102
43648	102
43653	102
43661	102
43663	102
43671	102
43695	102
43704	102
43708	102
43715	102
43720	102
43721	102
43737	102
43742	102
43756	102
43761	102
43785	102
43802	102
43805	102
43809	102
43811	102
43816	102
43823	102
43854	102
43861	102
43867	102
43876	102
43887	102
43900	102
43906	102
43924	102
43973	102
43979	102
43992	102
44005	102
44026	102
44038	102
44075	102
44097	102
44105	102
44118	102
44119	102
44120	102
44134	102
44144	102
44160	102
44167	102
44168	102
44172	102
44179	102
44200	102
44211	102
44218	102
44220	102
44222	102
44231	102
44247	102
44261	102
44272	102
44278	102
44286	102
44296	102
44307	102
44317	102
44362	102
44372	102
44375	102
44398	102
44405	102
44406	102
44425	102
44436	102
44437	102
44441	102
44451	102
44452	102
44455	102
44456	102
44460	102
44464	102
44467	102
44474	102
44484	102
44488	102
44490	102
44493	102
44496	102
44508	102
44511	102
44516	102
44530	102
44535	102
44542	102
44547	102
44569	102
44584	102
44591	102
44595	102
44618	102
44636	102
44648	102
44657	102
44669	102
44697	102
44706	102
44711	102
44714	102
44737	102
44745	102
44763	102
44778	102
44787	102
44813	102
44815	102
44817	102
44821	102
44825	102
44840	102
44858	102
44859	102
44864	102
44885	102
44890	102
44919	102
44956	102
44968	102
44969	102
44975	102
44999	102
45003	102
45010	102
45015	102
45025	102
45027	102
45028	102
45043	102
45063	102
45100	102
45121	102
45122	102
45124	102
45127	102
45129	102
45136	102
45138	102
45147	102
45148	102
45162	102
45163	102
45166	102
45172	102
45175	102
45182	102
45185	102
45206	102
45228	102
45245	102
45255	102
45257	102
45274	102
45284	102
45290	102
45291	102
45320	102
45326	102
45333	102
45359	102
45363	102
45370	102
45376	102
45377	102
45383	102
45390	102
45394	102
45396	102
45414	102
45423	102
45438	102
45452	102
45456	102
45467	102
45477	102
45503	102
45524	102
45525	102
45533	102
45548	102
45549	102
45555	102
45591	102
45599	102
45612	102
45617	102
45626	102
45629	102
45634	102
45637	102
45663	102
45692	102
45697	102
45709	102
45720	102
45721	102
45731	102
45738	102
45740	102
45741	102
45749	102
45750	102
45754	102
45757	102
45774	102
45776	102
45777	102
45789	102
45793	102
45796	102
45799	102
45802	102
45807	102
45808	102
45813	102
45824	102
45844	102
45860	102
45864	102
45897	102
45907	102
45919	102
45931	102
45948	102
45957	102
45958	102
45973	102
45993	102
46031	102
46040	102
46060	102
46066	102
46070	102
46077	102
46086	102
46092	102
46097	102
46128	102
46132	102
46134	102
46139	102
46151	102
46155	102
46168	102
46187	102
46213	102
46229	102
46235	102
46240	102
46248	102
46250	102
46260	102
46265	102
46270	102
46295	102
46296	102
46300	102
46307	102
46317	102
46324	102
46332	102
46343	102
46365	102
46385	102
46387	102
46392	102
46393	102
46407	102
46427	102
46434	102
46449	102
46463	102
46480	102
46481	102
46486	102
46489	102
46501	102
46506	102
46512	102
46529	102
46534	102
46536	102
46545	102
46563	102
46572	102
46574	102
46577	102
46578	102
46589	102
46595	102
46616	102
46624	102
46633	102
46652	102
46676	102
46691	102
46716	102
46718	102
46787	102
46813	102
46817	102
46824	102
46828	102
46831	102
46837	102
46838	102
46840	102
46842	102
46846	102
46850	102
46852	102
46870	102
46882	102
46917	102
46927	102
46951	102
46953	102
46956	102
46960	102
47002	102
47041	102
47043	102
47057	102
47059	102
47061	102
47065	102
47066	102
47088	102
47089	102
47106	102
47112	102
47118	102
47130	102
47132	102
47145	102
47153	102
47167	102
47194	102
47197	102
47206	102
47209	102
47210	102
47211	102
47226	102
47228	102
47234	102
47237	102
47259	102
47280	102
47311	102
47320	102
47326	102
47341	102
47355	102
47359	102
47363	102
47365	102
47372	102
47374	102
47375	102
47388	102
47400	102
47416	102
47422	102
47423	102
47426	102
47430	102
47441	102
47466	102
47471	102
47487	102
47488	102
47509	102
47513	102
47527	102
47533	102
47534	102
47537	102
47546	102
47556	102
47558	102
47574	102
47575	102
47583	102
47592	102
47597	102
47598	102
47608	102
47625	102
47627	102
47640	102
47645	102
47647	102
47648	102
47650	102
47656	102
47678	102
47683	102
47695	102
47711	102
47728	102
47783	102
47794	102
47805	102
47810	102
47827	102
47846	102
47850	102
47854	102
47857	102
47868	102
47874	102
47880	102
47886	102
47898	102
47905	102
47909	102
47911	102
47929	102
47945	102
47968	102
47973	102
47994	102
48039	102
48042	102
48062	102
48064	102
48069	102
48113	102
48114	102
48115	102
48117	102
48134	102
48136	102
48174	102
48202	102
48203	102
48205	102
48206	102
48210	102
48219	102
48228	102
48233	102
48234	102
48241	102
48247	102
48258	102
48264	102
48272	102
48273	102
48290	102
48299	102
48300	102
48301	102
48303	102
48328	102
48342	102
48343	102
48348	102
48372	102
48375	102
48377	102
48378	102
48386	102
48416	102
48436	102
48445	102
48450	102
48454	102
48459	102
48463	102
48497	102
48510	102
48514	102
48536	102
48547	102
48559	102
48566	102
48570	102
48582	102
48596	102
48599	102
48603	102
48610	102
48616	102
48626	102
48631	102
48632	102
48635	102
48653	102
48667	102
48670	102
48682	102
48701	102
48707	102
48712	102
48719	102
48728	102
48731	102
48733	102
48747	102
48756	102
48757	102
48761	102
48776	102
48777	102
48796	102
48801	102
48806	102
48825	102
48845	102
48862	102
48871	102
48888	102
48894	102
48908	102
48921	102
48925	102
48931	102
48933	102
48938	102
48942	102
48944	102
48949	102
48972	102
48973	102
48981	102
48993	102
49012	102
49030	102
49032	102
49035	102
49042	102
49043	102
49050	102
49052	102
49080	102
49083	102
49105	102
49114	102
49188	102
49189	102
49205	102
49212	102
49213	102
49220	102
49235	102
49248	102
49266	102
49302	102
49303	102
49317	102
49322	102
49323	102
49332	102
49385	102
49388	102
49396	102
49403	102
49424	102
49432	102
49439	102
49443	102
49460	102
49461	102
49471	102
49506	102
49514	102
49551	102
49557	102
49560	102
49562	102
49602	102
49612	102
49615	102
49627	102
49636	102
49664	102
49677	102
49686	102
49696	102
49697	102
49700	102
49706	102
49711	102
49735	102
49736	102
49754	102
49764	102
49773	102
49788	102
49789	102
49804	102
49819	102
49822	102
49824	102
49829	102
49830	102
49832	102
49837	102
49851	102
49870	102
49887	102
49888	102
49890	102
49891	102
49893	102
49899	102
49926	102
49931	102
49936	102
49991	102
16	101
25	101
26	101
30	101
42	101
50	101
52	101
61	101
86	101
92	101
103	101
106	101
120	101
137	101
141	101
142	101
150	101
155	101
158	101
190	101
217	101
254	101
296	101
297	101
303	101
304	101
305	101
314	101
318	101
357	101
377	101
389	101
396	101
421	101
427	101
473	101
480	101
483	101
490	101
495	101
511	101
512	101
523	101
524	101
547	101
550	101
554	101
586	101
589	101
595	101
604	101
616	101
617	101
636	101
641	101
645	101
646	101
654	101
655	101
686	101
697	101
710	101
719	101
723	101
724	101
745	101
747	101
752	101
756	101
758	101
773	101
775	101
777	101
811	101
812	101
818	101
822	101
839	101
843	101
857	101
863	101
865	101
892	101
897	101
901	101
921	101
933	101
939	101
949	101
953	101
954	101
969	101
992	101
1016	101
1026	101
1044	101
1064	101
1080	101
1086	101
1095	101
1109	101
1122	101
1151	101
1169	101
1172	101
1198	101
1199	101
1243	101
1255	101
1260	101
1264	101
1273	101
1274	101
1277	101
1327	101
1335	101
1337	101
1363	101
1370	101
1373	101
1375	101
1390	101
1394	101
1395	101
1398	101
1403	101
1413	101
1415	101
1419	101
1433	101
1445	101
1458	101
1466	101
1507	101
1537	101
1541	101
1550	101
1558	101
1575	101
1579	101
1616	101
1629	101
1637	101
1646	101
1648	101
1659	101
1664	101
1689	101
1697	101
1734	101
1739	101
1756	101
1757	101
1769	101
1776	101
1821	101
1834	101
1837	101
1854	101
1859	101
1866	101
1870	101
1872	101
1881	101
1883	101
1913	101
1919	101
1926	101
1932	101
1948	101
1953	101
1966	101
1968	101
1975	101
1984	101
1985	101
1994	101
1995	101
2014	101
2021	101
2025	101
2039	101
2045	101
2053	101
2067	101
2081	101
2082	101
2086	101
2102	101
2111	101
2114	101
2132	101
2133	101
2142	101
2161	101
2178	101
2211	101
2213	101
2222	101
2242	101
2257	101
2258	101
2270	101
2286	101
2296	101
2300	101
2310	101
2322	101
2324	101
2348	101
2355	101
2360	101
2370	101
2381	101
2442	101
2461	101
2463	101
2467	101
2474	101
2477	101
2494	101
2510	101
2548	101
2568	101
2570	101
2581	101
2591	101
2592	101
2601	101
2605	101
2626	101
2632	101
2642	101
2646	101
2648	101
2659	101
2665	101
2668	101
2674	101
2678	101
2683	101
2691	101
2709	101
2746	101
2748	101
2761	101
2774	101
2777	101
2786	101
2804	101
2808	101
2817	101
2819	101
2831	101
2872	101
2877	101
2888	101
2893	101
2932	101
2939	101
2963	101
2975	101
2979	101
2988	101
2992	101
3023	101
3037	101
3046	101
3047	101
3051	101
3061	101
3126	101
3137	101
3169	101
3172	101
3201	101
3216	101
3260	101
3301	101
3303	101
3326	101
3333	101
3346	101
3362	101
3369	101
3372	101
3391	101
3406	101
3415	101
3420	101
3426	101
3430	101
3445	101
3453	101
3459	101
3463	101
3465	101
3466	101
3479	101
3487	101
3516	101
3520	101
3523	101
3532	101
3551	101
3562	101
3572	101
3605	101
3620	101
3625	101
3627	101
3634	101
3663	101
3679	101
3701	101
3732	101
3743	101
3757	101
3758	101
3761	101
3787	101
3828	101
3839	101
3872	101
3879	101
3898	101
3926	101
3934	101
3935	101
3946	101
3957	101
3971	101
3980	101
3984	101
3990	101
4007	101
4020	101
4052	101
4055	101
4077	101
4091	101
4136	101
4165	101
4171	101
4181	101
4182	101
4183	101
4186	101
4192	101
4201	101
4237	101
4253	101
4262	101
4284	101
4291	101
4299	101
4316	101
4322	101
4340	101
4370	101
4377	101
4398	101
4401	101
4406	101
4407	101
4418	101
4437	101
4441	101
4451	101
4470	101
4508	101
4513	101
4532	101
4544	101
4555	101
4573	101
4575	101
4576	101
4581	101
4586	101
4600	101
4622	101
4628	101
4635	101
4641	101
4657	101
4676	101
4704	101
4710	101
4718	101
4722	101
4745	101
4755	101
4759	101
4785	101
4802	101
4818	101
4821	101
4830	101
4857	101
4877	101
4885	101
4890	101
4909	101
4953	101
4957	101
4959	101
4961	101
5012	101
5027	101
5030	101
5034	101
5049	101
5078	101
5092	101
5093	101
5119	101
5134	101
5154	101
5162	101
5164	101
5165	101
5215	101
5233	101
5249	101
5251	101
5253	101
5257	101
5269	101
5271	101
5272	101
5309	101
5316	101
5317	101
5329	101
5343	101
5346	101
5388	101
5396	101
5401	101
5480	101
5495	101
5512	101
5518	101
5583	101
5597	101
5610	101
5618	101
5637	101
5649	101
5669	101
5694	101
5709	101
5717	101
5724	101
5764	101
5777	101
5780	101
5796	101
5803	101
5809	101
5822	101
5826	101
5832	101
5890	101
5898	101
5913	101
5914	101
5922	101
5924	101
5930	101
5934	101
5936	101
5948	101
5953	101
5956	101
5961	101
5983	101
5986	101
5992	101
5993	101
5999	101
6015	101
6016	101
6030	101
6035	101
6056	101
6105	101
6118	101
6120	101
6141	101
6171	101
6179	101
6191	101
6235	101
6239	101
6262	101
6284	101
6292	101
6295	101
6301	101
6325	101
6351	101
6360	101
6384	101
6395	101
6402	101
6416	101
6440	101
6472	101
6480	101
6489	101
6515	101
6528	101
6533	101
6563	101
6569	101
6571	101
6586	101
6613	101
6621	101
6624	101
6627	101
6638	101
6655	101
6690	101
6691	101
6704	101
6715	101
6719	101
6726	101
6732	101
6759	101
6762	101
6767	101
6775	101
6782	101
6783	101
6784	101
6787	101
6798	101
6843	101
6846	101
6868	101
6879	101
6889	101
6893	101
6895	101
6904	101
6927	101
6929	101
6931	101
6943	101
6946	101
6952	101
6990	101
6997	101
7001	101
7003	101
7021	101
7028	101
7039	101
7047	101
7054	101
7061	101
7069	101
7089	101
7101	101
7118	101
7122	101
7129	101
7134	101
7155	101
7160	101
7169	101
7182	101
7183	101
7189	101
7204	101
7226	101
7228	101
7233	101
7235	101
7263	101
7268	101
7276	101
7285	101
7314	101
7325	101
7341	101
7348	101
7359	101
7380	101
7395	101
7400	101
7435	101
7443	101
7462	101
7493	101
7518	101
7526	101
7530	101
7550	101
7575	101
7588	101
7591	101
7596	101
7608	101
7609	101
7626	101
7629	101
7673	101
7675	101
7716	101
7728	101
7772	101
7775	101
7800	101
7813	101
7819	101
7856	101
7858	101
7867	101
7873	101
7883	101
7902	101
7906	101
7915	101
7933	101
7942	101
7963	101
7974	101
7978	101
8001	101
8017	101
8023	101
8026	101
8036	101
8046	101
8048	101
8051	101
8063	101
8064	101
8080	101
8085	101
8097	101
8099	101
8115	101
8117	101
8149	101
8156	101
8157	101
8163	101
8178	101
8180	101
8220	101
8230	101
8244	101
8299	101
8310	101
8325	101
8327	101
8340	101
8355	101
8365	101
8367	101
8376	101
8395	101
8396	101
8400	101
8403	101
8412	101
8426	101
8433	101
8451	101
8452	101
8462	101
8505	101
8507	101
8516	101
8522	101
8523	101
8597	101
8609	101
8650	101
8654	101
8665	101
8670	101
8671	101
8703	101
8711	101
8718	101
8723	101
8742	101
8755	101
8761	101
8784	101
8788	101
8805	101
8832	101
8855	101
8877	101
8898	101
8932	101
8949	101
8968	101
8970	101
8971	101
8974	101
8975	101
9001	101
9010	101
9021	101
9030	101
9048	101
9063	101
9066	101
9090	101
9098	101
9126	101
9139	101
9141	101
9142	101
9167	101
9175	101
9196	101
9216	101
9220	101
9248	101
9253	101
9270	101
9271	101
9272	101
9273	101
9296	101
9314	101
9329	101
9330	101
9343	101
9348	101
9361	101
9390	101
9458	101
9460	101
9463	101
9474	101
9506	101
9507	101
9512	101
9542	101
9546	101
9552	101
9553	101
9578	101
9592	101
9596	101
9641	101
9652	101
9653	101
9660	101
9668	101
9670	101
9673	101
9703	101
9723	101
9738	101
9770	101
9774	101
9783	101
9786	101
9809	101
9830	101
9837	101
9840	101
9855	101
9857	101
9905	101
9909	101
9913	101
9929	101
9930	101
9934	101
9951	101
9962	101
9973	101
10014	101
10021	101
10022	101
10023	101
10027	101
10029	101
10031	101
10037	101
10049	101
10056	101
10059	101
10063	101
10087	101
10099	101
10104	101
10127	101
10135	101
10137	101
10138	101
10162	101
10167	101
10168	101
10187	101
10195	101
10224	101
10227	101
10231	101
10264	101
10271	101
10276	101
10278	101
10282	101
10289	101
10300	101
10321	101
10328	101
10331	101
10339	101
10342	101
10344	101
10351	101
10372	101
10405	101
10439	101
10440	101
10459	101
10463	101
10470	101
10482	101
10490	101
10492	101
10499	101
10511	101
10534	101
10549	101
10556	101
10561	101
10580	101
10598	101
10603	101
10618	101
10672	101
10673	101
10679	101
10694	101
10705	101
10769	101
10772	101
10786	101
10788	101
10838	101
10842	101
10847	101
10883	101
10885	101
10903	101
10914	101
10946	101
10958	101
10964	101
11003	101
11008	101
11035	101
11069	101
11080	101
11082	101
11088	101
11089	101
11090	101
11106	101
11118	101
11128	101
11150	101
11184	101
11204	101
11224	101
11246	101
11266	101
11270	101
11279	101
11282	101
11310	101
11324	101
11345	101
11360	101
11369	101
11372	101
11382	101
11409	101
11426	101
11436	101
11465	101
11475	101
11491	101
11497	101
11553	101
11560	101
11561	101
11562	101
11564	101
11589	101
11594	101
11596	101
11607	101
11617	101
11620	101
11651	101
11664	101
11673	101
11680	101
11682	101
11738	101
11776	101
11816	101
11823	101
11833	101
11837	101
11876	101
11877	101
11889	101
11894	101
11964	101
11974	101
11982	101
11990	101
12000	101
12041	101
12062	101
12063	101
12089	101
12133	101
12136	101
12140	101
12168	101
12180	101
12181	101
12200	101
12240	101
12246	101
12276	101
12321	101
12337	101
12347	101
12354	101
12356	101
12365	101
12368	101
12406	101
12463	101
12494	101
12501	101
12520	101
12525	101
12528	101
12529	101
12532	101
12534	101
12537	101
12541	101
12549	101
12588	101
12616	101
12617	101
12621	101
12630	101
12636	101
12648	101
12657	101
12696	101
12702	101
12703	101
12708	101
12767	101
12776	101
12798	101
12807	101
12810	101
12831	101
12845	101
12855	101
12873	101
12907	101
12919	101
12922	101
12932	101
12943	101
12944	101
12948	101
12973	101
12980	101
12984	101
12993	101
13026	101
13033	101
13036	101
13054	101
13062	101
13064	101
13085	101
13086	101
13123	101
13129	101
13146	101
13156	101
13158	101
13185	101
13204	101
13208	101
13211	101
13218	101
13237	101
13242	101
13275	101
13285	101
13286	101
13288	101
13312	101
13345	101
13373	101
13375	101
13397	101
13401	101
13438	101
13451	101
13459	101
13462	101
13463	101
13468	101
13477	101
13498	101
13503	101
13510	101
13514	101
13521	101
13529	101
13542	101
13547	101
13558	101
13574	101
13588	101
13608	101
13623	101
13643	101
13647	101
13654	101
13659	101
13674	101
13677	101
13678	101
13690	101
13698	101
13701	101
13718	101
13723	101
13724	101
13754	101
13755	101
13782	101
13785	101
13797	101
13827	101
13831	101
13888	101
13907	101
13910	101
13916	101
13943	101
13952	101
13968	101
13977	101
13980	101
14030	101
14042	101
14083	101
14111	101
14117	101
14121	101
14168	101
14195	101
14196	101
14231	101
14232	101
14239	101
14258	101
14261	101
14263	101
14268	101
14277	101
14295	101
14308	101
14356	101
14381	101
14424	101
14429	101
14442	101
14457	101
14475	101
14524	101
14529	101
14533	101
14534	101
14552	101
14558	101
14571	101
14584	101
14587	101
14590	101
14596	101
14608	101
14612	101
14616	101
14617	101
14619	101
14620	101
14623	101
14626	101
14642	101
14645	101
14649	101
14659	101
14667	101
14687	101
14699	101
14714	101
14742	101
14754	101
14759	101
14762	101
14764	101
14766	101
14769	101
14785	101
14806	101
14830	101
14843	101
14845	101
14881	101
14887	101
14894	101
14901	101
14910	101
14913	101
14927	101
14940	101
14944	101
14956	101
14972	101
14973	101
14980	101
14990	101
15011	101
15024	101
15061	101
15088	101
15089	101
15098	101
15100	101
15107	101
15109	101
15123	101
15145	101
15146	101
15159	101
15186	101
15194	101
15204	101
15207	101
15210	101
15235	101
15239	101
15256	101
15262	101
15268	101
15273	101
15293	101
15298	101
15301	101
15314	101
15318	101
15320	101
15330	101
15331	101
15332	101
15336	101
15342	101
15346	101
15377	101
15385	101
15399	101
15400	101
15415	101
15423	101
15441	101
15442	101
15443	101
15448	101
15449	101
15452	101
15487	101
15489	101
15502	101
15508	101
15515	101
15578	101
15598	101
15625	101
15637	101
15645	101
15687	101
15693	101
15700	101
15727	101
15728	101
15730	101
15755	101
15776	101
15778	101
15784	101
15798	101
15819	101
15825	101
15853	101
15860	101
15863	101
15869	101
15879	101
15899	101
15915	101
15918	101
15940	101
15941	101
15949	101
15970	101
15975	101
15994	101
16023	101
16034	101
16054	101
16067	101
16070	101
16094	101
16100	101
16103	101
16134	101
16153	101
16194	101
16203	101
16217	101
16218	101
16230	101
16238	101
16269	101
16286	101
16289	101
16324	101
16328	101
16367	101
16369	101
16372	101
16374	101
16435	101
16460	101
16461	101
16489	101
16515	101
16544	101
16558	101
16573	101
16576	101
16591	101
16610	101
16612	101
16625	101
16634	101
16638	101
16681	101
16707	101
16709	101
16719	101
16787	101
16809	101
16816	101
16823	101
16824	101
16839	101
16843	101
16856	101
16861	101
16863	101
16865	101
16872	101
16877	101
16878	101
16884	101
16888	101
16893	101
16894	101
16898	101
16899	101
16901	101
16920	101
16931	101
16936	101
16971	101
17014	101
17026	101
17032	101
17047	101
17051	101
17056	101
17072	101
17087	101
17091	101
17102	101
17121	101
17147	101
17156	101
17194	101
17205	101
17207	101
17210	101
17217	101
17239	101
17253	101
17255	101
17260	101
17282	101
17285	101
17295	101
17310	101
17317	101
17363	101
17364	101
17387	101
17417	101
17420	101
17427	101
17439	101
17456	101
17485	101
17490	101
17501	101
17521	101
17522	101
17545	101
17558	101
17575	101
17591	101
17607	101
17610	101
17651	101
17675	101
17686	101
17687	101
17691	101
17729	101
17786	101
17853	101
17873	101
17883	101
17886	101
17906	101
17907	101
17910	101
17924	101
17925	101
17941	101
17952	101
17953	101
17979	101
17990	101
17997	101
18004	101
18011	101
18017	101
18035	101
18049	101
18050	101
18052	101
18053	101
18059	101
18075	101
18076	101
18085	101
18092	101
18112	101
18117	101
18123	101
18125	101
18134	101
18141	101
18142	101
18158	101
18171	101
18194	101
18198	101
18209	101
18220	101
18235	101
18246	101
18252	101
18279	101
18285	101
18286	101
18293	101
18302	101
18303	101
18315	101
18318	101
18332	101
18336	101
18358	101
18360	101
18374	101
18382	101
18385	101
18386	101
18434	101
18439	101
18446	101
18451	101
18454	101
18461	101
18476	101
18514	101
18515	101
18546	101
18551	101
18555	101
18568	101
18587	101
18598	101
18602	101
18611	101
18626	101
18654	101
18656	101
18661	101
18667	101
18680	101
18685	101
18690	101
18703	101
18706	101
18709	101
18713	101
18719	101
18734	101
18737	101
18742	101
18753	101
18756	101
18775	101
18788	101
18792	101
18832	101
18839	101
18885	101
18887	101
18891	101
18901	101
18909	101
18933	101
18943	101
18965	101
18966	101
18986	101
19003	101
19005	101
19013	101
19018	101
19023	101
19024	101
19065	101
19067	101
19072	101
19126	101
19140	101
19155	101
19157	101
19159	101
19167	101
19194	101
19204	101
19208	101
19209	101
19213	101
19226	101
19233	101
19254	101
19266	101
19282	101
19355	101
19356	101
19362	101
19383	101
19384	101
19401	101
19413	101
19417	101
19441	101
19445	101
19484	101
19492	101
19498	101
19510	101
19512	101
19519	101
19529	101
19558	101
19559	101
19563	101
19584	101
19595	101
19624	101
19626	101
19632	101
19639	101
19640	101
19647	101
19683	101
19684	101
19687	101
19705	101
19729	101
19743	101
19773	101
19809	101
19827	101
19838	101
19840	101
19846	101
19867	101
19868	101
19873	101
19882	101
19891	101
19894	101
19908	101
19914	101
19957	101
19965	101
19967	101
19970	101
19974	101
19978	101
19979	101
19993	101
19995	101
19999	101
20002	101
20005	101
20021	101
20034	101
20059	101
20066	101
20075	101
20090	101
20094	101
20096	101
20103	101
20115	101
20177	101
20182	101
20206	101
20211	101
20224	101
20230	101
20247	101
20266	101
20270	101
20279	101
20289	101
20295	101
20313	101
20326	101
20327	101
20345	101
20359	101
20360	101
20369	101
20370	101
20378	101
20381	101
20382	101
20396	101
20408	101
20410	101
20413	101
20419	101
20443	101
20446	101
20450	101
20451	101
20455	101
20461	101
20463	101
20476	101
20483	101
20487	101
20495	101
20507	101
20509	101
20519	101
20540	101
20572	101
20585	101
20594	101
20605	101
20609	101
20629	101
20697	101
20698	101
20707	101
20710	101
20728	101
20737	101
20739	101
20744	101
20747	101
20753	101
20758	101
20768	101
20782	101
20794	101
20813	101
20815	101
20819	101
20829	101
20831	101
20833	101
20851	101
20867	101
20876	101
20884	101
20904	101
20906	101
20918	101
20979	101
20993	101
20999	101
21008	101
21018	101
21025	101
21052	101
21063	101
21067	101
21076	101
21081	101
21093	101
21108	101
21128	101
21130	101
21137	101
21148	101
21155	101
21156	101
21191	101
21211	101
21227	101
21228	101
21241	101
21248	101
21259	101
21305	101
21342	101
21377	101
21395	101
21429	101
21436	101
21447	101
21449	101
21451	101
21460	101
21466	101
21473	101
21474	101
21481	101
21496	101
21500	101
21501	101
21503	101
21509	101
21510	101
21516	101
21536	101
21548	101
21574	101
21588	101
21623	101
21627	101
21629	101
21636	101
21640	101
21673	101
21727	101
21732	101
21734	101
21744	101
21769	101
21773	101
21815	101
21834	101
21870	101
21890	101
21891	101
21898	101
21931	101
21950	101
21972	101
21989	101
22031	101
22038	101
22043	101
22054	101
22060	101
22074	101
22081	101
22103	101
22147	101
22148	101
22204	101
22210	101
22220	101
22243	101
22249	101
22261	101
22277	101
22290	101
22304	101
22305	101
22307	101
22309	101
22310	101
22311	101
22314	101
22315	101
22334	101
22339	101
22355	101
22371	101
22393	101
22405	101
22418	101
22426	101
22439	101
22442	101
22447	101
22450	101
22453	101
22466	101
22471	101
22478	101
22483	101
22508	101
22515	101
22527	101
22566	101
22610	101
22616	101
22618	101
22623	101
22627	101
22638	101
22651	101
22658	101
22665	101
22670	101
22689	101
22691	101
22692	101
22699	101
22717	101
22726	101
22734	101
22744	101
22760	101
22763	101
22774	101
22806	101
22825	101
22828	101
22831	101
22840	101
22873	101
22877	101
22882	101
22885	101
22902	101
22904	101
22910	101
22915	101
22922	101
22926	101
22945	101
22974	101
22991	101
22996	101
23042	101
23043	101
23077	101
23105	101
23108	101
23109	101
23117	101
23128	101
23166	101
23187	101
23209	101
23210	101
23213	101
23238	101
23241	101
23274	101
23286	101
23307	101
23317	101
23327	101
23333	101
23339	101
23347	101
23355	101
23364	101
23391	101
23393	101
23398	101
23401	101
23412	101
23418	101
23435	101
23439	101
23443	101
23478	101
23497	101
23513	101
23529	101
23533	101
23534	101
23550	101
23572	101
23583	101
23593	101
23598	101
23599	101
23606	101
23624	101
23635	101
23666	101
23704	101
23717	101
23728	101
23729	101
23736	101
23738	101
23766	101
23795	101
23804	101
23817	101
23818	101
23836	101
23841	101
23843	101
23856	101
23858	101
23864	101
23871	101
23902	101
23909	101
23928	101
23953	101
23970	101
23972	101
23973	101
23974	101
23978	101
24048	101
24068	101
24077	101
24089	101
24113	101
24130	101
24142	101
24148	101
24165	101
24184	101
24189	101
24226	101
24295	101
24298	101
24327	101
24332	101
24335	101
24336	101
24351	101
24376	101
24388	101
24390	101
24399	101
24470	101
24474	101
24478	101
24484	101
24491	101
24496	101
24499	101
24501	101
24528	101
24544	101
24557	101
24561	101
24573	101
24614	101
24623	101
24624	101
24625	101
24626	101
24633	101
24644	101
24653	101
24665	101
24669	101
24670	101
24709	101
24732	101
24740	101
24741	101
24778	101
24780	101
24781	101
24807	101
24811	101
24812	101
24816	101
24840	101
24864	101
24879	101
24886	101
24892	101
24899	101
24901	101
24938	101
24940	101
24950	101
24951	101
24962	101
24983	101
24988	101
24991	101
24999	101
25012	101
25044	101
25072	101
25073	101
25093	101
25124	101
25130	101
25162	101
25166	101
25177	101
25178	101
25184	101
25193	101
25201	101
25203	101
25205	101
25206	101
25211	101
25232	101
25241	101
25253	101
25262	101
25288	101
25295	101
25299	101
25329	101
25354	101
25384	101
25388	101
25436	101
25446	101
25471	101
25473	101
25479	101
25486	101
25489	101
25490	101
25499	101
25508	101
25521	101
25541	101
25552	101
25597	101
25606	101
25607	101
25610	101
25628	101
25670	101
25698	101
25710	101
25721	101
25730	101
25732	101
25750	101
25776	101
25780	101
25795	101
25802	101
25807	101
25816	101
25824	101
25826	101
25836	101
25859	101
25874	101
25914	101
25930	101
25943	101
25953	101
25955	101
25983	101
25986	101
26009	101
26022	101
26030	101
26033	101
26039	101
26052	101
26078	101
26084	101
26093	101
26096	101
26148	101
26153	101
26173	101
26181	101
26185	101
26208	101
26219	101
26231	101
26239	101
26265	101
26276	101
26280	101
26283	101
26316	101
26350	101
26392	101
26398	101
26408	101
26416	101
26417	101
26437	101
26444	101
26445	101
26490	101
26501	101
26514	101
26524	101
26532	101
26535	101
26540	101
26550	101
26554	101
26560	101
26561	101
26564	101
26578	101
26580	101
26588	101
26591	101
26606	101
26617	101
26652	101
26660	101
26662	101
26684	101
26708	101
26728	101
26738	101
26741	101
26748	101
26762	101
26768	101
26782	101
26832	101
26834	101
26841	101
26846	101
26847	101
26850	101
26876	101
26889	101
26907	101
26913	101
26925	101
26934	101
26940	101
26978	101
26980	101
26994	101
27027	101
27031	101
27039	101
27059	101
27066	101
27067	101
27077	101
27091	101
27143	101
27144	101
27179	101
27202	101
27213	101
27220	101
27226	101
27229	101
27244	101
27256	101
27276	101
27284	101
27293	101
27314	101
27342	101
27343	101
27356	101
27357	101
27359	101
27363	101
27370	101
27377	101
27390	101
27399	101
27405	101
27447	101
27505	101
27541	101
27569	101
27577	101
27578	101
27579	101
27583	101
27585	101
27594	101
27595	101
27627	101
27645	101
27649	101
27664	101
27735	101
27747	101
27785	101
27791	101
27797	101
27810	101
27823	101
27893	101
27923	101
27936	101
27953	101
27964	101
27986	101
27990	101
27999	101
28013	101
28023	101
28046	101
28085	101
28086	101
28093	101
28099	101
28106	101
28141	101
28150	101
28160	101
28161	101
28170	101
28171	101
28172	101
28180	101
28182	101
28210	101
28223	101
28233	101
28240	101
28245	101
28257	101
28263	101
28265	101
28284	101
28286	101
28287	101
28290	101
28295	101
28315	101
28332	101
28353	101
28355	101
28358	101
28359	101
28360	101
28364	101
28366	101
28374	101
28389	101
28429	101
28440	101
28442	101
28467	101
28468	101
28482	101
28486	101
28504	101
28520	101
28527	101
28534	101
28537	101
28541	101
28548	101
28553	101
28556	101
28562	101
28563	101
28568	101
28577	101
28602	101
28603	101
28609	101
28623	101
28642	101
28656	101
28666	101
28688	101
28689	101
28697	101
28772	101
28774	101
28784	101
28785	101
28796	101
28797	101
28805	101
28816	101
28829	101
28837	101
28872	101
28873	101
28880	101
28907	101
28918	101
28953	101
28961	101
28976	101
28990	101
28991	101
28998	101
28999	101
29000	101
29014	101
29030	101
29050	101
29062	101
29088	101
29101	101
29138	101
29141	101
29147	101
29153	101
29155	101
29193	101
29195	101
29226	101
29248	101
29249	101
29253	101
29258	101
29260	101
29264	101
29268	101
29286	101
29288	101
29300	101
29327	101
29347	101
29351	101
29352	101
29366	101
29368	101
29374	101
29386	101
29391	101
29399	101
29403	101
29404	101
29405	101
29425	101
29443	101
29444	101
29445	101
29449	101
29457	101
29469	101
29502	101
29513	101
29515	101
29518	101
29527	101
29539	101
29556	101
29560	101
29567	101
29590	101
29604	101
29638	101
29647	101
29648	101
29666	101
29670	101
29682	101
29712	101
29718	101
29757	101
29780	101
29791	101
29792	101
29796	101
29807	101
29814	101
29830	101
29831	101
29834	101
29842	101
29848	101
29859	101
29867	101
29868	101
29872	101
29884	101
29895	101
29909	101
29916	101
29941	101
29971	101
29973	101
29975	101
29976	101
29985	101
30015	101
30019	101
30036	101
30037	101
30041	101
30084	101
30095	101
30103	101
30116	101
30122	101
30124	101
30128	101
30143	101
30150	101
30186	101
30187	101
30201	101
30209	101
30273	101
30281	101
30284	101
30291	101
30297	101
30299	101
30324	101
30350	101
30364	101
30397	101
30402	101
30406	101
30412	101
30424	101
30426	101
30427	101
30442	101
30449	101
30455	101
30464	101
30466	101
30479	101
30489	101
30502	101
30509	101
30512	101
30518	101
30523	101
30533	101
30543	101
30545	101
30578	101
30597	101
30598	101
30605	101
30620	101
30625	101
30640	101
30650	101
30712	101
30731	101
30736	101
30743	101
30746	101
30782	101
30792	101
30796	101
30797	101
30798	101
30810	101
30821	101
30823	101
30836	101
30837	101
30855	101
30870	101
30873	101
30876	101
30880	101
30884	101
30892	101
30917	101
30923	101
30943	101
30950	101
30963	101
30975	101
30976	101
30983	101
30984	101
30994	101
31002	101
31013	101
31026	101
31029	101
31035	101
31066	101
31074	101
31078	101
31084	101
31085	101
31090	101
31098	101
31108	101
31113	101
31119	101
31142	101
31146	101
31148	101
31149	101
31152	101
31158	101
31161	101
31178	101
31183	101
31185	101
31190	101
31206	101
31214	101
31224	101
31233	101
31246	101
31249	101
31253	101
31278	101
31287	101
31295	101
31311	101
31325	101
31392	101
31403	101
31420	101
31454	101
31459	101
31473	101
31477	101
31485	101
31491	101
31506	101
31513	101
31527	101
31549	101
31578	101
31580	101
31589	101
31625	101
31635	101
31636	101
31637	101
31657	101
31658	101
31674	101
31682	101
31683	101
31724	101
31732	101
31739	101
31741	101
31742	101
31746	101
31747	101
31757	101
31773	101
31794	101
31800	101
31816	101
31843	101
31860	101
31868	101
31875	101
31877	101
31882	101
31895	101
31896	101
31902	101
31917	101
31932	101
31946	101
31948	101
31983	101
31992	101
32018	101
32038	101
32042	101
32043	101
32044	101
32058	101
32068	101
32105	101
32131	101
32139	101
32140	101
32143	101
32153	101
32220	101
32224	101
32226	101
32231	101
32241	101
32244	101
32287	101
32301	101
32318	101
32338	101
32348	101
32386	101
32392	101
32398	101
32436	101
32438	101
32440	101
32514	101
32524	101
32532	101
32538	101
32547	101
32573	101
32585	101
32598	101
32602	101
32618	101
32648	101
32678	101
32696	101
32697	101
32701	101
32706	101
32709	101
32746	101
32748	101
32759	101
32768	101
32769	101
32776	101
32778	101
32789	101
32808	101
32813	101
32821	101
32822	101
32831	101
32841	101
32851	101
32860	101
32866	101
32922	101
32954	101
32963	101
32973	101
32982	101
32998	101
33020	101
33026	101
33028	101
33062	101
33077	101
33096	101
33099	101
33109	101
33120	101
33125	101
33136	101
33150	101
33155	101
33156	101
33168	101
33207	101
33210	101
33228	101
33248	101
33256	101
33293	101
33294	101
33300	101
33305	101
33311	101
33321	101
33342	101
33361	101
33364	101
33379	101
33385	101
33419	101
33425	101
33432	101
33434	101
33488	101
33491	101
33492	101
33493	101
33494	101
33505	101
33507	101
33517	101
33530	101
33549	101
33557	101
33560	101
33561	101
33571	101
33577	101
33601	101
33633	101
33652	101
33675	101
33683	101
33719	101
33722	101
33724	101
33760	101
33762	101
33775	101
33789	101
33792	101
33793	101
33811	101
33815	101
33826	101
33848	101
33856	101
33865	101
33880	101
33881	101
33899	101
33900	101
33915	101
33921	101
33943	101
33950	101
33961	101
33963	101
33971	101
33976	101
33977	101
34005	101
34012	101
34016	101
34029	101
34052	101
34053	101
34067	101
34068	101
34084	101
34098	101
34103	101
34104	101
34109	101
34113	101
34128	101
34134	101
34138	101
34146	101
34147	101
34150	101
34174	101
34177	101
34179	101
34180	101
34181	101
34246	101
34247	101
34274	101
34277	101
34284	101
34303	101
34310	101
34316	101
34324	101
34331	101
34337	101
34359	101
34378	101
34399	101
34430	101
34459	101
34470	101
34483	101
34503	101
34535	101
34578	101
34629	101
34649	101
34651	101
34659	101
34660	101
34673	101
34678	101
34701	101
34710	101
34726	101
34739	101
34781	101
34785	101
34790	101
34791	101
34800	101
34801	101
34822	101
34864	101
34869	101
34875	101
34884	101
34889	101
34903	101
34907	101
34914	101
34918	101
34920	101
34928	101
34980	101
34983	101
34992	101
34993	101
35026	101
35074	101
35079	101
35096	101
35103	101
35104	101
35109	101
35115	101
35125	101
35127	101
35137	101
35149	101
35205	101
35210	101
35212	101
35215	101
35243	101
35249	101
35287	101
35288	101
35289	101
35313	101
35324	101
35365	101
35373	101
35381	101
35387	101
35402	101
35403	101
35405	101
35409	101
35413	101
35422	101
35442	101
35452	101
35454	101
35482	101
35483	101
35486	101
35489	101
35518	101
35521	101
35523	101
35528	101
35529	101
35537	101
35553	101
35556	101
35575	101
35589	101
35603	101
35623	101
35642	101
35646	101
35648	101
35649	101
35660	101
35663	101
35689	101
35696	101
35703	101
35715	101
35716	101
35726	101
35733	101
35742	101
35775	101
35806	101
35814	101
35850	101
35852	101
35862	101
35897	101
35904	101
35907	101
35908	101
35923	101
35930	101
35968	101
35992	101
35994	101
36004	101
36006	101
36024	101
36028	101
36029	101
36042	101
36044	101
36066	101
36069	101
36079	101
36084	101
36089	101
36122	101
36137	101
36142	101
36155	101
36156	101
36172	101
36183	101
36192	101
36209	101
36232	101
36234	101
36237	101
36248	101
36252	101
36281	101
36326	101
36327	101
36352	101
36357	101
36358	101
36367	101
36385	101
36389	101
36394	101
36412	101
36419	101
36430	101
36435	101
36478	101
36489	101
36492	101
36496	101
36497	101
36500	101
36507	101
36512	101
36523	101
36545	101
36551	101
36552	101
36554	101
36566	101
36574	101
36582	101
36589	101
36594	101
36617	101
36629	101
36634	101
36638	101
36664	101
36666	101
36682	101
36704	101
36705	101
36714	101
36717	101
36718	101
36720	101
36722	101
36740	101
36760	101
36762	101
36765	101
36790	101
36799	101
36810	101
36863	101
36891	101
36916	101
36935	101
36943	101
36951	101
36964	101
36982	101
36986	101
36999	101
37062	101
37069	101
37070	101
37071	101
37112	101
37132	101
37137	101
37138	101
37141	101
37188	101
37193	101
37205	101
37222	101
37230	101
37232	101
37238	101
37250	101
37260	101
37275	101
37293	101
37317	101
37322	101
37326	101
37344	101
37348	101
37358	101
37360	101
37364	101
37398	101
37406	101
37431	101
37432	101
37442	101
37446	101
37474	101
37508	101
37514	101
37527	101
37531	101
37546	101
37550	101
37561	101
37589	101
37612	101
37620	101
37625	101
37637	101
37648	101
37663	101
37696	101
37713	101
37717	101
37726	101
37761	101
37764	101
37768	101
37769	101
37771	101
37799	101
37802	101
37810	101
37813	101
37816	101
37818	101
37880	101
37901	101
37936	101
37966	101
37967	101
37976	101
37978	101
37987	101
37999	101
38011	101
38012	101
38030	101
38044	101
38045	101
38050	101
38051	101
38069	101
38074	101
38090	101
38102	101
38150	101
38158	101
38166	101
38170	101
38172	101
38174	101
38184	101
38206	101
38233	101
38238	101
38244	101
38254	101
38270	101
38276	101
38278	101
38295	101
38299	101
38314	101
38334	101
38343	101
38363	101
38371	101
38374	101
38403	101
38407	101
38436	101
38443	101
38445	101
38466	101
38471	101
38529	101
38533	101
38539	101
38548	101
38553	101
38559	101
38567	101
38588	101
38594	101
38608	101
38620	101
38630	101
38637	101
38639	101
38646	101
38649	101
38652	101
38666	101
38680	101
38681	101
38709	101
38718	101
38722	101
38727	101
38772	101
38789	101
38798	101
38823	101
38830	101
38832	101
38835	101
38845	101
38852	101
38860	101
38868	101
38875	101
38882	101
38888	101
38900	101
38905	101
38907	101
38931	101
38955	101
38970	101
38991	101
38998	101
39009	101
39018	101
39040	101
39041	101
39042	101
39053	101
39057	101
39094	101
39105	101
39117	101
39122	101
39123	101
39125	101
39133	101
39135	101
39141	101
39152	101
39156	101
39170	101
39191	101
39209	101
39210	101
39232	101
39241	101
39243	101
39244	101
39249	101
39282	101
39285	101
39288	101
39298	101
39343	101
39354	101
39372	101
39374	101
39381	101
39428	101
39438	101
39469	101
39493	101
39497	101
39515	101
39553	101
39569	101
39579	101
39588	101
39590	101
39602	101
39611	101
39617	101
39618	101
39626	101
39689	101
39690	101
39713	101
39732	101
39740	101
39771	101
39801	101
39807	101
39818	101
39829	101
39840	101
39848	101
39853	101
39882	101
39883	101
39891	101
39925	101
39930	101
39939	101
39947	101
39957	101
39969	101
39979	101
39981	101
39983	101
39998	101
40033	101
40056	101
40074	101
40092	101
40120	101
40123	101
40132	101
40138	101
40161	101
40165	101
40169	101
40175	101
40182	101
40224	101
40231	101
40235	101
40265	101
40274	101
40284	101
40304	101
40318	101
40334	101
40355	101
40364	101
40366	101
40379	101
40406	101
40414	101
40462	101
40466	101
40467	101
40495	101
40500	101
40509	101
40520	101
40535	101
40563	101
40593	101
40599	101
40628	101
40645	101
40652	101
40673	101
40676	101
40679	101
40687	101
40706	101
40708	101
40731	101
40733	101
40750	101
40773	101
40784	101
40785	101
40796	101
40823	101
40825	101
40833	101
40844	101
40846	101
40851	101
40856	101
40857	101
40872	101
40889	101
40897	101
40910	101
40913	101
40927	101
40929	101
40937	101
40947	101
40953	101
40955	101
40969	101
40972	101
40980	101
41005	101
41013	101
41017	101
41033	101
41039	101
41065	101
41074	101
41099	101
41110	101
41127	101
41142	101
41146	101
41153	101
41175	101
41182	101
41186	101
41194	101
41215	101
41220	101
41232	101
41258	101
41274	101
41276	101
41280	101
41285	101
41287	101
41302	101
41308	101
41320	101
41345	101
41372	101
41396	101
41417	101
41420	101
41440	101
41444	101
41464	101
41473	101
41482	101
41503	101
41506	101
41512	101
41536	101
41542	101
41549	101
41559	101
41576	101
41613	101
41615	101
41625	101
41626	101
41627	101
41636	101
41687	101
41691	101
41712	101
41718	101
41722	101
41749	101
41757	101
41763	101
41779	101
41784	101
41788	101
41814	101
41824	101
41829	101
41834	101
41839	101
41844	101
41874	101
41897	101
41901	101
41907	101
41932	101
41942	101
41948	101
41966	101
41973	101
41976	101
42000	101
42015	101
42027	101
42033	101
42060	101
42066	101
42073	101
42093	101
42097	101
42099	101
42109	101
42110	101
42118	101
42132	101
42134	101
42138	101
42139	101
42163	101
42170	101
42172	101
42177	101
42190	101
42266	101
42284	101
42304	101
42311	101
42312	101
42315	101
42355	101
42364	101
42386	101
42390	101
42412	101
42437	101
42446	101
42450	101
42454	101
42455	101
42459	101
42464	101
42476	101
42503	101
42506	101
42516	101
42525	101
42543	101
42545	101
42556	101
42560	101
42568	101
42576	101
42577	101
42599	101
42601	101
42629	101
42635	101
42648	101
42664	101
42679	101
42690	101
42705	101
42728	101
42753	101
42758	101
42776	101
42782	101
42790	101
42794	101
42804	101
42806	101
42821	101
42827	101
42828	101
42883	101
42897	101
42901	101
42917	101
42929	101
42961	101
42974	101
42996	101
43008	101
43010	101
43014	101
43020	101
43029	101
43040	101
43054	101
43056	101
43062	101
43070	101
43075	101
43105	101
43106	101
43123	101
43126	101
43130	101
43134	101
43154	101
43162	101
43165	101
43169	101
43172	101
43179	101
43202	101
43204	101
43214	101
43256	101
43264	101
43279	101
43289	101
43338	101
43342	101
43359	101
43377	101
43381	101
43415	101
43426	101
43445	101
43455	101
43458	101
43459	101
43463	101
43471	101
43473	101
43491	101
43497	101
43498	101
43499	101
43512	101
43517	101
43518	101
43529	101
43553	101
43575	101
43590	101
43617	101
43625	101
43633	101
43649	101
43662	101
43694	101
43702	101
43739	101
43778	101
43783	101
43814	101
43819	101
43829	101
43833	101
43834	101
43835	101
43839	101
43845	101
43855	101
43868	101
43898	101
43917	101
43922	101
43958	101
43962	101
43997	101
44009	101
44015	101
44022	101
44033	101
44068	101
44070	101
44071	101
44098	101
44104	101
44109	101
44112	101
44124	101
44141	101
44148	101
44149	101
44159	101
44176	101
44201	101
44219	101
44223	101
44225	101
44236	101
44237	101
44258	101
44283	101
44293	101
44306	101
44321	101
44325	101
44327	101
44338	101
44343	101
44365	101
44404	101
44447	101
44479	101
44501	101
44502	101
44513	101
44548	101
44551	101
44556	101
44566	101
44568	101
44588	101
44644	101
44675	101
44689	101
44718	101
44730	101
44747	101
44753	101
44754	101
44761	101
44767	101
44782	101
44792	101
44794	101
44805	101
44807	101
44827	101
44838	101
44839	101
44884	101
44888	101
44895	101
44903	101
44905	101
44927	101
44946	101
44949	101
44954	101
44960	101
44992	101
45005	101
45006	101
45012	101
45049	101
45050	101
45066	101
45074	101
45076	101
45080	101
45083	101
45104	101
45106	101
45115	101
45152	101
45171	101
45218	101
45222	101
45231	101
45253	101
45294	101
45318	101
45323	101
45329	101
45334	101
45337	101
45340	101
45345	101
45348	101
45351	101
45352	101
45357	101
45372	101
45380	101
45401	101
45407	101
45411	101
45424	101
45464	101
45472	101
45474	101
45480	101
45483	101
45488	101
45491	101
45493	101
45513	101
45521	101
45522	101
45523	101
45544	101
45546	101
45572	101
45578	101
45593	101
45615	101
45625	101
45657	101
45664	101
45673	101
45680	101
45706	101
45708	101
45732	101
45753	101
45764	101
45769	101
45786	101
45797	101
45823	101
45829	101
45835	101
45848	101
45902	101
45903	101
45905	101
45920	101
45929	101
45933	101
45936	101
45946	101
45949	101
45961	101
45969	101
45971	101
45990	101
46000	101
46010	101
46020	101
46022	101
46023	101
46042	101
46044	101
46054	101
46055	101
46059	101
46099	101
46104	101
46129	101
46173	101
46178	101
46209	101
46211	101
46241	101
46245	101
46255	101
46256	101
46261	101
46267	101
46286	101
46287	101
46299	101
46326	101
46344	101
46350	101
46373	101
46388	101
46416	101
46420	101
46421	101
46430	101
46435	101
46436	101
46440	101
46441	101
46454	101
46491	101
46492	101
46505	101
46508	101
46532	101
46541	101
46543	101
46573	101
46576	101
46646	101
46657	101
46660	101
46692	101
46712	101
46715	101
46728	101
46735	101
46739	101
46740	101
46747	101
46757	101
46765	101
46774	101
46776	101
46825	101
46826	101
46853	101
46876	101
46897	101
46901	101
46936	101
46962	101
46965	101
46969	101
46985	101
46992	101
47025	101
47035	101
47036	101
47037	101
47046	101
47050	101
47069	101
47091	101
47094	101
47096	101
47099	101
47105	101
47116	101
47117	101
47123	101
47125	101
47155	101
47156	101
47161	101
47212	101
47219	101
47222	101
47242	101
47243	101
47253	101
47271	101
47279	101
47282	101
47288	101
47289	101
47319	101
47327	101
47350	101
47351	101
47354	101
47356	101
47361	101
47364	101
47367	101
47369	101
47378	101
47380	101
47408	101
47411	101
47421	101
47438	101
47445	101
47450	101
47475	101
47490	101
47493	101
47499	101
47505	101
47528	101
47578	101
47603	101
47606	101
47618	101
47619	101
47644	101
47660	101
47661	101
47703	101
47716	101
47729	101
47737	101
47746	101
47756	101
47764	101
47776	101
47819	101
47821	101
47823	101
47830	101
47831	101
47836	101
47841	101
47851	101
47856	101
47860	101
47871	101
47879	101
47885	101
47889	101
47893	101
47901	101
47918	101
47939	101
47981	101
48008	101
48009	101
48010	101
48013	101
48019	101
48027	101
48054	101
48055	101
48057	101
48073	101
48111	101
48151	101
48175	101
48176	101
48185	101
48190	101
48207	101
48215	101
48218	101
48220	101
48231	101
48232	101
48251	101
48278	101
48280	101
48281	101
48283	101
48291	101
48306	101
48355	101
48387	101
48395	101
48408	101
48418	101
48427	101
48453	101
48460	101
48481	101
48491	101
48496	101
48504	101
48505	101
48513	101
48516	101
48563	101
48589	101
48591	101
48598	101
48611	101
48612	101
48621	101
48640	101
48681	101
48697	101
48713	101
48723	101
48752	101
48763	101
48774	101
48790	101
48804	101
48828	101
48839	101
48851	101
48856	101
48860	101
48887	101
48891	101
48897	101
48919	101
48964	101
48979	101
49006	101
49018	101
49060	101
49076	101
49093	101
49107	101
49116	101
49133	101
49138	101
49148	101
49176	101
49194	101
49201	101
49232	101
49241	101
49245	101
49255	101
49278	101
49285	101
49293	101
49301	101
49304	101
49334	101
49341	101
49348	101
49350	101
49352	101
49358	101
49371	101
49400	101
49413	101
49428	101
49429	101
49469	101
49491	101
49492	101
49502	101
49534	101
49548	101
49553	101
49573	101
49577	101
49580	101
49582	101
49584	101
49586	101
49606	101
49611	101
49619	101
49643	101
49644	101
49667	101
49671	101
49682	101
49739	101
49756	101
49759	101
49762	101
49784	101
49797	101
49799	101
49803	101
49826	101
49847	101
49869	101
49897	101
49901	101
49938	101
49939	101
49960	101
49965	101
49974	101
49979	101
49980	101
49981	101
49982	101
18	100
32	100
47	100
49	100
56	100
58	100
59	100
83	100
108	100
124	100
149	100
151	100
161	100
193	100
223	100
282	100
330	100
348	100
361	100
392	100
403	100
419	100
444	100
447	100
451	100
469	100
489	100
533	100
537	100
551	100
608	100
626	100
672	100
692	100
696	100
700	100
721	100
732	100
760	100
804	100
832	100
856	100
891	100
902	100
908	100
909	100
923	100
950	100
1002	100
1009	100
1020	100
1030	100
1033	100
1053	100
1101	100
1104	100
1108	100
1128	100
1135	100
1147	100
1148	100
1167	100
1176	100
1184	100
1192	100
1212	100
1258	100
1298	100
1384	100
1409	100
1436	100
1462	100
1482	100
1490	100
1497	100
1500	100
1513	100
1521	100
1522	100
1566	100
1568	100
1572	100
1577	100
1592	100
1608	100
1611	100
1636	100
1653	100
1666	100
1674	100
1695	100
1716	100
1727	100
1758	100
1764	100
1783	100
1791	100
1796	100
1831	100
1839	100
1847	100
1884	100
1900	100
1923	100
1937	100
1943	100
1944	100
1961	100
1973	100
1990	100
2019	100
2034	100
2043	100
2048	100
2068	100
2070	100
2088	100
2095	100
2103	100
2107	100
2120	100
2166	100
2167	100
2192	100
2209	100
2214	100
2227	100
2243	100
2264	100
2277	100
2301	100
2302	100
2350	100
2407	100
2427	100
2449	100
2472	100
2488	100
2517	100
2541	100
2577	100
2582	100
2608	100
2658	100
2671	100
2712	100
2769	100
2832	100
2854	100
2885	100
2897	100
2902	100
2903	100
2917	100
2943	100
2962	100
2965	100
3003	100
3044	100
3069	100
3075	100
3145	100
3161	100
3170	100
3173	100
3178	100
3187	100
3189	100
3205	100
3214	100
3218	100
3223	100
3240	100
3247	100
3264	100
3278	100
3297	100
3353	100
3357	100
3378	100
3409	100
3475	100
3499	100
3508	100
3512	100
3525	100
3541	100
3546	100
3553	100
3609	100
3612	100
3633	100
3654	100
3684	100
3687	100
3703	100
3711	100
3728	100
3804	100
3805	100
3895	100
3899	100
3925	100
3928	100
3948	100
3949	100
3954	100
3965	100
4012	100
4031	100
4041	100
4062	100
4073	100
4105	100
4106	100
4111	100
4129	100
4134	100
4142	100
4222	100
4226	100
4234	100
4258	100
4269	100
4275	100
4296	100
4297	100
4303	100
4319	100
4320	100
4376	100
4408	100
4448	100
4463	100
4489	100
4499	100
4511	100
4519	100
4534	100
4602	100
4611	100
4614	100
4626	100
4651	100
4662	100
4669	100
4675	100
4690	100
4706	100
4726	100
4746	100
4751	100
4758	100
4762	100
4775	100
4797	100
4804	100
4813	100
4865	100
4870	100
4883	100
4911	100
4924	100
4925	100
4947	100
4949	100
4966	100
4967	100
4969	100
4983	100
4998	100
5009	100
5068	100
5124	100
5128	100
5166	100
5187	100
5193	100
5194	100
5224	100
5263	100
5290	100
5296	100
5305	100
5334	100
5349	100
5358	100
5385	100
5391	100
5397	100
5425	100
5430	100
5436	100
5443	100
5466	100
5491	100
5514	100
5542	100
5557	100
5571	100
5632	100
5670	100
5677	100
5699	100
5729	100
5773	100
5790	100
5843	100
5855	100
5861	100
5876	100
5888	100
5889	100
5932	100
5947	100
5954	100
5970	100
5996	100
6021	100
6045	100
6139	100
6142	100
6148	100
6151	100
6160	100
6180	100
6186	100
6189	100
6206	100
6242	100
6309	100
6331	100
6355	100
6367	100
6371	100
6398	100
6406	100
6409	100
6475	100
6479	100
6485	100
6497	100
6500	100
6508	100
6523	100
6531	100
6534	100
6538	100
6548	100
6549	100
6572	100
6579	100
6615	100
6662	100
6666	100
6680	100
6706	100
6712	100
6718	100
6729	100
6765	100
6797	100
6830	100
6831	100
6845	100
6857	100
6863	100
6872	100
6896	100
6932	100
6934	100
6966	100
6983	100
7014	100
7042	100
7044	100
7086	100
7106	100
7151	100
7170	100
7208	100
7215	100
7243	100
7255	100
7272	100
7284	100
7293	100
7294	100
7320	100
7339	100
7356	100
7399	100
7405	100
7419	100
7437	100
7461	100
7469	100
7490	100
7514	100
7521	100
7525	100
7531	100
7551	100
7558	100
7578	100
7582	100
7611	100
7635	100
7644	100
7652	100
7679	100
7697	100
7699	100
7705	100
7708	100
7730	100
7738	100
7739	100
7752	100
7753	100
7765	100
7791	100
7797	100
7803	100
7808	100
7822	100
7827	100
7839	100
7850	100
7853	100
7859	100
7862	100
7891	100
7904	100
7958	100
7992	100
8003	100
8019	100
8027	100
8028	100
8090	100
8093	100
8102	100
8112	100
8119	100
8127	100
8142	100
8160	100
8195	100
8201	100
8233	100
8243	100
8250	100
8256	100
8263	100
8300	100
8304	100
8312	100
8319	100
8338	100
8361	100
8373	100
8392	100
8443	100
8471	100
8481	100
8496	100
8530	100
8534	100
8539	100
8547	100
8593	100
8600	100
8602	100
8639	100
8648	100
8664	100
8683	100
8713	100
8717	100
8739	100
8745	100
8753	100
8756	100
8770	100
8774	100
8804	100
8815	100
8818	100
8839	100
8842	100
8848	100
8893	100
8919	100
8950	100
8985	100
8996	100
9017	100
9046	100
9112	100
9124	100
9127	100
9157	100
9185	100
9188	100
9192	100
9204	100
9274	100
9277	100
9320	100
9344	100
9353	100
9355	100
9375	100
9379	100
9397	100
9398	100
9409	100
9459	100
9491	100
9505	100
9531	100
9564	100
9566	100
9598	100
9601	100
9610	100
9634	100
9675	100
9695	100
9726	100
9732	100
9743	100
9756	100
9761	100
9762	100
9775	100
9824	100
9834	100
9835	100
9862	100
9864	100
9882	100
9895	100
9912	100
9915	100
9942	100
9965	100
9969	100
9989	100
9999	100
10016	100
10034	100
10048	100
10061	100
10065	100
10084	100
10092	100
10122	100
10141	100
10146	100
10151	100
10156	100
10174	100
10185	100
10189	100
10209	100
10222	100
10254	100
10288	100
10292	100
10298	100
10309	100
10318	100
10326	100
10336	100
10345	100
10357	100
10403	100
10407	100
10443	100
10456	100
10469	100
10481	100
10483	100
10496	100
10520	100
10523	100
10531	100
10570	100
10637	100
10644	100
10646	100
10661	100
10699	100
10703	100
10707	100
10717	100
10749	100
10752	100
10789	100
10801	100
10817	100
10834	100
10840	100
10850	100
10863	100
10864	100
10868	100
10899	100
10904	100
10944	100
10957	100
10983	100
10998	100
11015	100
11031	100
11098	100
11099	100
11141	100
11169	100
11215	100
11216	100
11218	100
11223	100
11232	100
11233	100
11244	100
11255	100
11267	100
11287	100
11351	100
11401	100
11403	100
11406	100
11410	100
11429	100
11450	100
11469	100
11484	100
11515	100
11542	100
11544	100
11551	100
11581	100
11600	100
11606	100
11623	100
11636	100
11639	100
11652	100
11696	100
11746	100
11750	100
11790	100
11797	100
11807	100
11808	100
11820	100
11855	100
11863	100
11892	100
11913	100
11921	100
11936	100
11946	100
11968	100
12058	100
12066	100
12084	100
12087	100
12092	100
12094	100
12098	100
12129	100
12156	100
12157	100
12167	100
12171	100
12184	100
12188	100
12195	100
12215	100
12233	100
12241	100
12250	100
12272	100
12273	100
12275	100
12280	100
12288	100
12317	100
12324	100
12335	100
12339	100
12367	100
12371	100
12380	100
12398	100
12449	100
12473	100
12482	100
12523	100
12581	100
12589	100
12596	100
12597	100
12600	100
12605	100
12622	100
12629	100
12638	100
12668	100
12675	100
12687	100
12714	100
12717	100
12729	100
12735	100
12736	100
12752	100
12756	100
12773	100
12822	100
12830	100
12835	100
12862	100
12893	100
12900	100
12913	100
12960	100
12965	100
12981	100
12983	100
12996	100
13047	100
13056	100
13065	100
13127	100
13148	100
13151	100
13161	100
13177	100
13182	100
13202	100
13210	100
13225	100
13230	100
13234	100
13241	100
13249	100
13278	100
13304	100
13306	100
13335	100
13394	100
13399	100
13439	100
13461	100
13470	100
13492	100
13507	100
13528	100
13557	100
13561	100
13582	100
13593	100
13594	100
13602	100
13610	100
13622	100
13627	100
13715	100
13725	100
13745	100
13749	100
13766	100
13783	100
13800	100
13814	100
13847	100
13855	100
13877	100
13883	100
13891	100
13899	100
13903	100
13950	100
13967	100
13990	100
13997	100
14038	100
14084	100
14147	100
14155	100
14157	100
14186	100
14205	100
14220	100
14221	100
14223	100
14225	100
14252	100
14264	100
14276	100
14290	100
14291	100
14303	100
14315	100
14316	100
14325	100
14357	100
14364	100
14368	100
14376	100
14383	100
14402	100
14410	100
14413	100
14437	100
14458	100
14464	100
14488	100
14508	100
14511	100
14513	100
14525	100
14538	100
14541	100
14551	100
14582	100
14628	100
14657	100
14658	100
14665	100
14698	100
14715	100
14783	100
14788	100
14793	100
14802	100
14817	100
14826	100
14834	100
14837	100
14854	100
14866	100
14870	100
14900	100
14904	100
14915	100
14924	100
14952	100
14961	100
14974	100
14976	100
14977	100
15040	100
15120	100
15173	100
15179	100
15215	100
15243	100
15258	100
15279	100
15285	100
15288	100
15305	100
15324	100
15339	100
15373	100
15382	100
15393	100
15394	100
15419	100
15456	100
15472	100
15490	100
15511	100
15572	100
15589	100
15607	100
15616	100
15626	100
15631	100
15633	100
15650	100
15656	100
15669	100
15695	100
15711	100
15712	100
15719	100
15723	100
15791	100
15799	100
15805	100
15828	100
15878	100
15898	100
15901	100
15935	100
15954	100
15963	100
15977	100
15983	100
15996	100
16021	100
16022	100
16032	100
16047	100
16053	100
16086	100
16099	100
16136	100
16144	100
16152	100
16171	100
16177	100
16180	100
16213	100
16224	100
16231	100
16240	100
16255	100
16259	100
16260	100
16268	100
16277	100
16284	100
16319	100
16334	100
16339	100
16347	100
16348	100
16349	100
16365	100
16382	100
16386	100
16391	100
16449	100
16459	100
16557	100
16561	100
16564	100
16583	100
16586	100
16598	100
16603	100
16689	100
16696	100
16702	100
16712	100
16733	100
16737	100
16742	100
16744	100
16749	100
16750	100
16784	100
16793	100
16804	100
16805	100
16826	100
16831	100
16832	100
16838	100
16859	100
16874	100
16889	100
16902	100
16959	100
16960	100
16964	100
16984	100
16992	100
16994	100
17000	100
17028	100
17045	100
17077	100
17088	100
17105	100
17125	100
17172	100
17175	100
17227	100
17248	100
17268	100
17272	100
17299	100
17303	100
17343	100
17346	100
17380	100
17406	100
17476	100
17486	100
17492	100
17515	100
17550	100
17563	100
17577	100
17578	100
17616	100
17641	100
17670	100
17673	100
17699	100
17709	100
17733	100
17756	100
17757	100
17774	100
17783	100
17785	100
17795	100
17798	100
17799	100
17804	100
17807	100
17814	100
17848	100
17913	100
17921	100
17930	100
17945	100
17967	100
17973	100
17981	100
18002	100
18043	100
18054	100
18056	100
18094	100
18105	100
18109	100
18114	100
18115	100
18133	100
18157	100
18182	100
18191	100
18218	100
18233	100
18271	100
18274	100
18282	100
18339	100
18348	100
18355	100
18368	100
18369	100
18395	100
18425	100
18474	100
18478	100
18504	100
18507	100
18531	100
18542	100
18609	100
18614	100
18638	100
18641	100
18646	100
18655	100
18669	100
18688	100
18693	100
18754	100
18778	100
18791	100
18795	100
18831	100
18837	100
18857	100
18862	100
18866	100
18900	100
18958	100
18967	100
18970	100
18996	100
19002	100
19004	100
19026	100
19061	100
19069	100
19074	100
19076	100
19087	100
19091	100
19100	100
19108	100
19129	100
19147	100
19161	100
19163	100
19187	100
19212	100
19231	100
19270	100
19280	100
19334	100
19335	100
19364	100
19390	100
19416	100
19418	100
19465	100
19478	100
19485	100
19506	100
19524	100
19568	100
19572	100
19620	100
19637	100
19645	100
19659	100
19663	100
19676	100
19679	100
19686	100
19692	100
19701	100
19713	100
19741	100
19752	100
19766	100
19788	100
19790	100
19820	100
19832	100
19852	100
19884	100
19890	100
19937	100
19966	100
19969	100
19981	100
19988	100
20010	100
20073	100
20098	100
20120	100
20132	100
20159	100
20170	100
20183	100
20188	100
20202	100
20217	100
20225	100
20227	100
20237	100
20248	100
20250	100
20252	100
20283	100
20290	100
20293	100
20299	100
20310	100
20328	100
20344	100
20390	100
20399	100
20430	100
20441	100
20442	100
20458	100
20467	100
20506	100
20515	100
20549	100
20561	100
20571	100
20573	100
20583	100
20627	100
20638	100
20673	100
20684	100
20696	100
20713	100
20722	100
20746	100
20757	100
20761	100
20806	100
20810	100
20812	100
20844	100
20869	100
20878	100
20898	100
20908	100
20936	100
20949	100
20951	100
20962	100
21029	100
21030	100
21034	100
21035	100
21045	100
21047	100
21074	100
21096	100
21115	100
21140	100
21142	100
21163	100
21213	100
21237	100
21239	100
21277	100
21292	100
21327	100
21339	100
21341	100
21356	100
21387	100
21398	100
21416	100
21419	100
21422	100
21434	100
21446	100
21459	100
21471	100
21522	100
21524	100
21533	100
21541	100
21545	100
21547	100
21571	100
21641	100
21687	100
21689	100
21763	100
21774	100
21805	100
21807	100
21829	100
21838	100
21845	100
21859	100
21861	100
21886	100
21926	100
21995	100
22006	100
22012	100
22022	100
22034	100
22057	100
22078	100
22082	100
22094	100
22108	100
22115	100
22119	100
22120	100
22130	100
22131	100
22154	100
22161	100
22172	100
22184	100
22195	100
22227	100
22238	100
22241	100
22268	100
22274	100
22287	100
22341	100
22344	100
22360	100
22369	100
22379	100
22390	100
22403	100
22415	100
22416	100
22438	100
22464	100
22468	100
22490	100
22504	100
22536	100
22537	100
22557	100
22563	100
22575	100
22602	100
22649	100
22696	100
22706	100
22735	100
22740	100
22749	100
22752	100
22772	100
22817	100
22821	100
22832	100
22866	100
22887	100
22898	100
22912	100
22916	100
22920	100
22925	100
22934	100
22935	100
22956	100
22967	100
22995	100
22999	100
23021	100
23035	100
23049	100
23102	100
23111	100
23112	100
23167	100
23202	100
23214	100
23218	100
23225	100
23263	100
23280	100
23291	100
23295	100
23308	100
23330	100
23342	100
23353	100
23421	100
23432	100
23453	100
23480	100
23500	100
23514	100
23551	100
23560	100
23562	100
23580	100
23587	100
23592	100
23622	100
23637	100
23664	100
23669	100
23694	100
23695	100
23702	100
23802	100
23830	100
23865	100
23870	100
23926	100
23927	100
23995	100
24011	100
24018	100
24022	100
24024	100
24032	100
24039	100
24060	100
24075	100
24095	100
24107	100
24128	100
24157	100
24164	100
24210	100
24221	100
24238	100
24246	100
24252	100
24260	100
24318	100
24344	100
24377	100
24424	100
24432	100
24436	100
24442	100
24453	100
24454	100
24466	100
24490	100
24495	100
24515	100
24520	100
24537	100
24543	100
24552	100
24563	100
24584	100
24588	100
24589	100
24591	100
24639	100
24673	100
24697	100
24703	100
24705	100
24707	100
24718	100
24722	100
24727	100
24738	100
24755	100
24765	100
24803	100
24808	100
24810	100
24814	100
24820	100
24839	100
24841	100
24877	100
24890	100
24891	100
24898	100
24933	100
24943	100
24974	100
24977	100
24979	100
24987	100
24992	100
25041	100
25078	100
25163	100
25192	100
25196	100
25202	100
25209	100
25250	100
25280	100
25298	100
25306	100
25307	100
25315	100
25373	100
25395	100
25397	100
25421	100
25440	100
25453	100
25462	100
25496	100
25505	100
25522	100
25532	100
25542	100
25567	100
25634	100
25642	100
25644	100
25647	100
25665	100
25684	100
25693	100
25704	100
25718	100
25725	100
25735	100
25740	100
25741	100
25749	100
25752	100
25774	100
25830	100
25863	100
25871	100
25902	100
25909	100
25927	100
25973	100
25982	100
25995	100
26000	100
26002	100
26010	100
26032	100
26055	100
26077	100
26083	100
26090	100
26162	100
26167	100
26177	100
26179	100
26190	100
26191	100
26192	100
26199	100
26242	100
26244	100
26279	100
26286	100
26301	100
26328	100
26332	100
26344	100
26346	100
26357	100
26366	100
26370	100
26386	100
26393	100
26396	100
26414	100
26462	100
26481	100
26482	100
26488	100
26499	100
26516	100
26562	100
26568	100
26573	100
26601	100
26604	100
26609	100
26618	100
26621	100
26636	100
26638	100
26653	100
26654	100
26657	100
26664	100
26696	100
26750	100
26757	100
26764	100
26772	100
26806	100
26822	100
26827	100
26859	100
26866	100
26873	100
26929	100
26939	100
26948	100
26952	100
26957	100
26984	100
27000	100
27007	100
27037	100
27041	100
27085	100
27098	100
27101	100
27114	100
27148	100
27161	100
27166	100
27174	100
27178	100
27193	100
27203	100
27218	100
27236	100
27240	100
27264	100
27302	100
27340	100
27361	100
27374	100
27413	100
27454	100
27458	100
27474	100
27501	100
27515	100
27517	100
27543	100
27545	100
27568	100
27669	100
27678	100
27698	100
27702	100
27723	100
27741	100
27767	100
27783	100
27803	100
27806	100
27807	100
27822	100
27826	100
27863	100
27911	100
27914	100
27933	100
27956	100
27977	100
27991	100
28000	100
28012	100
28014	100
28024	100
28052	100
28057	100
28065	100
28067	100
28137	100
28142	100
28145	100
28146	100
28152	100
28153	100
28167	100
28217	100
28218	100
28232	100
28256	100
28282	100
28297	100
28305	100
28307	100
28314	100
28316	100
28317	100
28321	100
28354	100
28370	100
28378	100
28431	100
28438	100
28485	100
28502	100
28516	100
28519	100
28535	100
28549	100
28554	100
28597	100
28615	100
28635	100
28636	100
28676	100
28699	100
28706	100
28761	100
28767	100
28842	100
28862	100
28878	100
28888	100
28890	100
28894	100
28902	100
28906	100
28925	100
28946	100
28952	100
28959	100
28994	100
29063	100
29067	100
29069	100
29099	100
29111	100
29122	100
29181	100
29182	100
29187	100
29192	100
29200	100
29209	100
29215	100
29223	100
29238	100
29257	100
29261	100
29318	100
29331	100
29342	100
29348	100
29375	100
29385	100
29400	100
29408	100
29511	100
29536	100
29552	100
29558	100
29588	100
29598	100
29602	100
29615	100
29616	100
29621	100
29627	100
29653	100
29659	100
29675	100
29685	100
29686	100
29687	100
29701	100
29732	100
29759	100
29816	100
29838	100
29852	100
29870	100
29882	100
29903	100
29904	100
29943	100
29953	100
29970	100
29982	100
29989	100
30011	100
30014	100
30027	100
30035	100
30062	100
30113	100
30142	100
30152	100
30183	100
30184	100
30199	100
30283	100
30285	100
30296	100
30340	100
30345	100
30387	100
30395	100
30411	100
30422	100
30457	100
30470	100
30487	100
30492	100
30496	100
30514	100
30520	100
30521	100
30522	100
30553	100
30554	100
30563	100
30567	100
30579	100
30586	100
30596	100
30609	100
30613	100
30632	100
30635	100
30674	100
30751	100
30783	100
30799	100
30813	100
30817	100
30834	100
30841	100
30856	100
30863	100
30868	100
30886	100
30908	100
30925	100
30932	100
31018	100
31021	100
31024	100
31075	100
31088	100
31126	100
31154	100
31263	100
31275	100
31291	100
31294	100
31327	100
31337	100
31349	100
31361	100
31397	100
31425	100
31428	100
31441	100
31465	100
31490	100
31497	100
31501	100
31504	100
31507	100
31509	100
31516	100
31522	100
31536	100
31562	100
31586	100
31588	100
31594	100
31627	100
31662	100
31669	100
31693	100
31700	100
31718	100
31728	100
31763	100
31769	100
31799	100
31821	100
31832	100
31837	100
31841	100
31852	100
31863	100
31887	100
31922	100
31945	100
31961	100
31978	100
31979	100
32008	100
32037	100
32063	100
32106	100
32117	100
32128	100
32136	100
32152	100
32182	100
32193	100
32198	100
32207	100
32222	100
32240	100
32253	100
32257	100
32279	100
32284	100
32297	100
32326	100
32332	100
32390	100
32419	100
32472	100
32497	100
32519	100
32520	100
32521	100
32533	100
32549	100
32608	100
32640	100
32659	100
32682	100
32695	100
32730	100
32755	100
32775	100
32800	100
32803	100
32809	100
32817	100
32857	100
32885	100
32909	100
32932	100
32964	100
32987	100
32990	100
33002	100
33044	100
33045	100
33060	100
33093	100
33100	100
33122	100
33124	100
33131	100
33174	100
33201	100
33209	100
33250	100
33254	100
33275	100
33277	100
33295	100
33317	100
33339	100
33360	100
33378	100
33383	100
33384	100
33397	100
33409	100
33433	100
33470	100
33546	100
33559	100
33567	100
33594	100
33595	100
33630	100
33666	100
33672	100
33677	100
33711	100
33721	100
33737	100
33741	100
33773	100
33778	100
33790	100
33813	100
33818	100
33845	100
33859	100
33861	100
33868	100
33927	100
33980	100
34006	100
34015	100
34035	100
34050	100
34131	100
34236	100
34237	100
34248	100
34249	100
34250	100
34252	100
34253	100
34275	100
34291	100
34304	100
34326	100
34341	100
34357	100
34415	100
34437	100
34447	100
34461	100
34484	100
34500	100
34504	100
34507	100
34521	100
34525	100
34547	100
34574	100
34596	100
34598	100
34607	100
34611	100
34638	100
34664	100
34665	100
34691	100
34721	100
34733	100
34751	100
34770	100
34784	100
34814	100
34874	100
34885	100
34906	100
34908	100
34911	100
34917	100
34936	100
34945	100
34946	100
34949	100
34965	100
34971	100
34975	100
34997	100
35013	100
35016	100
35033	100
35034	100
35037	100
35043	100
35047	100
35059	100
35091	100
35094	100
35140	100
35150	100
35151	100
35183	100
35204	100
35246	100
35272	100
35279	100
35300	100
35304	100
35305	100
35308	100
35337	100
35340	100
35348	100
35351	100
35353	100
35358	100
35359	100
35375	100
35388	100
35389	100
35394	100
35412	100
35437	100
35443	100
35526	100
35561	100
35613	100
35614	100
35621	100
35638	100
35678	100
35683	100
35698	100
35720	100
35743	100
35752	100
35770	100
35781	100
35787	100
35788	100
35800	100
35811	100
35812	100
35829	100
35857	100
35868	100
35881	100
35894	100
35915	100
35926	100
35985	100
36000	100
36012	100
36016	100
36047	100
36057	100
36067	100
36071	100
36108	100
36113	100
36123	100
36133	100
36138	100
36139	100
36148	100
36150	100
36173	100
36184	100
36211	100
36223	100
36225	100
36231	100
36239	100
36244	100
36256	100
36280	100
36295	100
36328	100
36340	100
36356	100
36368	100
36375	100
36382	100
36409	100
36413	100
36418	100
36481	100
36495	100
36530	100
36568	100
36580	100
36583	100
36584	100
36587	100
36588	100
36600	100
36603	100
36613	100
36637	100
36670	100
36673	100
36695	100
36697	100
36712	100
36748	100
36755	100
36757	100
36770	100
36791	100
36794	100
36796	100
36801	100
36808	100
36812	100
36815	100
36837	100
36845	100
36849	100
36854	100
36858	100
36862	100
36872	100
36884	100
36901	100
36902	100
36917	100
36931	100
36933	100
36940	100
36945	100
36959	100
36965	100
36969	100
36977	100
36980	100
37006	100
37022	100
37035	100
37044	100
37075	100
37083	100
37084	100
37090	100
37147	100
37167	100
37169	100
37180	100
37189	100
37251	100
37256	100
37262	100
37263	100
37269	100
37292	100
37294	100
37300	100
37303	100
37327	100
37329	100
37359	100
37368	100
37378	100
37382	100
37388	100
37401	100
37424	100
37428	100
37454	100
37458	100
37471	100
37472	100
37476	100
37511	100
37528	100
37573	100
37577	100
37579	100
37582	100
37590	100
37594	100
37623	100
37626	100
37633	100
37650	100
37658	100
37664	100
37678	100
37710	100
37719	100
37723	100
37743	100
37765	100
37767	100
37779	100
37790	100
37791	100
37817	100
37854	100
37894	100
37905	100
37908	100
37909	100
37914	100
37929	100
37930	100
37975	100
37984	100
38084	100
38087	100
38147	100
38177	100
38222	100
38280	100
38349	100
38354	100
38361	100
38362	100
38402	100
38415	100
38423	100
38441	100
38444	100
38453	100
38493	100
38510	100
38535	100
38543	100
38577	100
38611	100
38621	100
38631	100
38642	100
38664	100
38689	100
38695	100
38712	100
38741	100
38751	100
38769	100
38773	100
38779	100
38782	100
38791	100
38814	100
38853	100
38856	100
38861	100
38877	100
38883	100
38890	100
38892	100
38893	100
38910	100
38948	100
38959	100
38977	100
39005	100
39015	100
39028	100
39031	100
39043	100
39048	100
39078	100
39089	100
39101	100
39108	100
39116	100
39142	100
39151	100
39167	100
39228	100
39230	100
39258	100
39304	100
39305	100
39340	100
39346	100
39366	100
39368	100
39378	100
39418	100
39444	100
39445	100
39451	100
39473	100
39475	100
39522	100
39559	100
39567	100
39570	100
39575	100
39587	100
39596	100
39599	100
39600	100
39635	100
39653	100
39658	100
39664	100
39674	100
39685	100
39700	100
39817	100
39822	100
39823	100
39842	100
39845	100
39851	100
39863	100
39872	100
39873	100
39900	100
39904	100
39933	100
39949	100
39956	100
39958	100
39963	100
39970	100
39977	100
39988	100
40021	100
40028	100
40045	100
40049	100
40052	100
40053	100
40055	100
40066	100
40078	100
40085	100
40096	100
40136	100
40184	100
40199	100
40201	100
40232	100
40267	100
40270	100
40279	100
40298	100
40307	100
40319	100
40343	100
40415	100
40459	100
40464	100
40471	100
40477	100
40492	100
40518	100
40559	100
40594	100
40638	100
40653	100
40665	100
40666	100
40700	100
40726	100
40745	100
40759	100
40762	100
40771	100
40813	100
40855	100
40884	100
40968	100
40982	100
40984	100
40996	100
41012	100
41020	100
41042	100
41058	100
41125	100
41136	100
41151	100
41157	100
41167	100
41177	100
41188	100
41195	100
41201	100
41208	100
41209	100
41212	100
41213	100
41261	100
41273	100
41307	100
41318	100
41321	100
41356	100
41366	100
41411	100
41415	100
41442	100
41451	100
41454	100
41455	100
41462	100
41466	100
41467	100
41480	100
41496	100
41522	100
41551	100
41586	100
41610	100
41614	100
41648	100
41659	100
41661	100
41666	100
41699	100
41706	100
41711	100
41720	100
41725	100
41758	100
41767	100
41786	100
41789	100
41870	100
41875	100
41882	100
41885	100
41895	100
41909	100
41947	100
41958	100
41974	100
41981	100
41992	100
42022	100
42052	100
42069	100
42092	100
42106	100
42141	100
42144	100
42194	100
42209	100
42214	100
42243	100
42250	100
42257	100
42273	100
42279	100
42313	100
42354	100
42357	100
42361	100
42398	100
42410	100
42447	100
42465	100
42491	100
42550	100
42574	100
42596	100
42611	100
42622	100
42626	100
42646	100
42650	100
42658	100
42662	100
42699	100
42710	100
42736	100
42755	100
42786	100
42809	100
42839	100
42841	100
42859	100
42914	100
42933	100
42941	100
42944	100
42945	100
42962	100
43015	100
43023	100
43069	100
43079	100
43080	100
43081	100
43089	100
43090	100
43096	100
43136	100
43150	100
43157	100
43182	100
43187	100
43197	100
43198	100
43283	100
43299	100
43320	100
43334	100
43350	100
43374	100
43392	100
43410	100
43421	100
43429	100
43437	100
43460	100
43466	100
43481	100
43489	100
43494	100
43533	100
43540	100
43573	100
43576	100
43588	100
43600	100
43609	100
43613	100
43624	100
43637	100
43647	100
43664	100
43677	100
43686	100
43693	100
43700	100
43727	100
43730	100
43743	100
43767	100
43777	100
43789	100
43797	100
43799	100
43803	100
43810	100
43836	100
43844	100
43878	100
43881	100
43903	100
43910	100
43912	100
43938	100
43948	100
43955	100
43963	100
43996	100
44032	100
44040	100
44045	100
44065	100
44066	100
44110	100
44111	100
44114	100
44116	100
44152	100
44156	100
44166	100
44193	100
44196	100
44207	100
44227	100
44241	100
44246	100
44285	100
44288	100
44299	100
44312	100
44314	100
44336	100
44363	100
44364	100
44386	100
44388	100
44399	100
44450	100
44506	100
44518	100
44572	100
44580	100
44582	100
44593	100
44604	100
44615	100
44666	100
44670	100
44701	100
44725	100
44756	100
44779	100
44781	100
44788	100
44799	100
44818	100
44831	100
44832	100
44901	100
44912	100
44913	100
44915	100
44922	100
44971	100
45019	100
45029	100
45040	100
45047	100
45052	100
45054	100
45056	100
45096	100
45130	100
45142	100
45149	100
45176	100
45204	100
45209	100
45223	100
45224	100
45239	100
45241	100
45267	100
45275	100
45295	100
45330	100
45339	100
45346	100
45389	100
45393	100
45418	100
45437	100
45439	100
45448	100
45454	100
45457	100
45468	100
45469	100
45471	100
45487	100
45498	100
45511	100
45520	100
45559	100
45581	100
45583	100
45604	100
45654	100
45658	100
45662	100
45676	100
45685	100
45710	100
45712	100
45759	100
45768	100
45775	100
45782	100
45811	100
45839	100
45875	100
45915	100
45932	100
45960	100
45972	100
45976	100
45996	100
46013	100
46025	100
46027	100
46034	100
46037	100
46090	100
46106	100
46119	100
46120	100
46150	100
46169	100
46184	100
46197	100
46208	100
46244	100
46269	100
46277	100
46298	100
46306	100
46318	100
46323	100
46325	100
46338	100
46341	100
46348	100
46349	100
46404	100
46406	100
46424	100
46442	100
46462	100
46475	100
46478	100
46488	100
46523	100
46528	100
46537	100
46540	100
46571	100
46579	100
46581	100
46584	100
46606	100
46647	100
46663	100
46678	100
46679	100
46706	100
46727	100
46761	100
46779	100
46869	100
46872	100
46878	100
46937	100
46942	100
46950	100
46971	100
47001	100
47019	100
47023	100
47030	100
47056	100
47090	100
47113	100
47133	100
47144	100
47159	100
47172	100
47198	100
47199	100
47201	100
47207	100
47231	100
47273	100
47309	100
47315	100
47318	100
47345	100
47353	100
47360	100
47362	100
47381	100
47383	100
47396	100
47417	100
47436	100
47462	100
47463	100
47483	100
47491	100
47566	100
47580	100
47610	100
47622	100
47643	100
47655	100
47679	100
47698	100
47709	100
47723	100
47738	100
47747	100
47790	100
47800	100
47802	100
47817	100
47834	100
47864	100
47865	100
47866	100
47931	100
47934	100
47941	100
47942	100
47947	100
47950	100
47957	100
47960	100
47967	100
47984	100
47987	100
47999	100
48025	100
48068	100
48118	100
48125	100
48126	100
48137	100
48144	100
48166	100
48168	100
48173	100
48198	100
48211	100
48217	100
48235	100
48244	100
48254	100
48259	100
48268	100
48276	100
48284	100
48370	100
48371	100
48390	100
48414	100
48438	100
48451	100
48458	100
48469	100
48477	100
48493	100
48499	100
48515	100
48533	100
48534	100
48643	100
48659	100
48662	100
48666	100
48672	100
48684	100
48700	100
48730	100
48742	100
48750	100
48751	100
48765	100
48780	100
48791	100
48792	100
48793	100
48821	100
48831	100
48850	100
48865	100
48872	100
48893	100
48935	100
48947	100
48961	100
48970	100
48971	100
49001	100
49002	100
49003	100
49004	100
49011	100
49045	100
49058	100
49062	100
49074	100
49084	100
49108	100
49109	100
49123	100
49125	100
49137	100
49142	100
49144	100
49210	100
49228	100
49234	100
49250	100
49252	100
49261	100
49276	100
49284	100
49291	100
49294	100
49314	100
49326	100
49395	100
49434	100
49437	100
49463	100
49479	100
49529	100
49546	100
49550	100
49559	100
49567	100
49621	100
49649	100
49670	100
49673	100
49689	100
49702	100
49721	100
49761	100
49763	100
49766	100
49767	100
49806	100
49813	100
49852	100
49867	100
49886	100
49911	100
49914	100
49947	100
49973	100
49988	100
49995	100
9	99
28	99
36	99
107	99
156	99
162	99
211	99
268	99
280	99
306	99
322	99
342	99
345	99
350	99
352	99
384	99
398	99
411	99
418	99
436	99
440	99
477	99
539	99
541	99
556	99
571	99
579	99
580	99
628	99
677	99
714	99
720	99
800	99
823	99
831	99
871	99
880	99
911	99
936	99
946	99
964	99
965	99
974	99
984	99
1006	99
1048	99
1068	99
1084	99
1107	99
1159	99
1170	99
1188	99
1190	99
1216	99
1241	99
1250	99
1276	99
1292	99
1322	99
1378	99
1402	99
1457	99
1517	99
1535	99
1544	99
1561	99
1563	99
1565	99
1641	99
1678	99
1711	99
1740	99
1745	99
1751	99
1753	99
1770	99
1794	99
1805	99
1832	99
1848	99
1856	99
1914	99
1924	99
1927	99
2013	99
2061	99
2124	99
2159	99
2229	99
2273	99
2282	99
2283	99
2285	99
2298	99
2312	99
2315	99
2342	99
2343	99
2388	99
2390	99
2399	99
2411	99
2414	99
2434	99
2435	99
2437	99
2462	99
2543	99
2552	99
2594	99
2618	99
2663	99
2676	99
2686	99
2695	99
2732	99
2744	99
2751	99
2765	99
2766	99
2768	99
2780	99
2794	99
2834	99
2874	99
2875	99
2990	99
3064	99
3068	99
3072	99
3133	99
3175	99
3220	99
3244	99
3287	99
3327	99
3335	99
3358	99
3359	99
3363	99
3373	99
3427	99
3428	99
3492	99
3506	99
3540	99
3631	99
3645	99
3677	99
3692	99
3695	99
3709	99
3782	99
3831	99
3838	99
3841	99
3850	99
3859	99
3885	99
3904	99
3916	99
3941	99
3962	99
3973	99
3989	99
4009	99
4047	99
4104	99
4108	99
4123	99
4141	99
4173	99
4176	99
4202	99
4208	99
4219	99
4240	99
4308	99
4312	99
4356	99
4367	99
4375	99
4395	99
4467	99
4502	99
4506	99
4516	99
4616	99
4631	99
4634	99
4663	99
4689	99
4692	99
4739	99
4752	99
4783	99
4787	99
4826	99
4843	99
4862	99
4904	99
4912	99
4929	99
4933	99
4968	99
4978	99
4984	99
4986	99
5004	99
5067	99
5085	99
5111	99
5199	99
5208	99
5231	99
5347	99
5431	99
5440	99
5446	99
5457	99
5465	99
5528	99
5569	99
5607	99
5626	99
5648	99
5655	99
5656	99
5657	99
5680	99
5693	99
5723	99
5814	99
5842	99
5865	99
5881	99
5900	99
5969	99
5998	99
6010	99
6039	99
6040	99
6043	99
6067	99
6129	99
6159	99
6183	99
6230	99
6265	99
6282	99
6294	99
6298	99
6302	99
6343	99
6362	99
6373	99
6374	99
6443	99
6457	99
6470	99
6504	99
6519	99
6525	99
6532	99
6546	99
6576	99
6596	99
6604	99
6610	99
6628	99
6659	99
6671	99
6686	99
6735	99
6742	99
6750	99
6761	99
6766	99
6770	99
6793	99
6800	99
6814	99
6826	99
6827	99
6835	99
6849	99
6877	99
6882	99
6914	99
6923	99
6950	99
6970	99
6976	99
6982	99
6991	99
7020	99
7161	99
7163	99
7197	99
7236	99
7259	99
7286	99
7288	99
7331	99
7340	99
7342	99
7351	99
7390	99
7392	99
7450	99
7456	99
7489	99
7497	99
7519	99
7537	99
7541	99
7544	99
7545	99
7618	99
7657	99
7696	99
7701	99
7713	99
7714	99
7715	99
7754	99
7759	99
7762	99
7769	99
7794	99
7816	99
7821	99
7825	99
7828	99
7843	99
7860	99
7872	99
7971	99
7980	99
7981	99
7998	99
8050	99
8087	99
8096	99
8100	99
8143	99
8151	99
8176	99
8204	99
8208	99
8214	99
8235	99
8266	99
8294	99
8296	99
8322	99
8335	99
8344	99
8405	99
8446	99
8508	99
8517	99
8558	99
8574	99
8575	99
8613	99
8662	99
8795	99
8800	99
8813	99
8831	99
8840	99
8908	99
8999	99
9051	99
9069	99
9087	99
9119	99
9221	99
9293	99
9307	99
9456	99
9493	99
9545	99
9629	99
9693	99
9722	99
9742	99
9752	99
9758	99
9791	99
9793	99
9829	99
9838	99
9848	99
9850	99
9869	99
9885	99
9887	99
9917	99
9932	99
9955	99
9984	99
10076	99
10078	99
10180	99
10198	99
10243	99
10284	99
10310	99
10334	99
10346	99
10401	99
10430	99
10433	99
10434	99
10453	99
10457	99
10467	99
10514	99
10574	99
10575	99
10584	99
10594	99
10625	99
10649	99
10662	99
10689	99
10690	99
10718	99
10722	99
10732	99
10735	99
10739	99
10770	99
10776	99
10777	99
10804	99
10811	99
10814	99
10827	99
10831	99
10880	99
10890	99
10905	99
10922	99
10929	99
10976	99
11044	99
11050	99
11051	99
11056	99
11059	99
11104	99
11114	99
11126	99
11166	99
11253	99
11257	99
11272	99
11280	99
11301	99
11348	99
11383	99
11402	99
11415	99
11434	99
11442	99
11464	99
11479	99
11490	99
11500	99
11519	99
11550	99
11571	99
11582	99
11583	99
11614	99
11624	99
11635	99
11649	99
11668	99
11675	99
11711	99
11724	99
11743	99
11767	99
11789	99
11814	99
11846	99
11849	99
11856	99
11861	99
11869	99
11870	99
11899	99
11914	99
11920	99
11976	99
11986	99
11996	99
12009	99
12018	99
12022	99
12038	99
12054	99
12065	99
12081	99
12088	99
12101	99
12103	99
12107	99
12111	99
12125	99
12128	99
12132	99
12189	99
12198	99
12289	99
12299	99
12312	99
12331	99
12334	99
12345	99
12349	99
12396	99
12445	99
12467	99
12496	99
12530	99
12535	99
12542	99
12553	99
12561	99
12615	99
12633	99
12641	99
12656	99
12667	99
12673	99
12692	99
12699	99
12725	99
12762	99
12772	99
12777	99
12811	99
12812	99
12904	99
13090	99
13102	99
13107	99
13133	99
13152	99
13272	99
13279	99
13380	99
13383	99
13422	99
13457	99
13478	99
13479	99
13516	99
13522	99
13552	99
13579	99
13645	99
13672	99
13721	99
13737	99
13756	99
13842	99
13869	99
13915	99
13942	99
13959	99
14000	99
14002	99
14022	99
14023	99
14048	99
14087	99
14109	99
14134	99
14165	99
14188	99
14244	99
14340	99
14365	99
14387	99
14395	99
14408	99
14412	99
14421	99
14461	99
14485	99
14518	99
14519	99
14621	99
14639	99
14670	99
14784	99
14786	99
14852	99
14875	99
14883	99
14928	99
14931	99
14946	99
14964	99
15013	99
15023	99
15032	99
15037	99
15038	99
15050	99
15057	99
15081	99
15095	99
15096	99
15104	99
15125	99
15132	99
15133	99
15137	99
15208	99
15214	99
15221	99
15263	99
15267	99
15303	99
15310	99
15329	99
15335	99
15381	99
15398	99
15409	99
15424	99
15512	99
15532	99
15554	99
15555	99
15561	99
15563	99
15564	99
15567	99
15576	99
15620	99
15644	99
15647	99
15717	99
15772	99
15781	99
15866	99
15945	99
15957	99
15979	99
16003	99
16077	99
16109	99
16116	99
16129	99
16149	99
16193	99
16236	99
16253	99
16310	99
16314	99
16404	99
16433	99
16472	99
16484	99
16510	99
16529	99
16536	99
16574	99
16592	99
16623	99
16649	99
16686	99
16710	99
16724	99
16755	99
16756	99
16761	99
16788	99
16848	99
16883	99
16903	99
17029	99
17065	99
17132	99
17138	99
17152	99
17162	99
17182	99
17215	99
17220	99
17265	99
17267	99
17296	99
17306	99
17307	99
17353	99
17389	99
17396	99
17400	99
17437	99
17441	99
17454	99
17459	99
17471	99
17502	99
17519	99
17547	99
17580	99
17586	99
17589	99
17608	99
17617	99
17647	99
17653	99
17667	99
17702	99
17713	99
17730	99
17735	99
17769	99
17818	99
17825	99
17834	99
17876	99
17934	99
17951	99
18003	99
18132	99
18167	99
18175	99
18206	99
18244	99
18260	99
18287	99
18308	99
18319	99
18387	99
18391	99
18510	99
18548	99
18558	99
18564	99
18569	99
18571	99
18628	99
18653	99
18678	99
18702	99
18712	99
18747	99
18772	99
18789	99
18797	99
18805	99
18815	99
18843	99
18856	99
18864	99
18868	99
18876	99
18881	99
18895	99
18923	99
18939	99
18942	99
18953	99
18991	99
18992	99
19038	99
19048	99
19104	99
19110	99
19128	99
19133	99
19173	99
19184	99
19297	99
19301	99
19326	99
19357	99
19361	99
19397	99
19399	99
19476	99
19495	99
19507	99
19531	99
19548	99
19556	99
19574	99
19576	99
19580	99
19602	99
19614	99
19616	99
19646	99
19677	99
19695	99
19714	99
19715	99
19755	99
19759	99
19760	99
19771	99
19779	99
19782	99
19806	99
19877	99
19888	99
19904	99
19926	99
19960	99
19976	99
20006	99
20052	99
20085	99
20133	99
20136	99
20210	99
20221	99
20228	99
20239	99
20257	99
20260	99
20263	99
20264	99
20297	99
20308	99
20314	99
20351	99
20364	99
20365	99
20414	99
20444	99
20452	99
20459	99
20484	99
20500	99
20533	99
20568	99
20595	99
20598	99
20641	99
20643	99
20644	99
20662	99
20669	99
20743	99
20748	99
20750	99
20751	99
20752	99
20803	99
20804	99
20817	99
20870	99
20874	99
20888	99
20890	99
20903	99
20969	99
20974	99
20980	99
21006	99
21009	99
21010	99
21073	99
21117	99
21119	99
21131	99
21150	99
21154	99
21170	99
21178	99
21189	99
21199	99
21285	99
21301	99
21302	99
21337	99
21355	99
21361	99
21362	99
21370	99
21479	99
21482	99
21487	99
21515	99
21527	99
21562	99
21584	99
21585	99
21602	99
21606	99
21686	99
21695	99
21709	99
21719	99
21740	99
21752	99
21765	99
21767	99
21775	99
21789	99
21795	99
21820	99
21833	99
21862	99
21865	99
21901	99
21905	99
21910	99
21913	99
21947	99
21988	99
22101	99
22135	99
22151	99
22178	99
22194	99
22201	99
22316	99
22320	99
22333	99
22343	99
22345	99
22376	99
22394	99
22398	99
22410	99
22493	99
22516	99
22542	99
22548	99
22554	99
22625	99
22694	99
22715	99
22721	99
22820	99
22851	99
22876	99
22917	99
22927	99
22983	99
23036	99
23057	99
23064	99
23129	99
23132	99
23146	99
23169	99
23172	99
23175	99
23212	99
23232	99
23235	99
23257	99
23271	99
23273	99
23318	99
23329	99
23348	99
23420	99
23438	99
23476	99
23479	99
23507	99
23548	99
23611	99
23617	99
23659	99
23671	99
23674	99
23747	99
23770	99
23777	99
23808	99
23837	99
23855	99
23872	99
23873	99
23915	99
23917	99
23967	99
23998	99
24016	99
24027	99
24040	99
24155	99
24182	99
24186	99
24192	99
24218	99
24265	99
24268	99
24284	99
24289	99
24303	99
24319	99
24320	99
24372	99
24379	99
24435	99
24449	99
24472	99
24507	99
24509	99
24566	99
24568	99
24583	99
24609	99
24617	99
24641	99
24643	99
24664	99
24704	99
24764	99
24785	99
24834	99
24872	99
24882	99
24893	99
24928	99
24981	99
25065	99
25076	99
25080	99
25118	99
25140	99
25152	99
25183	99
25268	99
25272	99
25286	99
25301	99
25353	99
25359	99
25367	99
25386	99
25445	99
25464	99
25507	99
25531	99
25545	99
25555	99
25649	99
25653	99
25655	99
25656	99
25676	99
25705	99
25738	99
25797	99
25812	99
25840	99
25862	99
25887	99
25889	99
25899	99
25915	99
25948	99
26136	99
26164	99
26206	99
26212	99
26215	99
26232	99
26250	99
26260	99
26318	99
26373	99
26397	99
26472	99
26525	99
26538	99
26557	99
26570	99
26579	99
26590	99
26596	99
26612	99
26623	99
26647	99
26704	99
26743	99
26753	99
26786	99
26811	99
26824	99
26829	99
26843	99
26917	99
26928	99
26960	99
27012	99
27033	99
27044	99
27073	99
27109	99
27116	99
27138	99
27147	99
27180	99
27216	99
27251	99
27258	99
27272	99
27273	99
27298	99
27299	99
27328	99
27347	99
27348	99
27445	99
27455	99
27457	99
27476	99
27494	99
27499	99
27526	99
27565	99
27570	99
27639	99
27651	99
27670	99
27675	99
27681	99
27697	99
27779	99
27799	99
27836	99
27848	99
27859	99
27906	99
27907	99
27925	99
27938	99
27988	99
27998	99
28060	99
28074	99
28080	99
28134	99
28157	99
28169	99
28231	99
28238	99
28268	99
28269	99
28367	99
28377	99
28434	99
28450	99
28512	99
28542	99
28560	99
28578	99
28579	99
28611	99
28626	99
28716	99
28732	99
28741	99
28756	99
28763	99
28818	99
28820	99
28828	99
28950	99
28960	99
28978	99
28995	99
29034	99
29056	99
29129	99
29146	99
29149	99
29161	99
29175	99
29177	99
29213	99
29222	99
29228	99
29229	99
29232	99
29244	99
29336	99
29343	99
29355	99
29379	99
29421	99
29434	99
29453	99
29493	99
29509	99
29516	99
29519	99
29549	99
29559	99
29639	99
29645	99
29651	99
29713	99
29740	99
29774	99
29802	99
29804	99
29824	99
29835	99
29854	99
29862	99
29907	99
29932	99
29933	99
29955	99
29956	99
29959	99
29962	99
29968	99
30020	99
30086	99
30089	99
30093	99
30125	99
30130	99
30133	99
30167	99
30175	99
30198	99
30202	99
30207	99
30216	99
30223	99
30252	99
30294	99
30301	99
30352	99
30404	99
30416	99
30448	99
30528	99
30532	99
30537	99
30590	99
30612	99
30627	99
30630	99
30636	99
30637	99
30648	99
30662	99
30687	99
30784	99
30833	99
30838	99
30857	99
30930	99
30957	99
30969	99
30986	99
31008	99
31012	99
31019	99
31039	99
31068	99
31089	99
31099	99
31101	99
31130	99
31162	99
31167	99
31179	99
31192	99
31216	99
31225	99
31236	99
31257	99
31303	99
31359	99
31370	99
31399	99
31405	99
31419	99
31462	99
31476	99
31493	99
31569	99
31574	99
31611	99
31623	99
31630	99
31753	99
31805	99
31807	99
31826	99
31884	99
31912	99
31915	99
31920	99
31921	99
31939	99
31949	99
31993	99
32012	99
32020	99
32172	99
32197	99
32215	99
32232	99
32261	99
32312	99
32319	99
32344	99
32437	99
32439	99
32460	99
32461	99
32483	99
32501	99
32510	99
32511	99
32536	99
32565	99
32575	99
32593	99
32605	99
32606	99
32635	99
32735	99
32749	99
32751	99
32771	99
32815	99
32881	99
32934	99
32936	99
32943	99
32956	99
32958	99
33007	99
33074	99
33075	99
33113	99
33123	99
33183	99
33205	99
33238	99
33268	99
33333	99
33338	99
33341	99
33399	99
33435	99
33525	99
33592	99
33607	99
33736	99
33738	99
33742	99
33745	99
33748	99
33798	99
33862	99
33895	99
33916	99
33955	99
33995	99
33999	99
34000	99
34049	99
34081	99
34089	99
34125	99
34139	99
34143	99
34160	99
34176	99
34182	99
34201	99
34219	99
34231	99
34242	99
34270	99
34292	99
34321	99
34330	99
34348	99
34364	99
34386	99
34398	99
34436	99
34439	99
34467	99
34474	99
34492	99
34499	99
34518	99
34520	99
34543	99
34563	99
34585	99
34587	99
34679	99
34683	99
34695	99
34713	99
34736	99
34748	99
34772	99
34809	99
34916	99
34922	99
34944	99
34955	99
34956	99
35002	99
35009	99
35114	99
35138	99
35145	99
35190	99
35245	99
35315	99
35350	99
35363	99
35382	99
35390	99
35399	99
35416	99
35470	99
35491	99
35498	99
35505	99
35508	99
35583	99
35590	99
35607	99
35609	99
35618	99
35630	99
35641	99
35655	99
35676	99
35684	99
35709	99
35804	99
35821	99
35853	99
35875	99
35909	99
35944	99
35958	99
35963	99
36007	99
36010	99
36036	99
36046	99
36062	99
36073	99
36101	99
36130	99
36189	99
36191	99
36197	99
36198	99
36219	99
36255	99
36258	99
36289	99
36290	99
36311	99
36318	99
36322	99
36338	99
36344	99
36345	99
36411	99
36436	99
36442	99
36475	99
36548	99
36599	99
36632	99
36633	99
36639	99
36665	99
36689	99
36711	99
36771	99
36793	99
36803	99
36822	99
36865	99
36878	99
36903	99
36942	99
36973	99
36994	99
36995	99
37010	99
37036	99
37038	99
37039	99
37055	99
37101	99
37107	99
37152	99
37156	99
37173	99
37190	99
37273	99
37301	99
37362	99
37386	99
37395	99
37405	99
37409	99
37417	99
37419	99
37521	99
37530	99
37532	99
37591	99
37697	99
37737	99
37738	99
37746	99
37751	99
37780	99
37806	99
37826	99
37839	99
37844	99
37871	99
37872	99
37935	99
37944	99
37970	99
37991	99
38008	99
38029	99
38058	99
38070	99
38075	99
38079	99
38091	99
38092	99
38105	99
38106	99
38109	99
38154	99
38207	99
38216	99
38257	99
38269	99
38312	99
38338	99
38364	99
38372	99
38381	99
38437	99
38459	99
38525	99
38597	99
38640	99
38655	99
38719	99
38721	99
38768	99
38776	99
38781	99
38809	99
38825	99
38828	99
38859	99
38870	99
38917	99
38925	99
38935	99
38986	99
38996	99
39012	99
39046	99
39076	99
39155	99
39171	99
39187	99
39229	99
39323	99
39357	99
39382	99
39411	99
39421	99
39466	99
39504	99
39512	99
39546	99
39592	99
39603	99
39607	99
39666	99
39710	99
39731	99
39777	99
39835	99
39923	99
39931	99
39937	99
39955	99
39991	99
40012	99
40018	99
40023	99
40043	99
40054	99
40095	99
40103	99
40114	99
40144	99
40146	99
40212	99
40257	99
40332	99
40347	99
40360	99
40371	99
40393	99
40408	99
40421	99
40426	99
40431	99
40472	99
40494	99
40511	99
40585	99
40626	99
40694	99
40704	99
40718	99
40766	99
40794	99
40805	99
40905	99
40988	99
40992	99
40998	99
41010	99
41050	99
41060	99
41061	99
41068	99
41070	99
41089	99
41156	99
41205	99
41211	99
41237	99
41350	99
41355	99
41359	99
41382	99
41384	99
41423	99
41452	99
41481	99
41519	99
41535	99
41541	99
41568	99
41589	99
41645	99
41679	99
41702	99
41707	99
41716	99
41743	99
41797	99
41801	99
41846	99
41848	99
41859	99
41912	99
41934	99
42018	99
42036	99
42043	99
42059	99
42105	99
42130	99
42162	99
42169	99
42233	99
42258	99
42281	99
42290	99
42368	99
42378	99
42430	99
42456	99
42468	99
42469	99
42493	99
42500	99
42524	99
42535	99
42580	99
42593	99
42604	99
42636	99
42640	99
42656	99
42677	99
42696	99
42698	99
42739	99
42743	99
42773	99
42789	99
42815	99
42834	99
42838	99
42931	99
42950	99
42958	99
42960	99
42978	99
43006	99
43016	99
43037	99
43100	99
43118	99
43120	99
43138	99
43143	99
43164	99
43189	99
43191	99
43196	99
43246	99
43295	99
43328	99
43349	99
43354	99
43369	99
43417	99
43419	99
43467	99
43484	99
43502	99
43507	99
43544	99
43562	99
43608	99
43675	99
43683	99
43692	99
43745	99
43757	99
43769	99
43779	99
43960	99
43961	99
43972	99
44010	99
44013	99
44034	99
44086	99
44135	99
44154	99
44171	99
44192	99
44197	99
44213	99
44214	99
44250	99
44287	99
44304	99
44332	99
44346	99
44379	99
44393	99
44395	99
44407	99
44495	99
44564	99
44578	99
44628	99
44635	99
44639	99
44681	99
44684	99
44773	99
44783	99
44791	99
44836	99
44869	99
44876	99
44889	99
44891	99
44906	99
44909	99
44923	99
44972	99
45067	99
45068	99
45069	99
45116	99
45126	99
45143	99
45144	99
45146	99
45165	99
45184	99
45198	99
45217	99
45252	99
45258	99
45261	99
45281	99
45324	99
45328	99
45350	99
45353	99
45356	99
45366	99
45384	99
45436	99
45501	99
45574	99
45596	99
45607	99
45691	99
45717	99
45718	99
45739	99
45746	99
45773	99
45819	99
45840	99
45853	99
45870	99
45873	99
45879	99
45908	99
45909	99
45974	99
46019	99
46065	99
46136	99
46142	99
46153	99
46165	99
46171	99
46188	99
46225	99
46251	99
46268	99
46321	99
46368	99
46383	99
46398	99
46431	99
46458	99
46476	99
46521	99
46567	99
46719	99
46744	99
46749	99
46756	99
46793	99
46823	99
46851	99
46904	99
46948	99
46955	99
47009	99
47052	99
47127	99
47128	99
47140	99
47175	99
47215	99
47251	99
47260	99
47276	99
47281	99
47287	99
47304	99
47332	99
47333	99
47482	99
47565	99
47646	99
47675	99
47690	99
47705	99
47708	99
47765	99
47778	99
47837	99
47875	99
47914	99
47951	99
47971	99
47992	99
48036	99
48041	99
48098	99
48140	99
48162	99
48169	99
48221	99
48223	99
48238	99
48279	99
48282	99
48286	99
48323	99
48364	99
48393	99
48417	99
48423	99
48433	99
48439	99
48487	99
48492	99
48495	99
48500	99
48627	99
48644	99
48689	99
48691	99
48699	99
48736	99
48770	99
48840	99
48858	99
48898	99
48903	99
48907	99
48920	99
48934	99
48943	99
48946	99
48956	99
48959	99
49029	99
49053	99
49055	99
49099	99
49117	99
49153	99
49156	99
49165	99
49258	99
49286	99
49290	99
49295	99
49298	99
49336	99
49337	99
49392	99
49418	99
49430	99
49435	99
49455	99
49465	99
49475	99
49509	99
49544	99
49545	99
49599	99
49613	99
49703	99
49746	99
49798	99
49809	99
49848	99
49859	99
49863	99
49876	99
49881	99
49909	99
49928	99
49968	99
80	98
130	98
138	98
177	98
185	98
316	98
474	98
493	98
494	98
501	98
609	98
622	98
633	98
640	98
642	98
644	98
649	98
690	98
784	98
796	98
899	98
920	98
928	98
938	98
961	98
1010	98
1012	98
1015	98
1066	98
1090	98
1140	98
1185	98
1229	98
1308	98
1317	98
1354	98
1432	98
1584	98
1614	98
1643	98
1655	98
1667	98
1699	98
1717	98
1728	98
1782	98
1816	98
1862	98
1976	98
2024	98
2064	98
2084	98
2160	98
2171	98
2295	98
2319	98
2513	98
2526	98
2590	98
2609	98
2645	98
2718	98
2767	98
2778	98
2792	98
2825	98
2826	98
2873	98
2980	98
3090	98
3110	98
3140	98
3147	98
3202	98
3230	98
3259	98
3277	98
3288	98
3295	98
3319	98
3322	98
3387	98
3488	98
3510	98
3514	98
3517	98
3526	98
3543	98
3581	98
3607	98
3641	98
3652	98
3661	98
3715	98
3722	98
3786	98
3887	98
3976	98
4022	98
4167	98
4178	98
4231	98
4233	98
4238	98
4283	98
4315	98
4435	98
4443	98
4459	98
4473	98
4677	98
4705	98
4753	98
4761	98
4766	98
4828	98
4837	98
4841	98
4867	98
4944	98
4948	98
4954	98
4973	98
5045	98
5048	98
5054	98
5086	98
5169	98
5206	98
5221	98
5243	98
5261	98
5302	98
5306	98
5357	98
5370	98
5467	98
5504	98
5560	98
5589	98
5595	98
5613	98
5624	98
5704	98
5712	98
5815	98
5836	98
5850	98
5916	98
5964	98
5974	98
6013	98
6060	98
6117	98
6236	98
6264	98
6388	98
6452	98
6506	98
6542	98
6587	98
6730	98
6733	98
6739	98
6769	98
6812	98
6860	98
6866	98
6958	98
6971	98
6972	98
7035	98
7049	98
7092	98
7115	98
7227	98
7230	98
7260	98
7280	98
7290	98
7357	98
7360	98
7431	98
7460	98
7484	98
7549	98
7603	98
7623	98
7659	98
7717	98
7773	98
7793	98
7810	98
7811	98
7820	98
7918	98
8018	98
8024	98
8034	98
8182	98
8186	98
8189	98
8255	98
8272	98
8315	98
8316	98
8324	98
8364	98
8408	98
8429	98
8445	98
8490	98
8515	98
8535	98
8577	98
8640	98
8731	98
8803	98
8868	98
8875	98
8878	98
8912	98
8930	98
8962	98
8989	98
8992	98
9025	98
9136	98
9255	98
9256	98
9267	98
9339	98
9360	98
9423	98
9467	98
9518	98
9549	98
9580	98
9581	98
9605	98
9645	98
9656	98
9757	98
9764	98
9801	98
9859	98
9894	98
9902	98
9922	98
9957	98
9988	98
9994	98
10064	98
10091	98
10112	98
10130	98
10230	98
10266	98
10299	98
10327	98
10495	98
10593	98
10609	98
10624	98
10631	98
10715	98
10771	98
10785	98
10790	98
10882	98
10888	98
10908	98
10937	98
10967	98
10993	98
11058	98
11148	98
11170	98
11288	98
11303	98
11325	98
11404	98
11433	98
11441	98
11449	98
11457	98
11480	98
11597	98
11710	98
11760	98
11762	98
11843	98
11862	98
11868	98
11927	98
11932	98
11934	98
11957	98
11981	98
11995	98
12021	98
12106	98
12117	98
12213	98
12216	98
12245	98
12414	98
12426	98
12455	98
12465	98
12489	98
12502	98
12508	98
12518	98
12625	98
12631	98
12670	98
12693	98
12700	98
12727	98
12760	98
12790	98
12800	98
12860	98
12870	98
12872	98
12887	98
12947	98
12950	98
12988	98
13025	98
13068	98
13124	98
13155	98
13336	98
13387	98
13485	98
13490	98
13539	98
13544	98
13576	98
13657	98
13711	98
13802	98
13807	98
13856	98
13872	98
13973	98
14012	98
14041	98
14068	98
14069	98
14099	98
14143	98
14216	98
14306	98
14309	98
14426	98
14455	98
14479	98
14502	98
14536	98
14729	98
14772	98
14780	98
14815	98
14823	98
14839	98
14848	98
14858	98
14918	98
15092	98
15094	98
15115	98
15150	98
15157	98
15181	98
15306	98
15413	98
15420	98
15429	98
15457	98
15473	98
15510	98
15522	98
15546	98
15551	98
15619	98
15741	98
15780	98
15793	98
15862	98
15868	98
15902	98
15921	98
15978	98
15990	98
16062	98
16080	98
16081	98
16126	98
16159	98
16174	98
16191	98
16225	98
16247	98
16338	98
16358	98
16420	98
16426	98
16479	98
16491	98
16517	98
16615	98
16645	98
16656	98
16675	98
16781	98
16801	98
16896	98
16948	98
16974	98
16996	98
17006	98
17064	98
17073	98
17111	98
17112	98
17126	98
17131	98
17173	98
17176	98
17225	98
17273	98
17394	98
17413	98
17419	98
17524	98
17743	98
17773	98
17908	98
17909	98
17955	98
17964	98
17996	98
18040	98
18062	98
18083	98
18091	98
18110	98
18124	98
18192	98
18210	98
18225	98
18312	98
18340	98
18356	98
18663	98
18724	98
18852	98
18875	98
18886	98
18918	98
18938	98
19014	98
19044	98
19049	98
19053	98
19089	98
19149	98
19164	98
19190	98
19224	98
19228	98
19239	98
19265	98
19306	98
19310	98
19318	98
19380	98
19439	98
19452	98
19522	98
19547	98
19553	98
19561	98
19628	98
19706	98
19726	98
19738	98
19815	98
19844	98
19874	98
19987	98
20049	98
20074	98
20092	98
20112	98
20139	98
20153	98
20200	98
20215	98
20236	98
20238	98
20412	98
20415	98
20432	98
20437	98
20445	98
20498	98
20587	98
20615	98
20667	98
20688	98
20717	98
20731	98
20759	98
20776	98
20836	98
20850	98
20864	98
20909	98
20971	98
20983	98
20990	98
21105	98
21110	98
21245	98
21251	98
21266	98
21369	98
21394	98
21404	98
21457	98
21469	98
21542	98
21619	98
21651	98
21701	98
21771	98
21788	98
21863	98
21884	98
21922	98
21948	98
21958	98
21987	98
22056	98
22063	98
22152	98
22177	98
22206	98
22219	98
22279	98
22284	98
22313	98
22374	98
22375	98
22409	98
22462	98
22520	98
22585	98
22591	98
22607	98
22640	98
22654	98
22733	98
22755	98
22849	98
22890	98
22943	98
22944	98
22950	98
23075	98
23125	98
23134	98
23159	98
23223	98
23368	98
23373	98
23409	98
23460	98
23468	98
23471	98
23490	98
23543	98
23569	98
23620	98
23629	98
23658	98
23739	98
23763	98
23778	98
23786	98
23820	98
23821	98
23825	98
23874	98
23965	98
23989	98
24054	98
24055	98
24080	98
24096	98
24123	98
24131	98
24153	98
24191	98
24202	98
24264	98
24362	98
24423	98
24526	98
24539	98
24567	98
24607	98
24698	98
24721	98
24747	98
24902	98
24918	98
25013	98
25039	98
25046	98
25062	98
25126	98
25136	98
25188	98
25242	98
25327	98
25347	98
25362	98
25368	98
25396	98
25414	98
25556	98
25616	98
25624	98
25641	98
25682	98
25775	98
25827	98
26043	98
26184	98
26202	98
26266	98
26446	98
26480	98
26512	98
26523	98
26531	98
26545	98
26659	98
26701	98
26713	98
26719	98
26802	98
26808	98
26851	98
26862	98
26865	98
26874	98
26896	98
26945	98
27046	98
27069	98
27081	98
27090	98
27145	98
27158	98
27210	98
27246	98
27268	98
27365	98
27367	98
27373	98
27388	98
27450	98
27459	98
27487	98
27617	98
27672	98
27692	98
27700	98
27725	98
27787	98
27870	98
27879	98
27887	98
27891	98
27898	98
28072	98
28241	98
28382	98
28396	98
28491	98
28593	98
28620	98
28731	98
28754	98
28838	98
28852	98
28876	98
28938	98
28954	98
29028	98
29042	98
29127	98
29139	98
29174	98
29210	98
29235	98
29306	98
29424	98
29500	98
29605	98
29762	98
29912	98
29918	98
29945	98
29947	98
30007	98
30091	98
30215	98
30222	98
30232	98
30259	98
30261	98
30306	98
30333	98
30531	98
30606	98
30657	98
30661	98
30710	98
30739	98
30850	98
30853	98
30921	98
30946	98
30953	98
31015	98
31093	98
31124	98
31223	98
31239	98
31244	98
31261	98
31290	98
31308	98
31332	98
31380	98
31390	98
31456	98
31523	98
31554	98
31615	98
31619	98
31648	98
31666	98
31720	98
31849	98
31879	98
31889	98
31954	98
32002	98
32016	98
32017	98
32030	98
32048	98
32149	98
32151	98
32184	98
32212	98
32268	98
32307	98
32327	98
32417	98
32465	98
32553	98
32581	98
32629	98
32630	98
32632	98
32677	98
32700	98
32794	98
32901	98
32971	98
33004	98
33005	98
33016	98
33054	98
33084	98
33115	98
33129	98
33143	98
33222	98
33225	98
33246	98
33251	98
33253	98
33301	98
33314	98
33322	98
33355	98
33392	98
33398	98
33401	98
33424	98
33451	98
33475	98
33527	98
33599	98
33602	98
33694	98
33726	98
33794	98
33812	98
33823	98
33829	98
33834	98
33847	98
33873	98
33958	98
33981	98
34069	98
34203	98
34209	98
34286	98
34300	98
34374	98
34418	98
34422	98
34434	98
34443	98
34566	98
34612	98
34653	98
34681	98
34725	98
34859	98
34863	98
34933	98
34958	98
34994	98
35032	98
35076	98
35078	98
35085	98
35121	98
35148	98
35280	98
35303	98
35415	98
35425	98
35439	98
35445	98
35453	98
35465	98
35487	98
35506	98
35536	98
35540	98
35545	98
35570	98
35605	98
35620	98
35625	98
35721	98
35753	98
35819	98
35831	98
35858	98
35880	98
35959	98
36200	98
36242	98
36362	98
36395	98
36433	98
36458	98
36462	98
36491	98
36570	98
36598	98
36652	98
36678	98
36698	98
36732	98
36758	98
36813	98
36852	98
36879	98
36890	98
36898	98
36912	98
36960	98
36972	98
37034	98
37099	98
37139	98
37183	98
37195	98
37255	98
37347	98
37356	98
37370	98
37416	98
37418	98
37495	98
37556	98
37632	98
37691	98
37715	98
37745	98
37774	98
37777	98
37883	98
37885	98
38025	98
38036	98
38127	98
38155	98
38192	98
38194	98
38225	98
38239	98
38277	98
38290	98
38347	98
38414	98
38438	98
38457	98
38475	98
38619	98
38670	98
38676	98
38693	98
38731	98
38754	98
38767	98
38881	98
38940	98
38989	98
39062	98
39132	98
39179	98
39189	98
39214	98
39316	98
39339	98
39405	98
39407	98
39408	98
39467	98
39474	98
39562	98
39648	98
39706	98
39720	98
39784	98
39820	98
39837	98
39864	98
39911	98
39941	98
40036	98
40037	98
40104	98
40113	98
40152	98
40154	98
40167	98
40198	98
40236	98
40238	98
40244	98
40247	98
40261	98
40289	98
40344	98
40351	98
40365	98
40417	98
40419	98
40432	98
40438	98
40512	98
40523	98
40620	98
40630	98
40741	98
40767	98
40801	98
40893	98
40917	98
40925	98
40926	98
40932	98
40948	98
41004	98
41027	98
41105	98
41140	98
41155	98
41217	98
41219	98
41230	98
41262	98
41284	98
41331	98
41337	98
41353	98
41358	98
41376	98
41392	98
41448	98
41477	98
41504	98
41505	98
41547	98
41570	98
41620	98
41668	98
41675	98
41717	98
41752	98
41804	98
41825	98
41868	98
41886	98
41954	98
41996	98
42020	98
42156	98
42226	98
42256	98
42291	98
42292	98
42305	98
42343	98
42392	98
42406	98
42424	98
42436	98
42438	98
42445	98
42479	98
42531	98
42541	98
42610	98
42651	98
42659	98
42665	98
42672	98
42684	98
42742	98
42778	98
42879	98
42976	98
42997	98
43066	98
43101	98
43113	98
43122	98
43151	98
43205	98
43230	98
43267	98
43308	98
43321	98
43423	98
43555	98
43581	98
43587	98
43623	98
43631	98
43666	98
43682	98
43764	98
43776	98
43850	98
43869	98
43944	98
44000	98
44059	98
44061	98
44077	98
44202	98
44212	98
44253	98
44295	98
44389	98
44401	98
44445	98
44475	98
44586	98
44603	98
44712	98
44727	98
44740	98
44746	98
44855	98
44898	98
44980	98
45044	98
45084	98
45133	98
45135	98
45173	98
45232	98
45259	98
45262	98
45263	98
45309	98
45354	98
45360	98
45440	98
45489	98
45500	98
45517	98
45682	98
45696	98
45716	98
45729	98
45770	98
45822	98
45876	98
45944	98
45954	98
46007	98
46029	98
46057	98
46102	98
46113	98
46175	98
46353	98
46357	98
46362	98
46396	98
46400	98
46411	98
46490	98
46575	98
46605	98
46608	98
46724	98
46773	98
46777	98
46805	98
46892	98
46908	98
46983	98
46991	98
47006	98
47013	98
47027	98
47119	98
47139	98
47146	98
47241	98
47291	98
47329	98
47386	98
47395	98
47439	98
47484	98
47489	98
47539	98
47613	98
47636	98
47653	98
47668	98
47685	98
47712	98
47763	98
47876	98
47882	98
48078	98
48189	98
48230	98
48256	98
48347	98
48398	98
48404	98
48430	98
48486	98
48498	98
48506	98
48526	98
48576	98
48580	98
48584	98
48647	98
48782	98
48794	98
48803	98
48958	98
49031	98
49059	98
49082	98
49166	98
49171	98
49349	98
49495	98
49526	98
49592	98
49601	98
49634	98
49653	98
49688	98
49710	98
49745	98
49748	98
49750	98
49884	98
49923	98
49954	98
7	97
85	97
90	97
132	97
133	97
181	97
243	97
253	97
292	97
310	97
394	97
520	97
611	97
740	97
744	97
751	97
763	97
794	97
972	97
979	97
1180	97
1206	97
1218	97
1267	97
1437	97
1548	97
1662	97
1681	97
1693	97
1979	97
1983	97
2089	97
2104	97
2175	97
2221	97
2223	97
2224	97
2226	97
2231	97
2232	97
2309	97
2361	97
2441	97
2489	97
2520	97
2524	97
2574	97
2702	97
2711	97
2726	97
2790	97
2796	97
2844	97
2994	97
3059	97
3146	97
3157	97
3215	97
3219	97
3256	97
3292	97
3302	97
3306	97
3355	97
3381	97
3392	97
3507	97
3557	97
3587	97
3636	97
3704	97
3725	97
3727	97
3816	97
3819	97
3972	97
3994	97
4048	97
4049	97
4272	97
4279	97
4366	97
4380	97
4444	97
4533	97
4570	97
4771	97
4858	97
4917	97
4975	97
5144	97
5149	97
5150	97
5168	97
5191	97
5229	97
5246	97
5255	97
5441	97
5487	97
5538	97
5552	97
5689	97
5750	97
5757	97
5838	97
5849	97
5960	97
5984	97
6100	97
6166	97
6192	97
6313	97
6461	97
6714	97
6760	97
6832	97
6899	97
6930	97
7212	97
7237	97
7301	97
7422	97
7471	97
7535	97
7593	97
7848	97
7938	97
7948	97
8044	97
8075	97
8107	97
8231	97
8239	97
8257	97
8258	97
8297	97
8359	97
8423	97
8430	97
8436	97
8449	97
8454	97
8460	97
8529	97
8569	97
8601	97
8746	97
8837	97
8850	97
8882	97
8923	97
9086	97
9247	97
9369	97
9400	97
9522	97
9602	97
9741	97
9805	97
9868	97
9964	97
10008	97
10077	97
10098	97
10165	97
10252	97
10322	97
10418	97
10421	97
10428	97
10445	97
10630	97
10647	97
10681	97
10741	97
10751	97
10803	97
10820	97
10962	97
11087	97
11157	97
11196	97
11219	97
11312	97
11396	97
11503	97
11517	97
11527	97
11558	97
11608	97
11662	97
11672	97
11678	97
11694	97
11700	97
11722	97
11782	97
11786	97
11830	97
11880	97
11954	97
11963	97
11967	97
12077	97
12093	97
12346	97
12407	97
12438	97
12516	97
12574	97
12612	97
12694	97
12764	97
12843	97
12854	97
12912	97
12964	97
13019	97
13128	97
13342	97
13670	97
13688	97
13716	97
13774	97
13811	97
13824	97
13898	97
13965	97
14076	97
14085	97
14130	97
14267	97
14269	97
14339	97
14362	97
14373	97
14565	97
14600	97
14633	97
14664	97
14724	97
14728	97
14781	97
14818	97
14896	97
14926	97
14943	97
14962	97
14985	97
15066	97
15198	97
15229	97
15291	97
15477	97
15540	97
15569	97
15673	97
15721	97
15824	97
16028	97
16072	97
16113	97
16170	97
16214	97
16380	97
16452	97
16520	97
16563	97
16582	97
16680	97
16697	97
16708	97
16754	97
16834	97
16842	97
16857	97
16867	97
16955	97
17160	97
17209	97
17216	97
17238	97
17271	97
17338	97
17381	97
17411	97
17435	97
17479	97
17657	97
17761	97
17771	97
17836	97
17902	97
17958	97
17983	97
18031	97
18065	97
18068	97
18107	97
18135	97
18145	97
18150	97
18229	97
18469	97
18516	97
18540	97
18670	97
18728	97
18844	97
18845	97
18927	97
18931	97
18961	97
19007	97
19037	97
19172	97
19192	97
19200	97
19309	97
19353	97
19387	97
19392	97
19480	97
19501	97
19520	97
19600	97
19608	97
19660	97
19861	97
19903	97
19927	97
20007	97
20013	97
20023	97
20064	97
20106	97
20128	97
20135	97
20220	97
20281	97
20286	97
20301	97
20426	97
20491	97
20528	97
20556	97
20617	97
20650	97
20664	97
20729	97
20742	97
20875	97
20917	97
20992	97
21092	97
21102	97
21143	97
21299	97
21354	97
21499	97
21558	97
21600	97
21633	97
21639	97
21660	97
21739	97
21959	97
22071	97
22362	97
22467	97
22528	97
22621	97
22636	97
22785	97
22796	97
22955	97
22958	97
22994	97
22997	97
23007	97
23046	97
23090	97
23119	97
23206	97
23293	97
23310	97
23381	97
23455	97
23484	97
23584	97
23649	97
23650	97
23670	97
23696	97
23707	97
23987	97
24076	97
24079	97
24085	97
24104	97
24119	97
24132	97
24160	97
24183	97
24197	97
24274	97
24309	97
24331	97
24444	97
24445	97
24602	97
24613	97
24723	97
24821	97
24824	97
24895	97
24905	97
25116	97
25122	97
25228	97
25229	97
25410	97
25437	97
25605	97
25651	97
25699	97
25758	97
25873	97
25949	97
25957	97
25966	97
26126	97
26252	97
26308	97
26309	97
26534	97
26553	97
26556	97
26682	97
26776	97
26844	97
26911	97
26914	97
26942	97
26982	97
26987	97
27029	97
27050	97
27107	97
27119	97
27326	97
27468	97
27618	97
27683	97
27801	97
27827	97
27845	97
27877	97
27916	97
27996	97
28128	97
28131	97
28159	97
28162	97
28362	97
28444	97
28458	97
28596	97
28693	97
28722	97
28826	97
28898	97
28917	97
28930	97
28933	97
28934	97
29158	97
29291	97
29378	97
29383	97
29388	97
29396	97
29478	97
29583	97
29614	97
29625	97
29654	97
29674	97
29753	97
29843	97
29920	97
29935	97
29992	97
30063	97
30112	97
30137	97
30164	97
30276	97
30286	97
30353	97
30376	97
30437	97
30485	97
30562	97
30570	97
30652	97
30711	97
30788	97
30882	97
30990	97
31046	97
31067	97
31071	97
31091	97
31114	97
31304	97
31310	97
31350	97
31375	97
31503	97
31532	97
31802	97
31861	97
31903	97
31919	97
31969	97
31987	97
32047	97
32083	97
32086	97
32125	97
32225	97
32388	97
32432	97
32507	97
32693	97
32708	97
32761	97
32983	97
32988	97
33031	97
33038	97
33083	97
33142	97
33454	97
33482	97
33640	97
33655	97
33757	97
33936	97
33948	97
34024	97
34031	97
34054	97
34123	97
34137	97
34195	97
34238	97
34261	97
34334	97
34352	97
34362	97
34431	97
34537	97
34669	97
34705	97
34840	97
34951	97
35036	97
35171	97
35296	97
35349	97
35393	97
35447	97
35471	97
35488	97
35522	97
35559	97
35576	97
35624	97
35767	97
35768	97
35796	97
35807	97
35824	97
35837	97
35914	97
36035	97
36039	97
36077	97
36099	97
36181	97
36283	97
36300	97
36400	97
36501	97
36511	97
36592	97
36674	97
36675	97
36827	97
36861	97
36880	97
36947	97
36955	97
37052	97
37072	97
37085	97
37154	97
37201	97
37212	97
37246	97
37308	97
37311	97
37425	97
37510	97
37566	97
37615	97
37665	97
37682	97
37716	97
37815	97
37856	97
37866	97
37940	97
37963	97
38021	97
38143	97
38164	97
38262	97
38274	97
38318	97
38365	97
38369	97
38404	97
38416	97
38434	97
38503	97
38507	97
38508	97
38523	97
38531	97
38590	97
38603	97
38656	97
38696	97
38742	97
38790	97
38807	97
38811	97
38932	97
38945	97
39010	97
39083	97
39130	97
39169	97
39172	97
39174	97
39201	97
39206	97
39220	97
39492	97
39604	97
39616	97
39662	97
39701	97
39703	97
39708	97
39766	97
39794	97
39821	97
39838	97
39875	97
39921	97
39975	97
40048	97
40080	97
40122	97
40139	97
40196	97
40422	97
40448	97
40525	97
40567	97
40712	97
40983	97
41049	97
41122	97
41228	97
41249	97
41397	97
41429	97
41475	97
41588	97
41593	97
41657	97
41693	97
41762	97
41826	97
41858	97
42024	97
42080	97
42186	97
42300	97
42314	97
42360	97
42376	97
42385	97
42416	97
42441	97
42572	97
42877	97
42934	97
42991	97
43174	97
43434	97
43443	97
43462	97
43651	97
43684	97
43696	97
43707	97
43735	97
43851	97
43916	97
43929	97
44069	97
44139	97
44238	97
44242	97
44273	97
44303	97
44310	97
44373	97
44412	97
44498	97
44512	97
44522	97
44581	97
44637	97
44659	97
44679	97
44710	97
44715	97
44751	97
44762	97
44879	97
44917	97
44967	97
44981	97
44990	97
45090	97
45094	97
45170	97
45179	97
45213	97
45230	97
45311	97
45451	97
45473	97
45532	97
45748	97
45794	97
45842	97
46181	97
46429	97
46474	97
46510	97
46548	97
46598	97
46618	97
46627	97
46664	97
46673	97
46743	97
46799	97
46864	97
46907	97
47003	97
47070	97
47150	97
47321	97
47531	97
47584	97
47589	97
47649	97
47662	97
47749	97
47774	97
47804	97
47849	97
48052	97
48103	97
48194	97
48261	97
48287	97
48317	97
48340	97
48354	97
48388	97
48541	97
48597	97
48694	97
48734	97
48749	97
48767	97
48789	97
48994	97
49085	97
49095	97
49104	97
49121	97
49193	97
49230	97
49273	97
49373	97
49533	97
49594	97
49642	97
49860	97
49883	97
49948	97
49983	97
49985	97
82	96
425	96
578	96
1027	96
1062	96
1114	96
1158	96
1225	96
1242	96
1259	96
1268	96
1290	96
1461	96
1487	96
1730	96
1893	96
1902	96
1929	96
2564	96
2566	96
2584	96
2652	96
2739	96
2747	96
2784	96
2984	96
3086	96
3399	96
3450	96
3452	96
3534	96
3589	96
3606	96
3650	96
3823	96
3829	96
4359	96
4454	96
4455	96
4559	96
4621	96
4840	96
4927	96
5561	96
5635	96
6124	96
6144	96
6200	96
6222	96
6482	96
6537	96
6540	96
6665	96
6841	96
7241	96
7303	96
7311	96
7411	96
7512	96
7546	96
7744	96
7776	96
7838	96
8183	96
8212	96
8320	96
8714	96
8783	96
8830	96
8905	96
8998	96
9097	96
9275	96
9282	96
9381	96
9440	96
9715	96
10039	96
10069	96
10117	96
10163	96
10315	96
10388	96
10399	96
10515	96
10654	96
10833	96
10981	96
11110	96
11340	96
11400	96
11573	96
11821	96
11891	96
12005	96
12214	96
12217	96
12279	96
12369	96
12707	96
13032	96
13109	96
13366	96
13382	96
13481	96
13613	96
13644	96
13675	96
13685	96
13728	96
13917	96
13984	96
14086	96
14193	96
14217	96
14251	96
14472	96
14577	96
14601	96
14666	96
14897	96
15033	96
15233	96
15403	96
15467	96
15503	96
15517	96
15548	96
15610	96
15640	96
15646	96
15714	96
15732	96
15847	96
15906	96
16007	96
16008	96
16027	96
16173	96
16207	96
16215	96
16351	96
16631	96
16811	96
17104	96
17165	96
17321	96
17362	96
17382	96
17674	96
17758	96
18255	96
18565	96
18636	96
18763	96
18936	96
19022	96
19186	96
19294	96
19386	96
19431	96
19455	96
19486	96
19721	96
19923	96
20003	96
20026	96
20111	96
20330	96
20386	96
20387	96
20474	96
20511	96
20590	96
20901	96
20943	96
21129	96
21169	96
21183	96
21345	96
21435	96
21671	96
21714	96
21822	96
21842	96
21918	96
22125	96
22215	96
22235	96
22271	96
22384	96
22424	96
22465	96
22569	96
22588	96
22624	96
22728	96
22798	96
22933	96
23086	96
23133	96
23165	96
23189	96
23433	96
23524	96
23568	96
23879	96
23890	96
24078	96
24129	96
24277	96
24487	96
24620	96
24762	96
24854	96
24873	96
25234	96
25255	96
25412	96
25420	96
25495	96
25534	96
25664	96
25719	96
25800	96
25893	96
25937	96
26120	96
26273	96
26275	96
26565	96
26571	96
26611	96
26640	96
26974	96
27288	96
27325	96
27689	96
27744	96
27796	96
27840	96
27895	96
27899	96
27922	96
28058	96
28191	96
28193	96
28289	96
28361	96
28363	96
28369	96
28489	96
28738	96
28819	96
28901	96
29095	96
29172	96
29203	96
29294	96
29411	96
30331	96
30335	96
30375	96
30391	96
30473	96
30511	96
30516	96
30638	96
30744	96
31005	96
31118	96
31451	96
31452	96
31529	96
31543	96
31577	96
31668	96
31676	96
31911	96
31976	96
32188	96
32360	96
32591	96
32783	96
32798	96
32886	96
32930	96
33261	96
33421	96
33431	96
33710	96
33839	96
33849	96
33850	96
33882	96
33934	96
33985	96
34055	96
34122	96
34168	96
34340	96
34741	96
34843	96
34873	96
35759	96
35940	96
36051	96
36097	96
36107	96
36110	96
36167	96
36331	96
36351	96
36365	96
36444	96
36449	96
36469	96
36515	96
36776	96
37063	96
37211	96
37233	96
37279	96
37491	96
37981	96
38115	96
38315	96
38449	96
38758	96
38763	96
39261	96
39389	96
39544	96
39682	96
39826	96
39879	96
39910	96
39922	96
40140	96
40157	96
40363	96
40558	96
40586	96
40590	96
40765	96
41532	96
41577	96
41715	96
41774	96
41820	96
41856	96
41928	96
42140	96
42150	96
42238	96
42509	96
42952	96
43065	96
43074	96
43111	96
43160	96
43748	96
43988	96
44029	96
44035	96
44036	96
44080	96
44084	96
44143	96
44151	96
44276	96
44320	96
44469	96
44634	96
44660	96
44748	96
44750	96
44766	96
44826	96
44875	96
44957	96
45095	96
45114	96
45192	96
45238	96
45406	96
45515	96
45636	96
45683	96
45715	96
45945	96
46162	96
46202	96
46310	96
46352	96
46451	96
46471	96
46546	96
46600	96
46631	96
46790	96
47015	96
47121	96
47152	96
47328	96
47401	96
47476	96
47504	96
47629	96
47691	96
47789	96
47881	96
47887	96
47980	96
48048	96
48337	96
48346	96
48573	96
48729	96
48741	96
48861	96
49257	96
49742	96
49802	96
49817	96
49850	96
49924	96
29	95
154	95
532	95
568	95
664	95
1067	95
1352	95
1533	95
1619	95
1688	95
1936	95
2147	95
2251	95
2262	95
2299	95
2692	95
2773	95
2876	95
3034	95
3204	95
3486	95
3571	95
3968	95
4159	95
4351	95
5192	95
5279	95
5494	95
5521	95
5585	95
5786	95
5862	95
5882	95
6073	95
6385	95
6558	95
6936	95
7064	95
7073	95
7600	95
7844	95
7899	95
7995	95
8187	95
8267	95
8636	95
8880	95
9034	95
9159	95
9492	95
9813	95
9938	95
10148	95
10313	95
10316	95
10352	95
10454	95
10579	95
10828	95
11355	95
11512	95
11579	95
11615	95
11648	95
12099	95
12147	95
12260	95
12420	95
12477	95
12618	95
12789	95
13270	95
13402	95
13442	95
13589	95
13651	95
14226	95
14468	95
14778	95
14822	95
15175	95
15255	95
15261	95
15483	95
15535	95
15911	95
16294	95
16644	95
16942	95
17560	95
17882	95
17894	95
18322	95
18567	95
18743	95
18767	95
19229	95
19466	95
19757	95
19865	95
20011	95
20060	95
20302	95
21126	95
21335	95
21348	95
21694	95
22501	95
22592	95
22850	95
23123	95
23252	95
23287	95
23429	95
23436	95
23573	95
24046	95
24254	95
24262	95
24684	95
25344	95
25406	95
25965	95
26143	95
26317	95
26627	95
27118	95
27331	95
27536	95
28016	95
28671	95
28810	95
28908	95
29024	95
29086	95
29472	95
29497	95
29991	95
30005	95
30265	95
30358	95
30584	95
30668	95
30721	95
30931	95
31023	95
31481	95
31500	95
31548	95
31672	95
31796	95
31840	95
31853	95
32256	95
32283	95
32377	95
32452	95
32563	95
33621	95
33684	95
34223	95
34244	95
34506	95
34567	95
34832	95
34835	95
35019	95
35555	95
36524	95
36525	95
36802	95
36885	95
37943	95
37952	95
38077	95
38327	95
38519	95
38555	95
38613	95
38933	95
39014	95
39503	95
40635	95
40797	95
41138	95
41147	95
41305	95
41964	95
42038	95
42100	95
42167	95
42241	95
42792	95
42817	95
43109	95
43114	95
43173	95
43559	95
43567	95
43808	95
43822	95
43985	95
44063	95
44478	95
44527	95
44626	95
44797	95
44931	95
45211	95
45361	95
45478	95
45490	95
45747	95
45913	95
45941	95
45982	95
46108	95
46230	95
46316	95
46591	95
46717	95
46946	95
47190	95
47339	95
47961	95
47975	95
48051	95
48058	95
48105	95
48641	95
48889	95
49044	95
49825	95
49910	95
10	94
262	94
572	94
2415	94
3365	94
4118	94
4507	94
4701	94
4848	94
4932	94
5284	94
5708	94
5902	94
5927	94
6391	94
6908	94
7078	94
7157	94
7250	94
7799	94
8826	94
8964	94
9076	94
9403	94
9448	94
10058	94
10875	94
10894	94
11468	94
11960	94
11966	94
13348	94
13512	94
13583	94
13798	94
13896	94
14254	94
14721	94
15090	94
15341	94
15734	94
15892	94
16463	94
16687	94
17198	94
17570	94
17888	94
17929	94
18063	94
18545	94
18582	94
18758	94
18828	94
19358	94
19436	94
19589	94
19804	94
19928	94
20131	94
21326	94
22388	94
22486	94
22514	94
22911	94
23140	94
23446	94
24381	94
24389	94
24946	94
24947	94
25244	94
26031	94
26478	94
26797	94
27013	94
27411	94
28251	94
28346	94
28404	94
28672	94
29003	94
29384	94
29799	94
29948	94
30506	94
30614	94
30879	94
31164	94
31298	94
31410	94
31819	94
31829	94
32478	94
32495	94
32540	94
33032	94
33091	94
33340	94
33788	94
33884	94
34101	94
34170	94
34756	94
34838	94
34985	94
35611	94
35817	94
36450	94
36754	94
36819	94
37123	94
37261	94
38429	94
39207	94
39536	94
39773	94
41179	94
41432	94
41772	94
41852	94
42586	94
43652	94
43872	94
44795	94
44809	94
45013	94
46004	94
46038	94
46671	94
46707	94
46782	94
46810	94
47238	94
48060	94
48494	94
48540	94
48722	94
48960	94
1546	93
2007	93
4720	93
4810	93
5427	93
6241	93
7583	93
8372	93
11271	93
11532	93
11915	93
15047	93
15937	93
17196	93
19248	93
19305	93
21412	93
22008	93
22207	93
22838	93
24405	93
25276	93
25805	93
25881	93
27297	93
29194	93
29813	93
30619	93
31041	93
31754	93
32190	93
33833	93
33904	93
34066	93
35962	93
39099	93
39795	93
40845	93
40877	93
44383	93
45000	93
46146	93
47659	93
47799	93
49391	93
49654	93
615	92
1505	92
2549	92
4132	92
5507	92
8161	92
11370	92
13059	92
14790	92
16412	92
16462	92
17305	92
17720	92
17819	92
19424	92
20137	92
20271	92
21015	92
21411	92
22368	92
26210	92
27475	92
28114	92
33157	92
35251	92
36103	92
37483	92
37998	92
38042	92
39556	92
42594	92
45843	92
47232	92
48112	92
48255	92
49394	92
1938	91
2356	91
5684	91
8870	91
9665	91
10395	91
13436	91
14605	91
15080	91
18221	91
18412	91
20621	91
21935	91
24329	91
24833	91
28113	91
34367	91
41867	91
41989	91
42351	91
42779	91
46285	91
48097	91
3311	90
4211	90
4530	90
7408	90
16714	90
22363	90
23417	90
25884	90
33276	90
1079	89
9331	89
22883	89
24118	89
27115	89
35458	89
45918	89
49518	89
49726	89
11951	88
12440	88
27873	88
31106	88
44911	88
2439	87
10478	87
28605	87
10361	86
12253	86
20046	86
25660	86
35129	86
3746	85
9767	85
14237	85
14449	85
27586	84
29026	84
10798	82
8486	81
29523	81
46312	81
12853	80
27789	80
20826	79
41740	79
134	78
8596	78
8931	78
29125	78
32090	78
4688	77
4921	77
22228	77
16392	76
16987	76
20117	76
2412	75
3592	75
9101	75
44175	75
16694	74
19166	74
45956	74
1977	73
2907	73
6731	73
16316	73
26087	73
29656	73
42820	73
6071	72
21597	72
1766	71
31935	71
4400	70
18400	70
28416	70
23753	68
28559	68
49410	68
12210	67
23936	67
32306	66
8442	65
34356	65
38884	65
321	64
15055	64
15820	63
8390	61
38067	61
48484	61
17840	60
44674	60
18629	58
28082	58
40350	58
34038	57
27640	56
45251	56
7159	55
32239	55
18657	54
11411	53
38604	53
40615	53
43902	53
37485	52
3467	51
9417	51
27596	50
13248	49
27322	49
40739	49
37100	48
1387	47
5887	47
45602	46
18854	45
4940	44
27647	43
29309	43
2263	42
18807	42
2814	40
3035	40
24708	40
9831	39
14379	39
34440	38
44590	37
7845	32
32286	31
20331	23
