127	108
166	108
597	108
869	108
1289	108
1442	108
1774	108
2230	108
3253	108
3991	108
4394	108
4543	108
4986	108
5314	108
5489	108
6272	108
6315	108
6701	108
7108	108
7286	108
7298	108
7391	108
8291	108
8908	108
10073	108
10488	108
11134	108
11284	108
12436	108
13858	108
13956	108
14152	108
14717	108
15574	108
15893	108
16002	108
16919	108
16939	108
16988	108
18064	108
18131	108
19122	108
19246	108
21274	108
21384	108
23527	108
23647	108
23861	108
24013	108
24023	108
24657	108
24822	108
25243	108
25759	108
25832	108
26870	108
26989	108
27490	108
28036	108
29314	108
29501	108
30217	108
30458	108
30615	108
31014	108
31166	108
31975	108
32062	108
32208	108
33593	108
34158	108
34845	108
34899	108
36868	108
37336	108
38386	108
38530	108
39578	108
40405	108
40453	108
40477	108
40537	108
40792	108
41254	108
41307	108
41443	108
41550	108
42332	108
42732	108
42900	108
43073	108
43370	108
43903	108
44918	108
45652	108
46068	108
46315	108
46889	108
48746	108
48974	108
49578	108
11	107
517	107
555	107
978	107
1105	107
1266	107
1301	107
1561	107
1570	107
1669	107
1949	107
1964	107
2162	107
2219	107
2259	107
2387	107
2689	107
2771	107
2909	107
3103	107
3647	107
3890	107
3921	107
4200	107
4334	107
4405	107
4715	107
4859	107
4866	107
4880	107
4902	107
5152	107
5235	107
5366	107
5368	107
5527	107
5616	107
5629	107
5729	107
6555	107
6902	107
7017	107
7031	107
7231	107
7483	107
7709	107
7855	107
8019	107
8536	107
8551	107
8615	107
8635	107
8735	107
8806	107
8881	107
8951	107
8990	107
9022	107
9150	107
9291	107
9424	107
9543	107
9567	107
9620	107
10026	107
10183	107
10225	107
10370	107
10408	107
10416	107
10711	107
10755	107
10798	107
10912	107
11238	107
11312	107
11412	107
11453	107
11467	107
11505	107
11526	107
11707	107
11714	107
11755	107
11832	107
11881	107
11983	107
12187	107
12236	107
12288	107
12392	107
12487	107
12497	107
12628	107
12637	107
12653	107
13339	107
13508	107
13634	107
13704	107
13933	107
14272	107
14322	107
14330	107
14401	107
14647	107
14706	107
14731	107
14765	107
14785	107
14838	107
14925	107
15015	107
15221	107
15365	107
15585	107
15662	107
15802	107
15836	107
16133	107
16139	107
16158	107
16223	107
16227	107
16248	107
16492	107
16659	107
17192	107
17208	107
17241	107
17277	107
17284	107
17288	107
17298	107
17526	107
17784	107
17850	107
17923	107
18126	107
18160	107
18183	107
18279	107
18417	107
18508	107
18679	107
18686	107
18733	107
18874	107
19143	107
19252	107
19619	107
19725	107
19838	107
19886	107
19915	107
19964	107
20044	107
20311	107
20312	107
20436	107
20546	107
20796	107
20873	107
21182	107
21231	107
21340	107
21528	107
21655	107
21872	107
21949	107
22138	107
22233	107
22440	107
22504	107
22550	107
22565	107
22778	107
22790	107
23044	107
23081	107
23139	107
23315	107
23427	107
23582	107
23663	107
23724	107
24008	107
24029	107
24179	107
24208	107
24217	107
24488	107
24506	107
24604	107
24692	107
24766	107
25036	107
25104	107
25182	107
25197	107
25290	107
25325	107
25352	107
25376	107
25402	107
25433	107
25686	107
25770	107
25883	107
26104	107
26134	107
26172	107
26194	107
26222	107
26248	107
26409	107
26512	107
26575	107
26582	107
26637	107
27150	107
27250	107
27274	107
27344	107
27407	107
27415	107
27513	107
27538	107
27740	107
28154	107
28181	107
28222	107
28280	107
28283	107
28288	107
28545	107
28561	107
28623	107
28722	107
28752	107
28883	107
29021	107
29469	107
29548	107
29568	107
29601	107
29664	107
29692	107
29716	107
29731	107
29817	107
29910	107
30006	107
30096	107
30148	107
30240	107
30675	107
30728	107
30760	107
30891	107
31097	107
31116	107
31120	107
31197	107
31508	107
31542	107
31584	107
31677	107
31770	107
31771	107
31817	107
31853	107
31873	107
31927	107
31977	107
31989	107
32073	107
32089	107
32096	107
32162	107
32258	107
32259	107
32263	107
32350	107
32365	107
32376	107
32612	107
32627	107
32766	107
32844	107
32965	107
33003	107
33106	107
33230	107
33310	107
33548	107
33577	107
33616	107
33620	107
33650	107
33661	107
33828	107
33874	107
33990	107
34041	107
34042	107
34163	107
34265	107
34382	107
34420	107
34508	107
34534	107
34536	107
34745	107
34854	107
35227	107
35289	107
35302	107
35357	107
35516	107
35544	107
35769	107
36001	107
36059	107
36218	107
36245	107
36373	107
36467	107
36696	107
36721	107
36875	107
37074	107
37185	107
37456	107
37457	107
37570	107
37613	107
37687	107
37971	107
38167	107
38246	107
38282	107
38301	107
38430	107
38431	107
38469	107
38736	107
38787	107
38913	107
38978	107
39126	107
39235	107
39275	107
39294	107
39334	107
39348	107
39609	107
39840	107
39992	107
40192	107
40296	107
40425	107
40449	107
40602	107
40670	107
40751	107
40923	107
40957	107
40972	107
41163	107
41316	107
41671	107
41860	107
42298	107
42307	107
42682	107
42686	107
42694	107
42769	107
42805	107
42942	107
43137	107
43209	107
43362	107
43552	107
43603	107
43605	107
43657	107
43678	107
43807	107
43908	107
44058	107
44062	107
44190	107
44368	107
44416	107
44433	107
44442	107
44610	107
44852	107
44892	107
45112	107
45526	107
45552	107
45858	107
46056	107
46077	107
46100	107
46227	107
46418	107
46515	107
46617	107
46854	107
46894	107
47033	107
47268	107
47394	107
47442	107
47492	107
47534	107
47572	107
47628	107
47667	107
47844	107
47881	107
48275	107
48363	107
48415	107
48419	107
48482	107
48555	107
48758	107
48798	107
48923	107
48998	107
49342	107
49366	107
49401	107
49448	107
49607	107
49946	107
69	106
73	106
74	106
207	106
291	106
301	106
320	106
450	106
536	106
635	106
638	106
835	106
885	106
887	106
935	106
1043	106
1046	106
1153	106
1196	106
1290	106
1302	106
1303	106
1326	106
1342	106
1427	106
1430	106
1547	106
1641	106
1700	106
1715	106
1810	106
1871	106
1946	106
1978	106
2026	106
2030	106
2051	106
2137	106
2141	106
2165	106
2198	106
2303	106
2339	106
2340	106
2354	106
2405	106
2416	106
2438	106
2468	106
2472	106
2537	106
2542	106
2558	106
2585	106
2606	106
2627	106
2668	106
2687	106
2690	106
2707	106
2730	106
2731	106
2753	106
2891	106
2919	106
2933	106
2946	106
3008	106
3046	106
3053	106
3055	106
3094	106
3099	106
3117	106
3174	106
3245	106
3268	106
3299	106
3308	106
3337	106
3413	106
3437	106
3454	106
3490	106
3494	106
3593	106
3618	106
3691	106
3830	106
3951	106
3974	106
3995	106
4000	106
4046	106
4121	106
4157	106
4243	106
4265	106
4287	106
4326	106
4348	106
4461	106
4462	106
4483	106
4551	106
4552	106
4568	106
4580	106
4655	106
4721	106
4772	106
4801	106
4821	106
4853	106
4901	106
4953	106
4960	106
4988	106
5033	106
5056	106
5065	106
5071	106
5088	106
5117	106
5126	106
5153	106
5227	106
5247	106
5293	106
5308	106
5325	106
5390	106
5395	106
5418	106
5431	106
5464	106
5492	106
5641	106
5644	106
5731	106
5747	106
5754	106
5759	106
5978	106
6069	106
6076	106
6101	106
6114	106
6129	106
6191	106
6195	106
6196	106
6250	106
6303	106
6304	106
6362	106
6408	106
6488	106
6512	106
6529	106
6544	106
6573	106
6626	106
6657	106
6673	106
6703	106
6728	106
6862	106
6922	106
6963	106
6978	106
7005	106
7048	106
7062	106
7063	106
7099	106
7147	106
7203	106
7250	106
7256	106
7344	106
7346	106
7355	106
7388	106
7416	106
7439	106
7448	106
7468	106
7517	106
7581	106
7597	106
7734	106
7779	106
7823	106
7824	106
7833	106
7920	106
7937	106
7985	106
8065	106
8089	106
8188	106
8237	106
8269	106
8362	106
8513	106
8566	106
8643	106
8647	106
8757	106
8769	106
8779	106
8781	106
8937	106
8938	106
9211	106
9214	106
9240	106
9284	106
9326	106
9350	106
9401	106
9438	106
9442	106
9445	106
9508	106
9530	106
9574	106
9608	106
9628	106
9637	106
9656	106
9689	106
9751	106
9794	106
10202	106
10211	106
10236	106
10244	106
10285	106
10290	106
10304	106
10323	106
10358	106
10359	106
10380	106
10394	106
10484	106
10590	106
10676	106
10685	106
10756	106
10768	106
10780	106
10819	106
10873	106
10968	106
11007	106
11032	106
11042	106
11053	106
11068	106
11074	106
11102	106
11115	106
11142	106
11179	106
11300	106
11307	106
11316	106
11336	106
11356	106
11454	106
11495	106
11516	106
11669	106
11835	106
11860	106
11898	106
11912	106
12004	106
12016	106
12045	106
12137	106
12199	106
12225	106
12344	106
12386	106
12425	106
12434	106
12460	106
12531	106
12627	106
12802	106
12881	106
12885	106
12908	106
13003	106
13098	106
13132	106
13258	106
13301	106
13315	106
13460	106
13540	106
13549	106
13555	106
13565	106
13580	106
13694	106
13717	106
13718	106
13779	106
13826	106
14097	106
14125	106
14218	106
14283	106
14459	106
14483	106
14496	106
14497	106
14520	106
14527	106
14573	106
14676	106
14730	106
14747	106
14760	106
14769	106
14781	106
14863	106
14892	106
14907	106
14953	106
15197	106
15364	106
15370	106
15412	106
15601	106
15605	106
15681	106
15852	106
15891	106
15921	106
15935	106
16023	106
16058	106
16082	106
16093	106
16117	106
16147	106
16163	106
16170	106
16299	106
16312	106
16375	106
16408	106
16512	106
16522	106
16578	106
16669	106
16777	106
16792	106
16812	106
16895	106
17041	106
17085	106
17103	106
17252	106
17255	106
17270	106
17356	106
17464	106
17556	106
17640	106
17644	106
17646	106
17648	106
17732	106
17812	106
17914	106
17927	106
17949	106
18008	106
18023	106
18061	106
18100	106
18129	106
18184	106
18338	106
18345	106
18377	106
18392	106
18482	106
18501	106
18553	106
18693	106
18735	106
18784	106
18932	106
18964	106
18973	106
18975	106
19158	106
19185	106
19288	106
19396	106
19446	106
19477	106
19479	106
19485	106
19489	106
19513	106
19526	106
19527	106
19537	106
19557	106
19578	106
19595	106
19667	106
19703	106
19765	106
19770	106
20068	106
20118	106
20134	106
20232	106
20288	106
20309	106
20316	106
20369	106
20607	106
20641	106
20701	106
20703	106
20714	106
20760	106
20770	106
20779	106
20920	106
21085	106
21109	106
21127	106
21240	106
21278	106
21396	106
21420	106
21468	106
21485	106
21497	106
21525	106
21567	106
21578	106
21580	106
21624	106
21652	106
21692	106
21703	106
21726	106
21760	106
21764	106
21776	106
21821	106
21823	106
21843	106
21887	106
21956	106
21964	106
21978	106
21997	106
22048	106
22056	106
22092	106
22114	106
22169	106
22372	106
22420	106
22460	106
22533	106
22555	106
22605	106
22633	106
22639	106
22742	106
22758	106
22802	106
22959	106
23050	106
23114	106
23129	106
23226	106
23261	106
23404	106
23571	106
23812	106
23826	106
23838	106
23895	106
23904	106
23906	106
23976	106
24051	106
24121	106
24205	106
24386	106
24446	106
24457	106
24504	106
24508	106
24520	106
24547	106
24600	106
24694	106
24724	106
24742	106
24746	106
24795	106
24807	106
24825	106
24870	106
24877	106
24952	106
24957	106
24961	106
24979	106
24980	106
25019	106
25035	106
25051	106
25120	106
25258	106
25259	106
25275	106
25304	106
25322	106
25335	106
25404	106
25423	106
25429	106
25451	106
25466	106
25536	106
25640	106
25671	106
25727	106
25789	106
25855	106
25869	106
25870	106
25916	106
26095	106
26124	106
26168	106
26223	106
26267	106
26290	106
26602	106
26605	106
26614	106
26625	106
26643	106
26746	106
26749	106
26756	106
26884	106
26900	106
27028	106
27104	106
27168	106
27198	106
27200	106
27248	106
27259	106
27354	106
27443	106
27458	106
27489	106
27658	106
27675	106
27800	106
27806	106
27889	106
27916	106
27955	106
28020	106
28028	106
28042	106
28076	106
28083	106
28184	106
28208	106
28228	106
28306	106
28308	106
28317	106
28324	106
28486	106
28572	106
28584	106
28651	106
28690	106
28698	106
28725	106
28739	106
28780	106
28855	106
28916	106
28945	106
29025	106
29053	106
29162	106
29234	106
29265	106
29382	106
29481	106
29482	106
29561	106
29761	106
29819	106
29907	106
29987	106
30083	106
30140	106
30170	106
30279	106
30371	106
30407	106
30501	106
30773	106
30823	106
30824	106
30859	106
31030	106
31077	106
31092	106
31095	106
31201	106
31243	106
31338	106
31345	106
31348	106
31414	106
31433	106
31440	106
31450	106
31557	106
31573	106
31696	106
31714	106
31809	106
31862	106
31881	106
31910	106
31913	106
31916	106
31951	106
31974	106
32033	106
32099	106
32121	106
32130	106
32161	106
32199	106
32200	106
32291	106
32315	106
32371	106
32382	106
32424	106
32609	106
32616	106
32679	106
32702	106
32705	106
32710	106
32722	106
32769	106
32793	106
32904	106
32932	106
32939	106
33006	106
33027	106
33127	106
33133	106
33164	106
33196	106
33330	106
33370	106
33441	106
33479	106
33565	106
33598	106
33617	106
33637	106
33676	106
33685	106
33767	106
33795	106
33925	106
33951	106
33965	106
33974	106
34116	106
34130	106
34132	106
34149	106
34169	106
34186	106
34230	106
34327	106
34351	106
34368	106
34416	106
34490	106
34564	106
34618	106
34647	106
34777	106
34799	106
34802	106
34818	106
34836	106
34966	106
35038	106
35072	106
35116	106
35164	106
35165	106
35177	106
35270	106
35325	106
35358	106
35368	106
35582	106
35619	106
35644	106
35669	106
35690	106
35691	106
35755	106
35777	106
36045	106
36074	106
36091	106
36251	106
36264	106
36274	106
36321	106
36359	106
36364	106
36533	106
36534	106
36544	106
36601	106
36663	106
36736	106
36883	106
36913	106
36946	106
36978	106
37027	106
37124	106
37179	106
37245	106
37285	106
37304	106
37470	106
37498	106
37627	106
37659	106
37750	106
37793	106
37809	106
37848	106
37950	106
37962	106
38015	106
38017	106
38031	106
38038	106
38053	106
38056	106
38121	106
38360	106
38378	106
38410	106
38440	106
38443	106
38566	106
38617	106
38692	106
38851	106
38879	106
38919	106
38984	106
38987	106
39026	106
39063	106
39109	106
39146	106
39175	106
39199	106
39218	106
39238	106
39297	106
39332	106
39392	106
39424	106
39425	106
39433	106
39614	106
39644	106
39683	106
39722	106
39728	106
39813	106
39859	106
39920	106
40004	106
40089	106
40110	106
40143	106
40148	106
40164	106
40423	106
40434	106
40443	106
40547	106
40591	106
40710	106
40763	106
40838	106
40871	106
40890	106
40919	106
40933	106
40964	106
40999	106
41018	106
41044	106
41096	106
41255	106
41257	106
41290	106
41348	106
41446	106
41476	106
41634	106
41693	106
41701	106
41713	106
41759	106
41769	106
41775	106
41787	106
41798	106
41850	106
42029	106
42034	106
42071	106
42073	106
42089	106
42165	106
42179	106
42183	106
42234	106
42264	106
42269	106
42271	106
42313	106
42347	106
42377	106
42440	106
42488	106
42564	106
42658	106
42733	106
42791	106
42826	106
42899	106
42905	106
42933	106
42987	106
43297	106
43307	106
43331	106
43338	106
43358	106
43397	106
43471	106
43503	106
43571	106
43572	106
43645	106
43729	106
43793	106
43806	106
43830	106
43849	106
43873	106
43886	106
43926	106
43947	106
44079	106
44245	106
44259	106
44266	106
44281	106
44409	106
44466	106
44471	106
44487	106
44585	106
44694	106
44705	106
44899	106
44979	106
45123	106
45132	106
45137	106
45161	106
45205	106
45331	106
45375	106
45534	106
45594	106
45687	106
45995	106
46003	106
46060	106
46081	106
46264	106
46276	106
46346	106
46351	106
46385	106
46645	106
46667	106
46722	106
46844	106
46863	106
46880	106
47208	106
47289	106
47360	106
47362	106
47366	106
47373	106
47480	106
47547	106
47616	106
47681	106
47752	106
47775	106
47786	106
47815	106
47822	106
47827	106
47873	106
47903	106
47947	106
47964	106
47998	106
48059	106
48088	106
48167	106
48183	106
48187	106
48226	106
48289	106
48520	106
48607	106
48622	106
48655	106
48688	106
48799	106
48888	106
48940	106
49012	106
49088	106
49101	106
49170	106
49226	106
49266	106
49312	106
49319	106
49362	106
49393	106
49442	106
49453	106
49508	106
49622	106
49674	106
49728	106
49911	106
9	105
40	105
57	105
125	105
174	105
230	105
277	105
315	105
357	105
437	105
455	105
460	105
549	105
563	105
629	105
657	105
703	105
753	105
778	105
817	105
855	105
884	105
1018	105
1029	105
1045	105
1050	105
1164	105
1193	105
1201	105
1275	105
1324	105
1325	105
1388	105
1401	105
1441	105
1515	105
1521	105
1580	105
1605	105
1606	105
1634	105
1657	105
1665	105
1718	105
1731	105
1755	105
1784	105
1863	105
1888	105
1908	105
1910	105
2001	105
2027	105
2038	105
2060	105
2083	105
2182	105
2199	105
2201	105
2217	105
2267	105
2271	105
2280	105
2290	105
2334	105
2355	105
2378	105
2406	105
2504	105
2515	105
2521	105
2583	105
2608	105
2629	105
2634	105
2637	105
2656	105
2723	105
2738	105
2741	105
2765	105
2770	105
2791	105
2807	105
2815	105
2841	105
2882	105
2905	105
2935	105
2970	105
3004	105
3009	105
3022	105
3033	105
3062	105
3093	105
3120	105
3135	105
3188	105
3191	105
3206	105
3341	105
3342	105
3366	105
3396	105
3425	105
3482	105
3488	105
3489	105
3507	105
3511	105
3520	105
3545	105
3579	105
3589	105
3626	105
3649	105
3696	105
3699	105
3710	105
3809	105
3835	105
3856	105
3897	105
3911	105
3927	105
3933	105
3940	105
3956	105
3981	105
4037	105
4040	105
4058	105
4146	105
4148	105
4204	105
4207	105
4247	105
4250	105
4260	105
4327	105
4329	105
4346	105
4354	105
4360	105
4365	105
4404	105
4433	105
4515	105
4517	105
4549	105
4582	105
4696	105
4724	105
4756	105
4768	105
4817	105
4855	105
4867	105
4871	105
4999	105
5141	105
5198	105
5201	105
5216	105
5231	105
5237	105
5250	105
5259	105
5281	105
5291	105
5321	105
5383	105
5402	105
5423	105
5429	105
5445	105
5459	105
5505	105
5519	105
5565	105
5591	105
5592	105
5651	105
5658	105
5663	105
5691	105
5730	105
5744	105
5745	105
5749	105
5766	105
5779	105
5783	105
5794	105
5827	105
5872	105
5873	105
5898	105
5928	105
5940	105
5958	105
5980	105
6002	105
6016	105
6095	105
6104	105
6143	105
6163	105
6172	105
6194	105
6266	105
6324	105
6347	105
6439	105
6462	105
6517	105
6524	105
6574	105
6630	105
6632	105
6675	105
6679	105
6709	105
6724	105
6773	105
6794	105
6804	105
6828	105
6840	105
6850	105
6853	105
6920	105
6980	105
7098	105
7100	105
7110	105
7166	105
7184	105
7238	105
7244	105
7366	105
7389	105
7415	105
7457	105
7506	105
7557	105
7598	105
7599	105
7631	105
7651	105
7653	105
7658	105
7681	105
7684	105
7703	105
7736	105
7802	105
7829	105
7856	105
7909	105
7949	105
7951	105
7953	105
7969	105
7975	105
8049	105
8146	105
8171	105
8249	105
8251	105
8256	105
8262	105
8347	105
8368	105
8387	105
8388	105
8404	105
8437	105
8470	105
8500	105
8510	105
8522	105
8658	105
8667	105
8745	105
8749	105
8776	105
8827	105
8860	105
8865	105
8872	105
8899	105
8961	105
9002	105
9032	105
9044	105
9096	105
9161	105
9164	105
9190	105
9297	105
9324	105
9334	105
9335	105
9359	105
9422	105
9495	105
9533	105
9644	105
9662	105
9681	105
9684	105
9688	105
9727	105
9759	105
9854	105
9898	105
9918	105
9921	105
9928	105
9948	105
10032	105
10033	105
10037	105
10110	105
10147	105
10171	105
10200	105
10217	105
10249	105
10253	105
10291	105
10329	105
10443	105
10497	105
10541	105
10560	105
10564	105
10566	105
10567	105
10578	105
10585	105
10698	105
10713	105
10794	105
10879	105
10900	105
10953	105
10982	105
10985	105
11052	105
11094	105
11096	105
11108	105
11131	105
11137	105
11242	105
11306	105
11318	105
11334	105
11354	105
11376	105
11403	105
11534	105
11541	105
11557	105
11616	105
11622	105
11627	105
11655	105
11690	105
11715	105
11780	105
11799	105
11842	105
11856	105
11893	105
11917	105
11928	105
11953	105
11987	105
11989	105
12052	105
12098	105
12114	105
12118	105
12203	105
12224	105
12231	105
12237	105
12262	105
12297	105
12373	105
12384	105
12389	105
12397	105
12416	105
12417	105
12424	105
12426	105
12428	105
12433	105
12464	105
12480	105
12492	105
12525	105
12566	105
12571	105
12613	105
12632	105
12642	105
12716	105
12720	105
12773	105
12813	105
12824	105
12831	105
12867	105
12880	105
12915	105
12918	105
12949	105
12987	105
13000	105
13011	105
13042	105
13063	105
13074	105
13101	105
13128	105
13173	105
13204	105
13205	105
13206	105
13213	105
13276	105
13305	105
13337	105
13379	105
13386	105
13389	105
13405	105
13414	105
13476	105
13533	105
13537	105
13550	105
13584	105
13590	105
13616	105
13738	105
13739	105
13776	105
13788	105
13841	105
13844	105
13865	105
13920	105
13937	105
13952	105
13988	105
14054	105
14058	105
14063	105
14082	105
14107	105
14108	105
14140	105
14141	105
14177	105
14192	105
14209	105
14230	105
14253	105
14266	105
14321	105
14327	105
14349	105
14367	105
14434	105
14440	105
14464	105
14472	105
14477	105
14526	105
14572	105
14623	105
14630	105
14690	105
14724	105
14737	105
14791	105
14847	105
14873	105
14956	105
14968	105
15076	105
15083	105
15118	105
15129	105
15179	105
15383	105
15425	105
15427	105
15445	105
15463	105
15492	105
15498	105
15524	105
15537	105
15570	105
15595	105
15641	105
15722	105
15756	105
15758	105
15767	105
15811	105
15830	105
15833	105
15838	105
15844	105
15867	105
15896	105
15915	105
15948	105
16011	105
16085	105
16091	105
16123	105
16145	105
16165	105
16185	105
16206	105
16288	105
16296	105
16309	105
16315	105
16361	105
16363	105
16390	105
16438	105
16527	105
16568	105
16596	105
16616	105
16667	105
16715	105
16722	105
16753	105
16770	105
16922	105
17032	105
17130	105
17164	105
17230	105
17261	105
17269	105
17304	105
17311	105
17366	105
17429	105
17435	105
17436	105
17587	105
17682	105
17689	105
17710	105
17714	105
17821	105
17833	105
17848	105
17969	105
17978	105
18007	105
18018	105
18058	105
18093	105
18153	105
18154	105
18238	105
18245	105
18261	105
18291	105
18310	105
18311	105
18320	105
18341	105
18359	105
18452	105
18454	105
18472	105
18483	105
18511	105
18538	105
18557	105
18566	105
18572	105
18613	105
18625	105
18711	105
18778	105
18808	105
18846	105
18857	105
18896	105
18976	105
18985	105
19028	105
19058	105
19075	105
19117	105
19126	105
19182	105
19227	105
19238	105
19240	105
19266	105
19302	105
19303	105
19320	105
19323	105
19343	105
19385	105
19398	105
19538	105
19558	105
19582	105
19598	105
19604	105
19629	105
19634	105
19636	105
19655	105
19697	105
19702	105
19774	105
19780	105
19786	105
19810	105
19839	105
19846	105
19906	105
19929	105
19931	105
19955	105
19956	105
20020	105
20024	105
20037	105
20047	105
20113	105
20164	105
20184	105
20215	105
20227	105
20285	105
20400	105
20407	105
20420	105
20429	105
20465	105
20473	105
20564	105
20668	105
20676	105
20772	105
20784	105
20788	105
20862	105
20914	105
20964	105
20979	105
20997	105
21019	105
21041	105
21044	105
21071	105
21114	105
21181	105
21198	105
21250	105
21308	105
21312	105
21324	105
21458	105
21463	105
21470	105
21568	105
21590	105
21591	105
21658	105
21724	105
21749	105
21750	105
21759	105
21771	105
21851	105
21892	105
22072	105
22122	105
22126	105
22146	105
22240	105
22245	105
22280	105
22316	105
22325	105
22337	105
22365	105
22395	105
22450	105
22521	105
22534	105
22619	105
22622	105
22628	105
22652	105
22662	105
22759	105
22779	105
22824	105
22853	105
22870	105
22872	105
22895	105
22931	105
22960	105
22967	105
22987	105
22988	105
22998	105
23003	105
23079	105
23092	105
23107	105
23200	105
23206	105
23211	105
23220	105
23296	105
23299	105
23329	105
23345	105
23356	105
23499	105
23516	105
23599	105
23610	105
23618	105
23619	105
23626	105
23661	105
23706	105
23760	105
23773	105
23805	105
23835	105
23846	105
23860	105
24035	105
24073	105
24107	105
24127	105
24133	105
24154	105
24250	105
24263	105
24293	105
24340	105
24353	105
24375	105
24380	105
24402	105
24419	105
24438	105
24443	105
24467	105
24468	105
24471	105
24474	105
24475	105
24486	105
24493	105
24535	105
24556	105
24570	105
24621	105
24701	105
24726	105
24743	105
24745	105
24753	105
24758	105
24769	105
24801	105
24878	105
24897	105
24906	105
24910	105
24915	105
24978	105
25011	105
25040	105
25043	105
25089	105
25103	105
25112	105
25123	105
25139	105
25208	105
25216	105
25233	105
25319	105
25348	105
25356	105
25364	105
25369	105
25465	105
25509	105
25526	105
25528	105
25586	105
25589	105
25590	105
25609	105
25673	105
25733	105
25786	105
25804	105
25824	105
25880	105
25895	105
25902	105
25915	105
25934	105
25952	105
25954	105
25993	105
26010	105
26043	105
26070	105
26123	105
26325	105
26359	105
26424	105
26446	105
26486	105
26530	105
26539	105
26544	105
26617	105
26627	105
26628	105
26686	105
26712	105
26781	105
26785	105
26810	105
26820	105
26833	105
26843	105
26852	105
26855	105
26858	105
26888	105
26894	105
26902	105
26921	105
26965	105
26969	105
26999	105
27019	105
27036	105
27086	105
27096	105
27110	105
27122	105
27123	105
27245	105
27257	105
27275	105
27341	105
27378	105
27394	105
27395	105
27403	105
27427	105
27446	105
27486	105
27511	105
27515	105
27529	105
27566	105
27589	105
27627	105
27650	105
27656	105
27690	105
27736	105
27739	105
27798	105
27811	105
27814	105
27824	105
27888	105
27898	105
27942	105
27949	105
27967	105
28038	105
28039	105
28047	105
28077	105
28098	105
28121	105
28250	105
28261	105
28304	105
28337	105
28341	105
28350	105
28392	105
28400	105
28401	105
28415	105
28457	105
28475	105
28497	105
28518	105
28565	105
28629	105
28637	105
28638	105
28665	105
28726	105
28808	105
28868	105
28877	105
28937	105
29113	105
29145	105
29210	105
29231	105
29253	105
29266	105
29279	105
29280	105
29300	105
29310	105
29315	105
29363	105
29393	105
29417	105
29454	105
29546	105
29556	105
29570	105
29579	105
29592	105
29593	105
29670	105
29699	105
29751	105
29764	105
29766	105
29773	105
29783	105
29855	105
29924	105
29934	105
29936	105
29964	105
29967	105
30001	105
30028	105
30056	105
30057	105
30076	105
30079	105
30107	105
30115	105
30136	105
30139	105
30169	105
30171	105
30191	105
30206	105
30234	105
30267	105
30272	105
30277	105
30312	105
30375	105
30409	105
30410	105
30440	105
30467	105
30547	105
30550	105
30576	105
30597	105
30620	105
30633	105
30649	105
30672	105
30696	105
30724	105
30742	105
30799	105
30812	105
30826	105
30851	105
30866	105
30936	105
31037	105
31042	105
31083	105
31115	105
31157	105
31188	105
31274	105
31296	105
31300	105
31324	105
31327	105
31405	105
31445	105
31472	105
31484	105
31502	105
31566	105
31647	105
31664	105
31774	105
31776	105
31792	105
31820	105
31868	105
31942	105
31944	105
31965	105
32026	105
32068	105
32069	105
32124	105
32157	105
32159	105
32236	105
32264	105
32302	105
32329	105
32343	105
32378	105
32431	105
32481	105
32499	105
32533	105
32541	105
32583	105
32607	105
32611	105
32613	105
32617	105
32621	105
32628	105
32644	105
32653	105
32654	105
32667	105
32685	105
32747	105
32763	105
32905	105
32925	105
33019	105
33057	105
33219	105
33226	105
33228	105
33271	105
33288	105
33289	105
33336	105
33369	105
33404	105
33436	105
33450	105
33481	105
33541	105
33552	105
33622	105
33633	105
33638	105
33647	105
33658	105
33681	105
33712	105
33742	105
33763	105
33781	105
33804	105
33811	105
33819	105
33856	105
33883	105
33890	105
33937	105
34007	105
34064	105
34065	105
34097	105
34145	105
34200	105
34214	105
34258	105
34312	105
34325	105
34360	105
34412	105
34429	105
34454	105
34460	105
34473	105
34501	105
34513	105
34526	105
34529	105
34549	105
34565	105
34570	105
34581	105
34623	105
34633	105
34718	105
34766	105
34767	105
34788	105
34805	105
34831	105
34842	105
34882	105
34883	105
34981	105
35048	105
35050	105
35083	105
35124	105
35147	105
35178	105
35198	105
35233	105
35305	105
35443	105
35507	105
35532	105
35557	105
35567	105
35614	105
35627	105
35651	105
35704	105
35727	105
35830	105
35879	105
35912	105
35945	105
36064	105
36080	105
36159	105
36165	105
36168	105
36180	105
36240	105
36269	105
36288	105
36303	105
36342	105
36394	105
36403	105
36516	105
36528	105
36622	105
36684	105
36691	105
36735	105
36738	105
36775	105
36783	105
36784	105
36791	105
36808	105
36825	105
36828	105
36836	105
36844	105
36900	105
36905	105
36937	105
36976	105
36991	105
36992	105
37029	105
37043	105
37087	105
37102	105
37114	105
37120	105
37135	105
37147	105
37170	105
37193	105
37224	105
37257	105
37260	105
37307	105
37438	105
37486	105
37499	105
37522	105
37552	105
37588	105
37590	105
37611	105
37700	105
37736	105
37778	105
37867	105
37879	105
37912	105
37960	105
38028	105
38034	105
38064	105
38131	105
38132	105
38146	105
38164	105
38176	105
38210	105
38228	105
38291	105
38292	105
38328	105
38356	105
38370	105
38411	105
38450	105
38473	105
38491	105
38505	105
38550	105
38574	105
38622	105
38668	105
38673	105
38678	105
38687	105
38728	105
38753	105
38801	105
38848	105
38863	105
38865	105
38896	105
38923	105
38966	105
38982	105
38993	105
39033	105
39084	105
39086	105
39121	105
39188	105
39190	105
39211	105
39279	105
39280	105
39290	105
39338	105
39417	105
39428	105
39437	105
39523	105
39524	105
39533	105
39595	105
39634	105
39645	105
39650	105
39651	105
39668	105
39776	105
39790	105
39811	105
39833	105
39857	105
39877	105
39913	105
39919	105
39974	105
40013	105
40039	105
40041	105
40128	105
40138	105
40158	105
40272	105
40407	105
40410	105
40442	105
40497	105
40505	105
40539	105
40549	105
40550	105
40556	105
40584	105
40655	105
40659	105
40675	105
40680	105
40698	105
40828	105
40835	105
40837	105
40859	105
40879	105
40904	105
40961	105
41014	105
41052	105
41054	105
41072	105
41073	105
41078	105
41101	105
41174	105
41177	105
41246	105
41291	105
41315	105
41327	105
41339	105
41412	105
41427	105
41445	105
41463	105
41493	105
41496	105
41524	105
41567	105
41587	105
41618	105
41646	105
41715	105
41796	105
41841	105
41863	105
41871	105
41925	105
41929	105
41944	105
41953	105
41959	105
42003	105
42011	105
42025	105
42042	105
42047	105
42074	105
42102	105
42149	105
42159	105
42161	105
42178	105
42213	105
42239	105
42252	105
42254	105
42259	105
42274	105
42320	105
42344	105
42349	105
42418	105
42455	105
42457	105
42473	105
42511	105
42591	105
42615	105
42633	105
42701	105
42721	105
42735	105
42748	105
42831	105
42903	105
42907	105
42935	105
42937	105
42954	105
42959	105
42992	105
43024	105
43026	105
43028	105
43058	105
43083	105
43095	105
43219	105
43228	105
43262	105
43279	105
43301	105
43323	105
43325	105
43345	105
43380	105
43395	105
43479	105
43485	105
43521	105
43634	105
43674	105
43679	105
43698	105
43734	105
43761	105
43770	105
43796	105
43821	105
43828	105
43852	105
43882	105
43935	105
43964	105
43968	105
43970	105
44122	105
44127	105
44153	105
44163	105
44199	105
44201	105
44219	105
44277	105
44464	105
44465	105
44469	105
44517	105
44550	105
44552	105
44560	105
44568	105
44574	105
44612	105
44623	105
44663	105
44739	105
44757	105
44780	105
44809	105
44961	105
44984	105
44987	105
45007	105
45017	105
45108	105
45140	105
45141	105
45142	105
45180	105
45208	105
45243	105
45378	105
45407	105
45455	105
45465	105
45481	105
45536	105
45547	105
45553	105
45616	105
45619	105
45675	105
45684	105
45719	105
45732	105
45799	105
45814	105
45826	105
45859	105
45863	105
45867	105
45882	105
45902	105
45904	105
45921	105
45940	105
45942	105
45985	105
46018	105
46045	105
46058	105
46067	105
46123	105
46137	105
46213	105
46217	105
46232	105
46243	105
46247	105
46257	105
46298	105
46311	105
46348	105
46374	105
46419	105
46485	105
46487	105
46516	105
46558	105
46588	105
46590	105
46597	105
46611	105
46706	105
46738	105
46781	105
46818	105
46862	105
46895	105
46959	105
46989	105
47011	105
47013	105
47028	105
47107	105
47138	105
47157	105
47160	105
47210	105
47230	105
47261	105
47265	105
47291	105
47391	105
47397	105
47607	105
47693	105
47743	105
47791	105
47840	105
47858	105
47895	105
47897	105
47912	105
47955	105
48007	105
48017	105
48022	105
48051	105
48079	105
48084	105
48093	105
48096	105
48104	105
48163	105
48199	105
48219	105
48225	105
48279	105
48304	105
48318	105
48368	105
48407	105
48455	105
48478	105
48483	105
48488	105
48503	105
48552	105
48639	105
48787	105
48818	105
48830	105
48846	105
48868	105
48879	105
49010	105
49073	105
49081	105
49094	105
49202	105
49254	105
49322	105
49361	105
49372	105
49375	105
49376	105
49384	105
49407	105
49422	105
49498	105
49500	105
49503	105
49533	105
49565	105
49574	105
49628	105
49640	105
49734	105
49736	105
49737	105
49748	105
49770	105
49782	105
49805	105
49816	105
49829	105
49842	105
49848	105
49880	105
49925	105
49929	105
49951	105
49963	105
49999	105
0	104
39	104
70	104
72	104
75	104
92	104
95	104
97	104
99	104
167	104
183	104
200	104
227	104
239	104
266	104
274	104
293	104
366	104
369	104
389	104
435	104
442	104
453	104
459	104
466	104
476	104
479	104
505	104
552	104
580	104
583	104
602	104
637	104
639	104
648	104
722	104
749	104
774	104
785	104
789	104
792	104
797	104
802	104
837	104
838	104
850	104
852	104
861	104
878	104
988	104
1003	104
1007	104
1017	104
1054	104
1059	104
1082	104
1083	104
1110	104
1113	104
1120	104
1131	104
1146	104
1150	104
1165	104
1195	104
1252	104
1272	104
1300	104
1320	104
1338	104
1345	104
1349	104
1369	104
1524	104
1532	104
1534	104
1569	104
1671	104
1702	104
1723	104
1726	104
1747	104
1759	104
1792	104
1798	104
1806	104
1814	104
1854	104
1875	104
1877	104
1879	104
1885	104
1928	104
1965	104
1966	104
1982	104
2084	104
2155	104
2185	104
2186	104
2195	104
2207	104
2247	104
2281	104
2283	104
2292	104
2327	104
2336	104
2359	104
2426	104
2436	104
2454	104
2466	104
2496	104
2502	104
2512	104
2514	104
2522	104
2528	104
2565	104
2673	104
2680	104
2699	104
2734	104
2811	104
2835	104
2865	104
2914	104
2924	104
2942	104
2945	104
2976	104
2989	104
2995	104
3012	104
3070	104
3080	104
3106	104
3124	104
3145	104
3156	104
3192	104
3201	104
3207	104
3212	104
3229	104
3242	104
3262	104
3274	104
3293	104
3296	104
3316	104
3328	104
3329	104
3371	104
3379	104
3397	104
3416	104
3420	104
3422	104
3440	104
3442	104
3455	104
3462	104
3470	104
3484	104
3497	104
3560	104
3561	104
3565	104
3573	104
3594	104
3604	104
3615	104
3620	104
3644	104
3658	104
3659	104
3685	104
3739	104
3741	104
3765	104
3776	104
3818	104
3862	104
3874	104
3923	104
3939	104
3943	104
3945	104
4002	104
4069	104
4131	104
4138	104
4168	104
4175	104
4181	104
4203	104
4228	104
4230	104
4274	104
4314	104
4338	104
4367	104
4391	104
4452	104
4464	104
4498	104
4512	104
4525	104
4528	104
4542	104
4558	104
4605	104
4607	104
4633	104
4637	104
4646	104
4657	104
4719	104
4784	104
4793	104
4811	104
4819	104
4823	104
4843	104
4970	104
4973	104
5007	104
5047	104
5054	104
5057	104
5058	104
5076	104
5077	104
5096	104
5121	104
5133	104
5140	104
5155	104
5156	104
5167	104
5177	104
5184	104
5188	104
5223	104
5280	104
5319	104
5323	104
5333	104
5350	104
5353	104
5356	104
5367	104
5374	104
5410	104
5428	104
5442	104
5450	104
5498	104
5525	104
5533	104
5578	104
5580	104
5600	104
5604	104
5608	104
5646	104
5659	104
5682	104
5690	104
5700	104
5706	104
5714	104
5748	104
5768	104
5791	104
5831	104
5846	104
5870	104
5903	104
5909	104
5923	104
5925	104
5939	104
5947	104
5959	104
5973	104
5993	104
6033	104
6037	104
6061	104
6109	104
6122	104
6127	104
6213	104
6214	104
6224	104
6229	104
6267	104
6271	104
6278	104
6285	104
6291	104
6330	104
6335	104
6336	104
6343	104
6364	104
6397	104
6424	104
6425	104
6430	104
6453	104
6496	104
6514	104
6534	104
6553	104
6566	104
6580	104
6588	104
6589	104
6608	104
6623	104
6652	104
6684	104
6693	104
6700	104
6740	104
6757	104
6777	104
6788	104
6795	104
6803	104
6818	104
6851	104
6864	104
6894	104
6897	104
6909	104
6910	104
6941	104
6961	104
6991	104
6999	104
7000	104
7009	104
7013	104
7036	104
7082	104
7126	104
7156	104
7195	104
7222	104
7233	104
7234	104
7252	104
7257	104
7291	104
7315	104
7326	104
7329	104
7368	104
7372	104
7375	104
7377	104
7440	104
7467	104
7487	104
7490	104
7507	104
7516	104
7619	104
7620	104
7624	104
7629	104
7643	104
7647	104
7656	104
7745	104
7766	104
7767	104
7785	104
7817	104
7827	104
7849	104
7866	104
7870	104
7893	104
7913	104
7956	104
7961	104
7996	104
8000	104
8015	104
8020	104
8029	104
8076	104
8116	104
8122	104
8157	104
8159	104
8167	104
8174	104
8178	104
8190	104
8215	104
8232	104
8274	104
8300	104
8302	104
8374	104
8384	104
8407	104
8424	104
8502	104
8540	104
8573	104
8579	104
8583	104
8591	104
8592	104
8612	104
8621	104
8645	104
8648	104
8649	104
8656	104
8657	104
8686	104
8725	104
8768	104
8778	104
8817	104
8866	104
8888	104
8893	104
8916	104
8935	104
8943	104
8948	104
9008	104
9015	104
9028	104
9041	104
9050	104
9111	104
9125	104
9128	104
9196	104
9198	104
9200	104
9202	104
9205	104
9208	104
9221	104
9222	104
9233	104
9264	104
9280	104
9285	104
9310	104
9313	104
9323	104
9368	104
9396	104
9428	104
9429	104
9441	104
9453	104
9455	104
9512	104
9517	104
9550	104
9559	104
9561	104
9563	104
9572	104
9573	104
9586	104
9627	104
9682	104
9702	104
9790	104
9792	104
9800	104
9810	104
9844	104
9845	104
9899	104
9907	104
9910	104
9935	104
9942	104
9965	104
9968	104
9978	104
9987	104
10012	104
10019	104
10022	104
10036	104
10054	104
10111	104
10113	104
10176	104
10184	104
10192	104
10223	104
10251	104
10340	104
10343	104
10377	104
10400	104
10437	104
10526	104
10614	104
10642	104
10729	104
10734	104
10771	104
10779	104
10781	104
10782	104
10783	104
10787	104
10795	104
10844	104
10846	104
10862	104
10864	104
10882	104
10884	104
10914	104
10920	104
10924	104
10959	104
10970	104
10995	104
11002	104
11016	104
11132	104
11145	104
11153	104
11155	104
11156	104
11173	104
11193	104
11217	104
11218	104
11237	104
11245	104
11254	104
11262	104
11290	104
11292	104
11308	104
11332	104
11335	104
11344	104
11358	104
11361	104
11362	104
11384	104
11433	104
11461	104
11472	104
11481	104
11489	104
11498	104
11518	104
11536	104
11543	104
11552	104
11553	104
11568	104
11628	104
11641	104
11642	104
11656	104
11666	104
11679	104
11688	104
11726	104
11728	104
11747	104
11805	104
11845	104
11865	104
11867	104
11874	104
11882	104
11909	104
11967	104
12012	104
12061	104
12110	104
12124	104
12175	104
12190	104
12208	104
12212	104
12218	104
12256	104
12287	104
12299	104
12300	104
12310	104
12362	104
12381	104
12402	104
12403	104
12413	104
12431	104
12472	104
12478	104
12513	104
12533	104
12558	104
12567	104
12582	104
12592	104
12638	104
12655	104
12659	104
12666	104
12691	104
12709	104
12710	104
12734	104
12742	104
12753	104
12791	104
12801	104
12805	104
12821	104
12828	104
12833	104
12838	104
12873	104
12875	104
12909	104
12925	104
12928	104
12933	104
12957	104
12963	104
12970	104
13058	104
13066	104
13073	104
13105	104
13112	104
13120	104
13139	104
13202	104
13246	104
13254	104
13255	104
13271	104
13296	104
13297	104
13326	104
13334	104
13336	104
13350	104
13356	104
13362	104
13420	104
13428	104
13433	104
13504	104
13517	104
13541	104
13603	104
13615	104
13619	104
13623	104
13661	104
13663	104
13673	104
13682	104
13686	104
13687	104
13691	104
13693	104
13726	104
13732	104
13736	104
13772	104
13781	104
13784	104
13823	104
13846	104
13848	104
13867	104
13882	104
13893	104
13957	104
13975	104
13976	104
13989	104
13991	104
13996	104
13997	104
13998	104
14024	104
14037	104
14040	104
14053	104
14106	104
14127	104
14187	104
14197	104
14206	104
14247	104
14250	104
14261	104
14292	104
14343	104
14414	104
14445	104
14516	104
14517	104
14540	104
14544	104
14548	104
14549	104
14553	104
14604	104
14614	104
14661	104
14669	104
14677	104
14693	104
14704	104
14727	104
14744	104
14761	104
14767	104
14784	104
14805	104
14840	104
14844	104
14850	104
14868	104
14914	104
14917	104
14967	104
14969	104
15043	104
15065	104
15075	104
15119	104
15148	104
15192	104
15199	104
15265	104
15283	104
15317	104
15391	104
15466	104
15468	104
15472	104
15476	104
15493	104
15504	104
15514	104
15583	104
15603	104
15624	104
15632	104
15634	104
15639	104
15649	104
15664	104
15678	104
15689	104
15694	104
15743	104
15745	104
15752	104
15754	104
15817	104
15825	104
15826	104
15837	104
15880	104
15897	104
15930	104
15942	104
15952	104
15955	104
15967	104
15971	104
15985	104
16014	104
16055	104
16113	104
16218	104
16219	104
16229	104
16242	104
16278	104
16279	104
16320	104
16337	104
16359	104
16369	104
16402	104
16416	104
16422	104
16432	104
16440	104
16448	104
16470	104
16482	104
16483	104
16507	104
16534	104
16537	104
16627	104
16652	104
16708	104
16726	104
16769	104
16772	104
16803	104
16805	104
16897	104
16914	104
16921	104
16961	104
16970	104
17009	104
17048	104
17098	104
17134	104
17169	104
17184	104
17185	104
17186	104
17199	104
17205	104
17222	104
17228	104
17233	104
17243	104
17264	104
17267	104
17279	104
17280	104
17281	104
17316	104
17323	104
17335	104
17344	104
17351	104
17359	104
17403	104
17404	104
17423	104
17442	104
17460	104
17461	104
17472	104
17478	104
17491	104
17500	104
17529	104
17533	104
17537	104
17557	104
17584	104
17597	104
17599	104
17605	104
17619	104
17649	104
17663	104
17671	104
17672	104
17705	104
17711	104
17712	104
17724	104
17728	104
17775	104
17780	104
17796	104
17800	104
17802	104
17810	104
17820	104
17831	104
17857	104
17861	104
17865	104
17939	104
17944	104
17993	104
18066	104
18119	104
18128	104
18159	104
18172	104
18189	104
18230	104
18231	104
18254	104
18275	104
18276	104
18283	104
18292	104
18309	104
18324	104
18326	104
18327	104
18332	104
18418	104
18465	104
18480	104
18491	104
18560	104
18580	104
18631	104
18682	104
18714	104
18759	104
18781	104
18792	104
18798	104
18799	104
18853	104
18892	104
18916	104
18929	104
18956	104
18960	104
18979	104
19011	104
19017	104
19031	104
19036	104
19042	104
19047	104
19055	104
19078	104
19088	104
19102	104
19148	104
19160	104
19165	104
19171	104
19174	104
19188	104
19213	104
19221	104
19222	104
19245	104
19247	104
19250	104
19319	104
19332	104
19363	104
19372	104
19394	104
19407	104
19411	104
19412	104
19480	104
19491	104
19546	104
19623	104
19625	104
19652	104
19665	104
19668	104
19675	104
19682	104
19772	104
19797	104
19799	104
19805	104
19826	104
19829	104
19869	104
19887	104
19897	104
19900	104
19982	104
19999	104
20004	104
20028	104
20030	104
20035	104
20162	104
20163	104
20226	104
20231	104
20234	104
20262	104
20267	104
20292	104
20305	104
20315	104
20343	104
20344	104
20374	104
20416	104
20453	104
20488	104
20496	104
20501	104
20504	104
20514	104
20523	104
20534	104
20547	104
20557	104
20562	104
20624	104
20632	104
20644	104
20652	104
20653	104
20663	104
20678	104
20706	104
20733	104
20753	104
20769	104
20808	104
20820	104
20842	104
20858	104
20877	104
20898	104
20913	104
20927	104
20928	104
20976	104
21050	104
21075	104
21086	104
21095	104
21121	104
21147	104
21164	104
21175	104
21176	104
21177	104
21210	104
21249	104
21260	104
21261	104
21300	104
21310	104
21327	104
21331	104
21368	104
21382	104
21422	104
21432	104
21443	104
21486	104
21502	104
21504	104
21546	104
21556	104
21565	104
21581	104
21601	104
21608	104
21637	104
21650	104
21657	104
21728	104
21742	104
21746	104
21768	104
21806	104
21873	104
21874	104
21926	104
21980	104
21984	104
22062	104
22066	104
22089	104
22097	104
22121	104
22179	104
22216	104
22222	104
22227	104
22251	104
22257	104
22292	104
22303	104
22310	104
22319	104
22327	104
22375	104
22390	104
22392	104
22397	104
22400	104
22456	104
22459	104
22487	104
22488	104
22495	104
22498	104
22523	104
22574	104
22586	104
22595	104
22600	104
22648	104
22659	104
22672	104
22681	104
22702	104
22710	104
22719	104
22813	104
22852	104
22869	104
22892	104
22913	104
22969	104
22989	104
23010	104
23014	104
23015	104
23067	104
23071	104
23093	104
23101	104
23115	104
23121	104
23135	104
23149	104
23205	104
23237	104
23266	104
23289	104
23362	104
23390	104
23399	104
23434	104
23439	104
23453	104
23457	104
23464	104
23477	104
23486	104
23494	104
23495	104
23537	104
23565	104
23579	104
23586	104
23587	104
23612	104
23633	104
23639	104
23640	104
23771	104
23786	104
23803	104
23815	104
23832	104
23834	104
23847	104
23882	104
23892	104
23897	104
23925	104
23934	104
23964	104
23983	104
24056	104
24057	104
24083	104
24086	104
24087	104
24105	104
24117	104
24159	104
24161	104
24172	104
24219	104
24220	104
24227	104
24237	104
24249	104
24252	104
24256	104
24294	104
24305	104
24334	104
24337	104
24418	104
24420	104
24422	104
24442	104
24498	104
24500	104
24505	104
24534	104
24538	104
24553	104
24623	104
24633	104
24637	104
24658	104
24662	104
24663	104
24671	104
24672	104
24793	104
24797	104
24798	104
24800	104
24819	104
24845	104
24859	104
24861	104
24888	104
24965	104
24969	104
25012	104
25015	104
25016	104
25018	104
25022	104
25026	104
25028	104
25083	104
25115	104
25117	104
25143	104
25168	104
25174	104
25239	104
25245	104
25249	104
25257	104
25263	104
25273	104
25323	104
25328	104
25337	104
25413	104
25453	104
25486	104
25507	104
25544	104
25547	104
25550	104
25574	104
25575	104
25591	104
25598	104
25622	104
25629	104
25630	104
25667	104
25681	104
25688	104
25711	104
25722	104
25736	104
25790	104
25828	104
25852	104
25860	104
25862	104
25872	104
25900	104
25942	104
25958	104
25964	104
25971	104
25977	104
26029	104
26034	104
26044	104
26048	104
26064	104
26073	104
26091	104
26157	104
26163	104
26165	104
26171	104
26230	104
26250	104
26287	104
26295	104
26303	104
26360	104
26377	104
26391	104
26404	104
26436	104
26457	104
26485	104
26504	104
26509	104
26542	104
26572	104
26583	104
26589	104
26622	104
26624	104
26680	104
26714	104
26770	104
26795	104
26796	104
26802	104
26804	104
26831	104
26835	104
26861	104
26899	104
26935	104
26959	104
26977	104
26983	104
27006	104
27009	104
27061	104
27063	104
27084	104
27106	104
27117	104
27172	104
27173	104
27174	104
27199	104
27219	104
27223	104
27252	104
27283	104
27362	104
27371	104
27372	104
27376	104
27383	104
27440	104
27453	104
27465	104
27469	104
27482	104
27495	104
27497	104
27524	104
27540	104
27582	104
27602	104
27604	104
27610	104
27644	104
27715	104
27716	104
27719	104
27721	104
27746	104
27766	104
27784	104
27786	104
27805	104
27815	104
27838	104
27878	104
27918	104
27957	104
27960	104
27963	104
28009	104
28046	104
28051	104
28061	104
28111	104
28116	104
28130	104
28156	104
28190	104
28202	104
28243	104
28249	104
28264	104
28274	104
28305	104
28330	104
28379	104
28381	104
28398	104
28433	104
28434	104
28441	104
28446	104
28463	104
28474	104
28487	104
28496	104
28521	104
28522	104
28540	104
28549	104
28557	104
28571	104
28587	104
28595	104
28620	104
28642	104
28677	104
28689	104
28719	104
28727	104
28737	104
28745	104
28765	104
28775	104
28778	104
28783	104
28807	104
28811	104
28822	104
28850	104
28915	104
28956	104
28964	104
28969	104
29004	104
29022	104
29023	104
29051	104
29068	104
29076	104
29097	104
29132	104
29153	104
29159	104
29196	104
29197	104
29301	104
29313	104
29323	104
29341	104
29353	104
29390	104
29405	104
29434	104
29474	104
29492	104
29535	104
29587	104
29598	104
29629	104
29632	104
29633	104
29650	104
29666	104
29688	104
29709	104
29776	104
29777	104
29793	104
29794	104
29806	104
29823	104
29880	104
29892	104
29903	104
29915	104
29990	104
30009	104
30014	104
30030	104
30034	104
30044	104
30045	104
30065	104
30085	104
30103	104
30150	104
30153	104
30165	104
30178	104
30223	104
30246	104
30262	104
30278	104
30317	104
30365	104
30379	104
30380	104
30446	104
30482	104
30507	104
30538	104
30558	104
30560	104
30565	104
30634	104
30643	104
30670	104
30678	104
30707	104
30747	104
30761	104
30848	104
30862	104
30864	104
30870	104
30906	104
30940	104
30955	104
30964	104
30967	104
30978	104
31028	104
31044	104
31070	104
31153	104
31164	104
31198	104
31208	104
31240	104
31252	104
31265	104
31283	104
31305	104
31306	104
31355	104
31358	104
31383	104
31424	104
31443	104
31485	104
31486	104
31494	104
31511	104
31526	104
31530	104
31568	104
31570	104
31608	104
31611	104
31652	104
31658	104
31660	104
31694	104
31708	104
31725	104
31739	104
31744	104
31750	104
31768	104
31781	104
31790	104
31803	104
31804	104
31812	104
31814	104
31818	104
31839	104
31875	104
31914	104
31967	104
31983	104
32008	104
32034	104
32053	104
32081	104
32128	104
32165	104
32217	104
32231	104
32288	104
32293	104
32308	104
32342	104
32352	104
32375	104
32418	104
32446	104
32479	104
32487	104
32493	104
32513	104
32522	104
32529	104
32530	104
32576	104
32600	104
32656	104
32660	104
32675	104
32719	104
32737	104
32762	104
32764	104
32787	104
32845	104
32859	104
32927	104
32944	104
32974	104
32985	104
33034	104
33046	104
33049	104
33066	104
33114	104
33143	104
33154	104
33169	104
33192	104
33206	104
33211	104
33249	104
33267	104
33274	104
33279	104
33304	104
33325	104
33337	104
33347	104
33367	104
33375	104
33395	104
33398	104
33408	104
33422	104
33430	104
33443	104
33447	104
33467	104
33476	104
33550	104
33564	104
33586	104
33605	104
33615	104
33626	104
33654	104
33659	104
33679	104
33680	104
33690	104
33708	104
33730	104
33743	104
33858	104
33864	104
33877	104
33879	104
33899	104
33913	104
33914	104
33917	104
33959	104
33961	104
33978	104
33980	104
34003	104
34004	104
34022	104
34049	104
34062	104
34072	104
34082	104
34091	104
34102	104
34164	104
34185	104
34207	104
34210	104
34211	104
34249	104
34254	104
34276	104
34294	104
34306	104
34339	104
34354	104
34395	104
34396	104
34401	104
34435	104
34471	104
34480	104
34538	104
34545	104
34551	104
34594	104
34624	104
34668	104
34671	104
34684	104
34688	104
34691	104
34705	104
34725	104
34760	104
34833	104
34834	104
34870	104
34896	104
34906	104
34919	104
34929	104
34939	104
34941	104
34995	104
34999	104
35008	104
35010	104
35011	104
35019	104
35045	104
35046	104
35054	104
35064	104
35093	104
35142	104
35146	104
35152	104
35192	104
35200	104
35231	104
35238	104
35268	104
35285	104
35323	104
35324	104
35423	104
35431	104
35440	104
35461	104
35537	104
35583	104
35595	104
35631	104
35633	104
35635	104
35661	104
35671	104
35696	104
35706	104
35720	104
35749	104
35753	104
35818	104
35823	104
35834	104
35836	104
35848	104
35888	104
35949	104
35956	104
35961	104
35986	104
35991	104
36005	104
36060	104
36065	104
36126	104
36138	104
36152	104
36268	104
36302	104
36323	104
36350	104
36353	104
36391	104
36441	104
36453	104
36460	104
36484	104
36519	104
36551	104
36565	104
36574	104
36604	104
36606	104
36624	104
36625	104
36644	104
36662	104
36668	104
36695	104
36706	104
36746	104
36814	104
36847	104
36848	104
36855	104
36872	104
36877	104
36897	104
36926	104
36928	104
36936	104
36954	104
36958	104
36963	104
36966	104
36967	104
36979	104
36982	104
36990	104
36997	104
36999	104
37012	104
37026	104
37045	104
37049	104
37059	104
37077	104
37091	104
37105	104
37109	104
37118	104
37130	104
37157	104
37162	104
37206	104
37209	104
37215	104
37223	104
37231	104
37276	104
37290	104
37303	104
37326	104
37346	104
37374	104
37382	104
37390	104
37413	104
37426	104
37433	104
37467	104
37516	104
37585	104
37591	104
37597	104
37722	104
37723	104
37733	104
37744	104
37780	104
37792	104
37796	104
37882	104
37900	104
37919	104
37920	104
37981	104
38014	104
38022	104
38046	104
38068	104
38073	104
38096	104
38119	104
38125	104
38127	104
38144	104
38195	104
38202	104
38220	104
38264	104
38270	104
38273	104
38279	104
38298	104
38308	104
38341	104
38351	104
38373	104
38406	104
38421	104
38454	104
38455	104
38465	104
38488	104
38497	104
38522	104
38526	104
38578	104
38581	104
38582	104
38600	104
38609	104
38650	104
38684	104
38685	104
38690	104
38699	104
38704	104
38766	104
38809	104
38831	104
38849	104
38866	104
38886	104
38902	104
38906	104
38916	104
38926	104
38948	104
38952	104
38958	104
38962	104
38963	104
38968	104
38976	104
38988	104
39001	104
39017	104
39030	104
39045	104
39050	104
39060	104
39064	104
39065	104
39100	104
39113	104
39122	104
39144	104
39150	104
39165	104
39166	104
39184	104
39191	104
39206	104
39216	104
39276	104
39281	104
39299	104
39333	104
39384	104
39472	104
39527	104
39535	104
39564	104
39589	104
39591	104
39638	104
39640	104
39649	104
39657	104
39660	104
39681	104
39730	104
39751	104
39753	104
39754	104
39770	104
39789	104
39791	104
39819	104
39961	104
39982	104
39990	104
39993	104
39996	104
40008	104
40047	104
40060	104
40086	104
40121	104
40193	104
40216	104
40224	104
40253	104
40309	104
40314	104
40316	104
40323	104
40375	104
40381	104
40387	104
40429	104
40465	104
40470	104
40534	104
40536	104
40561	104
40592	104
40611	104
40617	104
40619	104
40638	104
40707	104
40713	104
40714	104
40720	104
40748	104
40775	104
40787	104
40790	104
40795	104
40809	104
40813	104
40829	104
40836	104
40876	104
40894	104
40951	104
40970	104
40986	104
41002	104
41017	104
41029	104
41051	104
41057	104
41084	104
41133	104
41134	104
41152	104
41178	104
41195	104
41214	104
41237	104
41266	104
41306	104
41330	104
41336	104
41362	104
41367	104
41380	104
41460	104
41485	104
41487	104
41492	104
41495	104
41516	104
41517	104
41534	104
41553	104
41607	104
41637	104
41643	104
41678	104
41703	104
41706	104
41708	104
41727	104
41735	104
41750	104
41781	104
41819	104
41823	104
41853	104
41872	104
41880	104
41889	104
41892	104
41917	104
41930	104
41941	104
41963	104
41969	104
41994	104
42021	104
42026	104
42036	104
42062	104
42084	104
42096	104
42108	104
42123	104
42154	104
42188	104
42198	104
42207	104
42248	104
42253	104
42289	104
42293	104
42327	104
42360	104
42370	104
42413	104
42463	104
42475	104
42505	104
42519	104
42566	104
42567	104
42576	104
42602	104
42613	104
42616	104
42643	104
42680	104
42704	104
42722	104
42809	104
42813	104
42849	104
42883	104
42894	104
42898	104
42909	104
42949	104
42953	104
42973	104
43017	104
43036	104
43038	104
43071	104
43162	104
43208	104
43225	104
43247	104
43271	104
43288	104
43292	104
43293	104
43306	104
43347	104
43364	104
43389	104
43469	104
43476	104
43487	104
43500	104
43626	104
43716	104
43740	104
43747	104
43750	104
43771	104
43782	104
43785	104
43792	104
43840	104
43879	104
43911	104
43946	104
43952	104
43998	104
44021	104
44043	104
44050	104
44076	104
44082	104
44087	104
44123	104
44182	104
44208	104
44221	104
44228	104
44261	104
44264	104
44291	104
44300	104
44334	104
44340	104
44344	104
44353	104
44374	104
44438	104
44439	104
44449	104
44454	104
44480	104
44562	104
44567	104
44583	104
44650	104
44656	104
44667	104
44678	104
44724	104
44732	104
44758	104
44822	104
44829	104
44830	104
44865	104
44872	104
44882	104
44896	104
44933	104
44973	104
44982	104
44988	104
44992	104
44994	104
45024	104
45041	104
45076	104
45079	104
45102	104
45111	104
45113	104
45117	104
45146	104
45183	104
45184	104
45193	104
45249	104
45255	104
45279	104
45347	104
45371	104
45382	104
45398	104
45405	104
45417	104
45425	104
45502	104
45508	104
45592	104
45609	104
45631	104
45644	104
45648	104
45663	104
45667	104
45680	104
45690	104
45704	104
45728	104
45736	104
45737	104
45763	104
45847	104
45884	104
45906	104
45928	104
45965	104
45978	104
46011	104
46021	104
46024	104
46035	104
46047	104
46062	104
46091	104
46118	104
46145	104
46147	104
46176	104
46182	104
46200	104
46207	104
46254	104
46263	104
46271	104
46290	104
46301	104
46327	104
46343	104
46376	104
46390	104
46409	104
46410	104
46443	104
46453	104
46460	104
46465	104
46470	104
46544	104
46555	104
46568	104
46596	104
46603	104
46634	104
46635	104
46638	104
46658	104
46690	104
46695	104
46710	104
46717	104
46721	104
46736	104
46742	104
46746	104
46780	104
46788	104
46791	104
46806	104
46837	104
46877	104
46898	104
46909	104
46987	104
47008	104
47014	104
47038	104
47056	104
47060	104
47062	104
47067	104
47085	104
47106	104
47114	104
47193	104
47203	104
47229	104
47246	104
47250	104
47349	104
47388	104
47413	104
47414	104
47443	104
47458	104
47477	104
47485	104
47516	104
47539	104
47609	104
47641	104
47703	104
47710	104
47714	104
47720	104
47725	104
47727	104
47782	104
47784	104
47810	104
47812	104
47831	104
47857	104
47891	104
47892	104
47916	104
47933	104
47949	104
47965	104
47974	104
47994	104
47997	104
48035	104
48040	104
48094	104
48099	104
48117	104
48124	104
48128	104
48148	104
48201	104
48208	104
48240	104
48262	104
48266	104
48267	104
48271	104
48298	104
48313	104
48333	104
48371	104
48373	104
48378	104
48394	104
48403	104
48444	104
48448	104
48452	104
48511	104
48521	104
48553	104
48567	104
48572	104
48579	104
48604	104
48606	104
48636	104
48662	104
48664	104
48709	104
48718	104
48797	104
48829	104
48883	104
48909	104
48991	104
49003	104
49007	104
49024	104
49032	104
49068	104
49087	104
49151	104
49155	104
49175	104
49207	104
49212	104
49238	104
49271	104
49328	104
49355	104
49399	104
49417	104
49447	104
49456	104
49466	104
49469	104
49478	104
49480	104
49484	104
49486	104
49492	104
49517	104
49566	104
49582	104
49597	104
49618	104
49624	104
49625	104
49627	104
49647	104
49664	104
49685	104
49695	104
49709	104
49720	104
49725	104
49747	104
49751	104
49752	104
49780	104
49792	104
49811	104
49815	104
49843	104
49889	104
49900	104
49930	104
49940	104
49972	104
49990	104
49994	104
49996	104
53	103
100	103
102	103
110	103
111	103
118	103
136	103
140	103
150	103
152	103
159	103
171	103
179	103
187	103
194	103
204	103
209	103
231	103
260	103
276	103
283	103
294	103
308	103
329	103
330	103
336	103
377	103
378	103
387	103
401	103
408	103
413	103
448	103
465	103
470	103
478	103
480	103
488	103
510	103
545	103
569	103
575	103
582	103
584	103
603	103
616	103
618	103
662	103
670	103
687	103
715	103
737	103
781	103
790	103
798	103
807	103
816	103
846	103
848	103
881	103
898	103
912	103
940	103
945	103
948	103
981	103
991	103
1028	103
1070	103
1075	103
1078	103
1095	103
1156	103
1174	103
1207	103
1227	103
1228	103
1236	103
1254	103
1255	103
1256	103
1264	103
1271	103
1279	103
1336	103
1348	103
1350	103
1368	103
1371	103
1391	103
1397	103
1408	103
1490	103
1492	103
1523	103
1531	103
1541	103
1597	103
1598	103
1610	103
1639	103
1651	103
1670	103
1684	103
1692	103
1693	103
1701	103
1703	103
1704	103
1722	103
1735	103
1754	103
1756	103
1795	103
1812	103
1818	103
1819	103
1833	103
1857	103
1873	103
1894	103
1903	103
1909	103
1924	103
1945	103
1963	103
1985	103
1996	103
2009	103
2012	103
2032	103
2077	103
2090	103
2093	103
2104	103
2114	103
2128	103
2134	103
2138	103
2148	103
2168	103
2177	103
2272	103
2275	103
2331	103
2345	103
2376	103
2381	103
2425	103
2441	103
2458	103
2479	103
2482	103
2484	103
2511	103
2525	103
2532	103
2553	103
2570	103
2596	103
2607	103
2620	103
2646	103
2652	103
2659	103
2684	103
2704	103
2710	103
2717	103
2768	103
2797	103
2802	103
2809	103
2836	103
2856	103
2860	103
2871	103
2878	103
2894	103
2900	103
2937	103
2944	103
2988	103
3018	103
3029	103
3060	103
3113	103
3114	103
3139	103
3142	103
3185	103
3216	103
3244	103
3246	103
3267	103
3313	103
3336	103
3364	103
3377	103
3391	103
3412	103
3427	103
3435	103
3449	103
3471	103
3474	103
3478	103
3481	103
3486	103
3493	103
3502	103
3524	103
3528	103
3530	103
3533	103
3546	103
3548	103
3578	103
3584	103
3623	103
3635	103
3636	103
3637	103
3655	103
3675	103
3681	103
3714	103
3726	103
3770	103
3771	103
3778	103
3780	103
3796	103
3815	103
3849	103
3867	103
3895	103
3936	103
4001	103
4007	103
4008	103
4031	103
4036	103
4057	103
4060	103
4097	103
4100	103
4101	103
4102	103
4110	103
4115	103
4122	103
4139	103
4147	103
4174	103
4206	103
4217	103
4221	103
4229	103
4251	103
4309	103
4378	103
4381	103
4388	103
4393	103
4402	103
4403	103
4424	103
4432	103
4434	103
4446	103
4481	103
4487	103
4489	103
4492	103
4494	103
4499	103
4513	103
4544	103
4569	103
4572	103
4578	103
4581	103
4603	103
4614	103
4639	103
4652	103
4654	103
4668	103
4669	103
4697	103
4700	103
4706	103
4707	103
4738	103
4747	103
4807	103
4808	103
4824	103
4836	103
4847	103
4884	103
4887	103
4889	103
4895	103
4910	103
4939	103
4961	103
4963	103
4981	103
4989	103
4991	103
4992	103
4997	103
5026	103
5055	103
5080	103
5081	103
5090	103
5098	103
5120	103
5127	103
5134	103
5142	103
5146	103
5173	103
5190	103
5197	103
5210	103
5220	103
5234	103
5242	103
5243	103
5277	103
5287	103
5299	103
5336	103
5354	103
5355	103
5392	103
5419	103
5424	103
5434	103
5451	103
5478	103
5482	103
5526	103
5534	103
5541	103
5574	103
5575	103
5582	103
5621	103
5628	103
5630	103
5631	103
5675	103
5679	103
5725	103
5728	103
5750	103
5787	103
5789	103
5804	103
5811	103
5822	103
5823	103
5858	103
5867	103
5875	103
5922	103
5979	103
6000	103
6022	103
6026	103
6029	103
6034	103
6041	103
6042	103
6048	103
6055	103
6078	103
6090	103
6093	103
6097	103
6099	103
6103	103
6113	103
6128	103
6145	103
6149	103
6152	103
6155	103
6162	103
6202	103
6203	103
6207	103
6223	103
6227	103
6310	103
6319	103
6329	103
6333	103
6334	103
6355	103
6359	103
6378	103
6396	103
6418	103
6432	103
6442	103
6449	103
6457	103
6471	103
6493	103
6541	103
6547	103
6582	103
6591	103
6607	103
6609	103
6612	103
6617	103
6620	103
6622	103
6624	103
6646	103
6677	103
6682	103
6699	103
6713	103
6715	103
6720	103
6723	103
6736	103
6746	103
6748	103
6776	103
6801	103
6837	103
6843	103
6854	103
6867	103
6876	103
6886	103
6905	103
6926	103
6928	103
6942	103
6956	103
6959	103
6975	103
7021	103
7045	103
7055	103
7058	103
7065	103
7066	103
7076	103
7083	103
7084	103
7087	103
7088	103
7114	103
7123	103
7185	103
7197	103
7200	103
7205	103
7207	103
7219	103
7228	103
7249	103
7287	103
7296	103
7371	103
7378	103
7382	103
7396	103
7398	103
7406	103
7420	103
7425	103
7428	103
7434	103
7453	103
7466	103
7509	103
7538	103
7539	103
7556	103
7560	103
7565	103
7579	103
7627	103
7636	103
7642	103
7667	103
7674	103
7693	103
7720	103
7721	103
7743	103
7746	103
7748	103
7758	103
7761	103
7770	103
7771	103
7778	103
7781	103
7784	103
7791	103
7863	103
7874	103
7927	103
7930	103
7936	103
7964	103
7973	103
7977	103
7991	103
8013	103
8014	103
8041	103
8067	103
8068	103
8082	103
8088	103
8103	103
8110	103
8185	103
8203	103
8205	103
8209	103
8210	103
8218	103
8230	103
8241	103
8254	103
8278	103
8289	103
8389	103
8391	103
8398	103
8423	103
8440	103
8441	103
8458	103
8465	103
8467	103
8488	103
8493	103
8497	103
8516	103
8518	103
8521	103
8537	103
8538	103
8572	103
8576	103
8634	103
8646	103
8673	103
8684	103
8687	103
8704	103
8712	103
8723	103
8736	103
8751	103
8798	103
8808	103
8814	103
8863	103
8902	103
8907	103
8929	103
8953	103
8982	103
8986	103
8993	103
8999	103
9005	103
9020	103
9060	103
9068	103
9082	103
9083	103
9094	103
9107	103
9110	103
9114	103
9116	103
9120	103
9133	103
9151	103
9156	103
9163	103
9180	103
9181	103
9182	103
9186	103
9191	103
9197	103
9206	103
9228	103
9230	103
9268	103
9286	103
9311	103
9330	103
9372	103
9376	103
9378	103
9380	103
9385	103
9406	103
9436	103
9469	103
9484	103
9488	103
9519	103
9525	103
9527	103
9531	103
9535	103
9560	103
9562	103
9568	103
9583	103
9602	103
9622	103
9633	103
9659	103
9674	103
9685	103
9691	103
9707	103
9710	103
9737	103
9755	103
9768	103
9772	103
9785	103
9804	103
9808	103
9828	103
9865	103
9867	103
9877	103
9878	103
9889	103
9893	103
9943	103
9958	103
9972	103
9981	103
9986	103
9988	103
9995	103
10000	103
10002	103
10021	103
10038	103
10048	103
10056	103
10074	103
10100	103
10102	103
10109	103
10124	103
10154	103
10191	103
10197	103
10203	103
10204	103
10226	103
10242	103
10262	103
10268	103
10269	103
10307	103
10328	103
10335	103
10347	103
10348	103
10351	103
10366	103
10367	103
10379	103
10386	103
10392	103
10397	103
10406	103
10409	103
10415	103
10464	103
10476	103
10479	103
10482	103
10487	103
10493	103
10494	103
10496	103
10506	103
10510	103
10527	103
10532	103
10554	103
10573	103
10596	103
10602	103
10607	103
10616	103
10641	103
10650	103
10653	103
10656	103
10657	103
10677	103
10718	103
10720	103
10721	103
10728	103
10740	103
10744	103
10754	103
10757	103
10758	103
10769	103
10775	103
10786	103
10809	103
10823	103
10832	103
10835	103
10865	103
10883	103
10895	103
10897	103
10902	103
10909	103
10917	103
10927	103
10931	103
10943	103
10948	103
10956	103
10960	103
10972	103
10994	103
11009	103
11026	103
11039	103
11081	103
11122	103
11135	103
11162	103
11167	103
11182	103
11183	103
11192	103
11214	103
11228	103
11236	103
11275	103
11283	103
11298	103
11305	103
11315	103
11345	103
11360	103
11363	103
11394	103
11409	103
11422	103
11431	103
11439	103
11511	103
11513	103
11529	103
11540	103
11551	103
11554	103
11559	103
11575	103
11576	103
11584	103
11591	103
11604	103
11610	103
11611	103
11613	103
11638	103
11689	103
11695	103
11699	103
11719	103
11732	103
11758	103
11761	103
11788	103
11792	103
11796	103
11806	103
11809	103
11811	103
11824	103
11825	103
11826	103
11844	103
11871	103
11910	103
11962	103
11965	103
11980	103
12005	103
12010	103
12029	103
12031	103
12032	103
12038	103
12039	103
12042	103
12105	103
12108	103
12112	103
12139	103
12142	103
12165	103
12170	103
12219	103
12228	103
12242	103
12275	103
12293	103
12330	103
12336	103
12352	103
12355	103
12364	103
12393	103
12394	103
12408	103
12410	103
12419	103
12452	103
12458	103
12469	103
12479	103
12491	103
12510	103
12522	103
12541	103
12586	103
12593	103
12606	103
12610	103
12635	103
12639	103
12712	103
12749	103
12757	103
12767	103
12774	103
12817	103
12819	103
12844	103
12847	103
12854	103
12878	103
12884	103
12886	103
12890	103
12897	103
12899	103
12911	103
12937	103
12944	103
12966	103
12975	103
12990	103
12998	103
13018	103
13022	103
13045	103
13049	103
13060	103
13067	103
13116	103
13119	103
13160	103
13174	103
13181	103
13200	103
13207	103
13224	103
13227	103
13232	103
13256	103
13260	103
13261	103
13278	103
13280	103
13293	103
13298	103
13309	103
13319	103
13320	103
13351	103
13361	103
13364	103
13383	103
13408	103
13452	103
13458	103
13482	103
13572	103
13592	103
13593	103
13599	103
13602	103
13618	103
13628	103
13658	103
13667	103
13712	103
13733	103
13765	103
13801	103
13805	103
13810	103
13839	103
13854	103
13863	103
13871	103
13927	103
13928	103
13948	103
13954	103
13958	103
13964	103
13969	103
13971	103
13973	103
13985	103
13987	103
14003	103
14004	103
14026	103
14028	103
14039	103
14055	103
14064	103
14065	103
14102	103
14136	103
14164	103
14190	103
14215	103
14222	103
14224	103
14232	103
14239	103
14273	103
14282	103
14284	103
14313	103
14319	103
14320	103
14339	103
14344	103
14353	103
14355	103
14360	103
14415	103
14430	103
14457	103
14476	103
14481	103
14494	103
14500	103
14506	103
14522	103
14541	103
14547	103
14555	103
14556	103
14579	103
14580	103
14609	103
14615	103
14634	103
14712	103
14716	103
14726	103
14736	103
14740	103
14743	103
14757	103
14773	103
14814	103
14856	103
14867	103
14887	103
14908	103
14922	103
14989	103
14992	103
14998	103
15016	103
15042	103
15058	103
15063	103
15079	103
15084	103
15093	103
15104	103
15110	103
15111	103
15128	103
15139	103
15143	103
15161	103
15162	103
15164	103
15183	103
15195	103
15207	103
15208	103
15211	103
15216	103
15218	103
15219	103
15227	103
15245	103
15251	103
15252	103
15270	103
15276	103
15277	103
15306	103
15328	103
15331	103
15337	103
15347	103
15349	103
15355	103
15359	103
15366	103
15367	103
15374	103
15400	103
15436	103
15499	103
15501	103
15543	103
15562	103
15575	103
15606	103
15610	103
15612	103
15668	103
15671	103
15674	103
15697	103
15715	103
15716	103
15750	103
15761	103
15787	103
15792	103
15808	103
15888	103
15895	103
15898	103
15904	103
15906	103
15932	103
15991	103
16001	103
16040	103
16060	103
16067	103
16078	103
16088	103
16097	103
16124	103
16134	103
16135	103
16136	103
16143	103
16144	103
16146	103
16155	103
16166	103
16168	103
16201	103
16239	103
16264	103
16273	103
16318	103
16322	103
16336	103
16365	103
16385	103
16395	103
16403	103
16418	103
16421	103
16424	103
16457	103
16497	103
16518	103
16523	103
16525	103
16556	103
16561	103
16589	103
16591	103
16622	103
16629	103
16643	103
16650	103
16657	103
16682	103
16733	103
16734	103
16740	103
16776	103
16782	103
16800	103
16828	103
16848	103
16871	103
16916	103
16918	103
16930	103
16954	103
16956	103
16968	103
16983	103
17025	103
17031	103
17037	103
17042	103
17046	103
17049	103
17054	103
17076	103
17078	103
17079	103
17101	103
17107	103
17109	103
17119	103
17123	103
17125	103
17127	103
17155	103
17179	103
17200	103
17242	103
17250	103
17300	103
17322	103
17339	103
17345	103
17348	103
17374	103
17390	103
17397	103
17410	103
17415	103
17417	103
17428	103
17440	103
17446	103
17469	103
17477	103
17493	103
17504	103
17528	103
17551	103
17567	103
17569	103
17603	103
17606	103
17627	103
17654	103
17664	103
17673	103
17692	103
17736	103
17738	103
17745	103
17788	103
17809	103
17851	103
17863	103
17864	103
17867	103
17892	103
17904	103
17960	103
17970	103
17979	103
17991	103
17994	103
18039	103
18046	103
18096	103
18098	103
18104	103
18121	103
18148	103
18149	103
18152	103
18186	103
18194	103
18199	103
18202	103
18240	103
18273	103
18285	103
18297	103
18300	103
18346	103
18375	103
18422	103
18427	103
18432	103
18436	103
18442	103
18456	103
18457	103
18459	103
18468	103
18473	103
18485	103
18497	103
18517	103
18535	103
18549	103
18556	103
18574	103
18588	103
18592	103
18598	103
18617	103
18627	103
18652	103
18665	103
18672	103
18715	103
18723	103
18732	103
18739	103
18741	103
18763	103
18777	103
18832	103
18852	103
18858	103
18865	103
18872	103
18885	103
18889	103
18934	103
18949	103
18957	103
18970	103
18981	103
19005	103
19006	103
19019	103
19060	103
19063	103
19096	103
19097	103
19103	103
19106	103
19115	103
19132	103
19135	103
19146	103
19179	103
19189	103
19220	103
19234	103
19253	103
19273	103
19287	103
19291	103
19322	103
19345	103
19353	103
19404	103
19432	103
19437	103
19454	103
19522	103
19525	103
19540	103
19577	103
19603	103
19641	103
19644	103
19656	103
19666	103
19670	103
19700	103
19710	103
19712	103
19736	103
19771	103
19787	103
19796	103
19803	103
19808	103
19811	103
19814	103
19822	103
19837	103
19848	103
19856	103
19882	103
19889	103
19907	103
19910	103
19932	103
19972	103
19993	103
19996	103
20015	103
20023	103
20065	103
20084	103
20124	103
20138	103
20199	103
20242	103
20253	103
20255	103
20258	103
20277	103
20278	103
20299	103
20319	103
20320	103
20353	103
20375	103
20394	103
20438	103
20490	103
20492	103
20499	103
20508	103
20522	103
20567	103
20576	103
20612	103
20647	103
20657	103
20662	103
20684	103
20685	103
20708	103
20721	103
20725	103
20750	103
20765	103
20767	103
20771	103
20798	103
20865	103
20868	103
20883	103
20893	103
20918	103
20934	103
20938	103
20959	103
20965	103
20966	103
20975	103
21004	103
21056	103
21066	103
21072	103
21124	103
21135	103
21180	103
21184	103
21186	103
21242	103
21247	103
21252	103
21253	103
21255	103
21258	103
21273	103
21275	103
21311	103
21320	103
21325	103
21353	103
21392	103
21395	103
21409	103
21415	103
21450	103
21467	103
21473	103
21474	103
21475	103
21508	103
21538	103
21560	103
21572	103
21579	103
21584	103
21585	103
21611	103
21629	103
21717	103
21727	103
21738	103
21743	103
21747	103
21767	103
21778	103
21846	103
21854	103
21867	103
21878	103
21893	103
21904	103
21910	103
21911	103
21916	103
21925	103
21928	103
21966	103
21972	103
21981	103
21994	103
22002	103
22021	103
22025	103
22027	103
22047	103
22060	103
22075	103
22079	103
22100	103
22120	103
22124	103
22152	103
22166	103
22212	103
22232	103
22234	103
22239	103
22262	103
22282	103
22283	103
22289	103
22329	103
22379	103
22406	103
22425	103
22434	103
22455	103
22457	103
22481	103
22484	103
22512	103
22517	103
22560	103
22564	103
22579	103
22582	103
22597	103
22620	103
22637	103
22642	103
22651	103
22722	103
22737	103
22768	103
22783	103
22807	103
22835	103
22843	103
22865	103
22893	103
22899	103
22900	103
22921	103
22957	103
22963	103
22981	103
23024	103
23065	103
23070	103
23082	103
23089	103
23144	103
23163	103
23170	103
23198	103
23202	103
23239	103
23250	103
23254	103
23269	103
23369	103
23372	103
23425	103
23429	103
23462	103
23510	103
23526	103
23530	103
23566	103
23567	103
23596	103
23603	103
23625	103
23636	103
23668	103
23680	103
23683	103
23686	103
23690	103
23701	103
23716	103
23718	103
23731	103
23761	103
23762	103
23767	103
23768	103
23788	103
23850	103
23878	103
23884	103
23907	103
23910	103
23915	103
23919	103
23940	103
23961	103
23999	103
24015	103
24020	103
24042	103
24060	103
24069	103
24082	103
24099	103
24115	103
24123	103
24134	103
24140	103
24143	103
24167	103
24187	103
24203	103
24244	103
24246	103
24251	103
24261	103
24275	103
24283	103
24290	103
24302	103
24316	103
24336	103
24369	103
24370	103
24373	103
24397	103
24408	103
24428	103
24429	103
24434	103
24459	103
24461	103
24465	103
24524	103
24554	103
24565	103
24574	103
24575	103
24581	103
24587	103
24593	103
24609	103
24616	103
24629	103
24660	103
24666	103
24705	103
24760	103
24779	103
24783	103
24799	103
24803	103
24865	103
24866	103
24871	103
24884	103
24886	103
24904	103
24953	103
24986	103
24989	103
25025	103
25061	103
25121	103
25138	103
25152	103
25158	103
25175	103
25194	103
25221	103
25248	103
25299	103
25308	103
25333	103
25340	103
25345	103
25360	103
25380	103
25389	103
25418	103
25448	103
25460	103
25479	103
25488	103
25502	103
25504	103
25520	103
25524	103
25527	103
25539	103
25562	103
25566	103
25569	103
25594	103
25602	103
25623	103
25643	103
25683	103
25709	103
25723	103
25724	103
25730	103
25745	103
25747	103
25760	103
25783	103
25788	103
25793	103
25798	103
25822	103
25836	103
25851	103
25857	103
25864	103
25886	103
25935	103
25955	103
25992	103
26004	103
26006	103
26014	103
26063	103
26067	103
26100	103
26119	103
26125	103
26135	103
26142	103
26156	103
26166	103
26170	103
26179	103
26185	103
26193	103
26201	103
26227	103
26236	103
26258	103
26264	103
26284	103
26286	103
26288	103
26347	103
26388	103
26407	103
26432	103
26443	103
26465	103
26473	103
26479	103
26501	103
26546	103
26603	103
26630	103
26646	103
26647	103
26649	103
26661	103
26667	103
26673	103
26692	103
26700	103
26707	103
26716	103
26717	103
26720	103
26745	103
26754	103
26758	103
26792	103
26803	103
26825	103
26830	103
26857	103
26863	103
26871	103
26932	103
26933	103
26937	103
26939	103
26955	103
26958	103
26964	103
26973	103
27015	103
27023	103
27041	103
27062	103
27065	103
27070	103
27072	103
27079	103
27108	103
27131	103
27179	103
27211	103
27267	103
27291	103
27305	103
27309	103
27317	103
27328	103
27333	103
27347	103
27368	103
27410	103
27414	103
27420	103
27424	103
27429	103
27449	103
27477	103
27508	103
27531	103
27532	103
27543	103
27546	103
27551	103
27553	103
27575	103
27587	103
27606	103
27618	103
27623	103
27671	103
27680	103
27684	103
27705	103
27712	103
27713	103
27748	103
27753	103
27876	103
27882	103
27901	103
27924	103
27939	103
27946	103
27966	103
27974	103
27989	103
28015	103
28032	103
28050	103
28053	103
28065	103
28073	103
28097	103
28118	103
28144	103
28174	103
28195	103
28209	103
28219	103
28221	103
28224	103
28258	103
28277	103
28296	103
28298	103
28303	103
28309	103
28340	103
28366	103
28376	103
28407	103
28420	103
28424	103
28437	103
28462	103
28464	103
28495	103
28524	103
28525	103
28529	103
28583	103
28588	103
28592	103
28597	103
28614	103
28643	103
28646	103
28659	103
28663	103
28742	103
28749	103
28759	103
28802	103
28803	103
28831	103
28849	103
28866	103
28885	103
28908	103
28926	103
28939	103
28963	103
28966	103
29027	103
29034	103
29039	103
29047	103
29059	103
29070	103
29092	103
29098	103
29100	103
29117	103
29121	103
29127	103
29212	103
29219	103
29233	103
29241	103
29255	103
29282	103
29320	103
29326	103
29339	103
29356	103
29358	103
29368	103
29369	103
29385	103
29433	103
29440	103
29443	103
29468	103
29470	103
29473	103
29480	103
29498	103
29505	103
29508	103
29517	103
29531	103
29538	103
29553	103
29589	103
29616	103
29622	103
29623	103
29626	103
29658	103
29661	103
29672	103
29683	103
29689	103
29727	103
29767	103
29781	103
29810	103
29811	103
29832	103
29857	103
29865	103
29875	103
29922	103
29951	103
29961	103
30010	103
30025	103
30029	103
30047	103
30050	103
30060	103
30092	103
30120	103
30135	103
30154	103
30177	103
30185	103
30194	103
30245	103
30249	103
30258	103
30269	103
30275	103
30303	103
30321	103
30326	103
30336	103
30362	103
30377	103
30417	103
30418	103
30438	103
30443	103
30451	103
30463	103
30483	103
30491	103
30494	103
30498	103
30500	103
30533	103
30537	103
30542	103
30546	103
30573	103
30581	103
30594	103
30600	103
30621	103
30624	103
30629	103
30650	103
30660	103
30662	103
30698	103
30699	103
30722	103
30723	103
30745	103
30775	103
30846	103
30905	103
30913	103
30923	103
30966	103
30970	103
30982	103
30987	103
30999	103
31031	103
31076	103
31086	103
31129	103
31140	103
31170	103
31173	103
31180	103
31196	103
31205	103
31213	103
31217	103
31236	103
31238	103
31241	103
31248	103
31264	103
31302	103
31325	103
31326	103
31333	103
31357	103
31366	103
31389	103
31418	103
31431	103
31432	103
31436	103
31448	103
31469	103
31470	103
31528	103
31537	103
31539	103
31555	103
31624	103
31630	103
31631	103
31663	103
31681	103
31689	103
31693	103
31723	103
31730	103
31743	103
31761	103
31778	103
31836	103
31842	103
31861	103
31863	103
31877	103
31891	103
31896	103
31902	103
31912	103
31933	103
31937	103
31943	103
31953	103
31968	103
31972	103
31991	103
31996	103
32021	103
32040	103
32049	103
32066	103
32106	103
32132	103
32133	103
32143	103
32163	103
32203	103
32211	103
32228	103
32229	103
32250	103
32261	103
32270	103
32275	103
32348	103
32351	103
32359	103
32383	103
32392	103
32422	103
32447	103
32457	103
32467	103
32482	103
32496	103
32512	103
32521	103
32554	103
32658	103
32668	103
32671	103
32688	103
32717	103
32727	103
32770	103
32774	103
32784	103
32785	103
32790	103
32795	103
32813	103
32816	103
32819	103
32825	103
32828	103
32839	103
32850	103
32862	103
32863	103
32869	103
32871	103
32883	103
32897	103
32906	103
32913	103
32926	103
32928	103
32937	103
32938	103
32953	103
32972	103
32986	103
32991	103
33015	103
33032	103
33039	103
33082	103
33126	103
33134	103
33137	103
33140	103
33162	103
33202	103
33215	103
33233	103
33270	103
33296	103
33298	103
33305	103
33344	103
33360	103
33374	103
33392	103
33407	103
33460	103
33498	103
33504	103
33513	103
33520	103
33531	103
33533	103
33555	103
33574	103
33587	103
33590	103
33608	103
33610	103
33611	103
33648	103
33663	103
33666	103
33692	103
33695	103
33707	103
33715	103
33744	103
33756	103
33766	103
33777	103
33824	103
33860	103
33867	103
33876	103
33919	103
33979	103
33989	103
33992	103
33997	103
34020	103
34033	103
34040	103
34058	103
34133	103
34135	103
34136	103
34166	103
34182	103
34191	103
34197	103
34225	103
34234	103
34272	103
34281	103
34305	103
34320	103
34349	103
34363	103
34378	103
34380	103
34392	103
34425	103
34428	103
34455	103
34456	103
34462	103
34475	103
34491	103
34494	103
34553	103
34556	103
34560	103
34579	103
34595	103
34600	103
34616	103
34644	103
34654	103
34689	103
34690	103
34692	103
34696	103
34698	103
34699	103
34702	103
34723	103
34763	103
34769	103
34794	103
34806	103
34821	103
34826	103
34844	103
34853	103
34858	103
34880	103
34887	103
34888	103
34911	103
34921	103
34963	103
34977	103
34978	103
35007	103
35015	103
35017	103
35077	103
35081	103
35086	103
35087	103
35100	103
35105	103
35106	103
35132	103
35135	103
35153	103
35166	103
35185	103
35201	103
35206	103
35212	103
35256	103
35277	103
35281	103
35282	103
35284	103
35288	103
35290	103
35293	103
35298	103
35299	103
35300	103
35317	103
35318	103
35327	103
35336	103
35340	103
35348	103
35352	103
35355	103
35360	103
35391	103
35421	103
35426	103
35462	103
35463	103
35504	103
35543	103
35552	103
35564	103
35572	103
35574	103
35673	103
35682	103
35695	103
35705	103
35716	103
35733	103
35735	103
35760	103
35774	103
35780	103
35790	103
35794	103
35822	103
35827	103
35835	103
35862	103
35916	103
35950	103
35965	103
35971	103
35972	103
35988	103
36008	103
36009	103
36015	103
36020	103
36026	103
36032	103
36078	103
36081	103
36119	103
36127	103
36151	103
36182	103
36186	103
36187	103
36188	103
36199	103
36259	103
36263	103
36267	103
36275	103
36282	103
36285	103
36298	103
36308	103
36309	103
36310	103
36312	103
36317	103
36327	103
36379	103
36383	103
36399	103
36402	103
36431	103
36447	103
36468	103
36474	103
36487	103
36488	103
36504	103
36520	103
36522	103
36555	103
36567	103
36586	103
36620	103
36621	103
36630	103
36642	103
36655	103
36667	103
36680	103
36687	103
36690	103
36703	103
36719	103
36725	103
36744	103
36754	103
36761	103
36779	103
36781	103
36805	103
36856	103
36896	103
36904	103
36924	103
36948	103
37002	103
37028	103
37030	103
37040	103
37053	103
37063	103
37066	103
37068	103
37071	103
37094	103
37121	103
37125	103
37127	103
37148	103
37149	103
37177	103
37199	103
37217	103
37246	103
37252	103
37272	103
37286	103
37289	103
37315	103
37353	103
37402	103
37475	103
37491	103
37505	103
37523	103
37545	103
37553	103
37562	103
37567	103
37581	103
37586	103
37595	103
37669	103
37677	103
37684	103
37702	103
37724	103
37747	103
37755	103
37756	103
37769	103
37773	103
37775	103
37783	103
37806	103
37814	103
37821	103
37829	103
37832	103
37843	103
37846	103
37887	103
37888	103
37902	103
37906	103
37929	103
37933	103
37946	103
37949	103
37974	103
37977	103
38002	103
38018	103
38048	103
38052	103
38103	103
38104	103
38120	103
38135	103
38147	103
38165	103
38179	103
38192	103
38213	103
38223	103
38230	103
38249	103
38271	103
38283	103
38304	103
38320	103
38326	103
38333	103
38366	103
38383	103
38405	103
38422	103
38511	103
38551	103
38562	103
38591	103
38629	103
38630	103
38634	103
38714	103
38729	103
38737	103
38738	103
38755	103
38786	103
38788	103
38792	103
38826	103
38833	103
38838	103
38861	103
38878	103
38882	103
38921	103
38922	103
38924	103
38930	103
38936	103
38969	103
39053	103
39090	103
39134	103
39145	103
39157	103
39159	103
39178	103
39233	103
39249	103
39298	103
39311	103
39315	103
39322	103
39326	103
39330	103
39336	103
39370	103
39375	103
39383	103
39393	103
39396	103
39401	103
39410	103
39413	103
39432	103
39436	103
39452	103
39477	103
39481	103
39488	103
39537	103
39551	103
39552	103
39561	103
39583	103
39623	103
39633	103
39642	103
39643	103
39694	103
39706	103
39711	103
39736	103
39744	103
39750	103
39762	103
39774	103
39777	103
39781	103
39783	103
39792	103
39794	103
39799	103
39809	103
39854	103
39872	103
39880	103
39893	103
39906	103
39916	103
39924	103
39938	103
39948	103
39953	103
39972	103
39980	103
39985	103
39986	103
40044	103
40071	103
40105	103
40109	103
40115	103
40137	103
40144	103
40184	103
40200	103
40233	103
40283	103
40302	103
40303	103
40324	103
40354	103
40385	103
40404	103
40416	103
40424	103
40456	103
40461	103
40468	103
40478	103
40488	103
40499	103
40526	103
40532	103
40544	103
40546	103
40571	103
40575	103
40580	103
40600	103
40633	103
40644	103
40648	103
40668	103
40686	103
40723	103
40754	103
40762	103
40766	103
40825	103
40853	103
40863	103
40864	103
40897	103
40907	103
40912	103
40920	103
40928	103
40930	103
40939	103
40997	103
41003	103
41004	103
41016	103
41024	103
41030	103
41036	103
41062	103
41071	103
41086	103
41102	103
41112	103
41117	103
41125	103
41159	103
41184	103
41196	103
41197	103
41248	103
41253	103
41262	103
41263	103
41319	103
41329	103
41334	103
41410	103
41428	103
41433	103
41438	103
41453	103
41461	103
41488	103
41505	103
41509	103
41530	103
41544	103
41546	103
41552	103
41554	103
41555	103
41564	103
41565	103
41596	103
41611	103
41622	103
41662	103
41686	103
41692	103
41697	103
41805	103
41832	103
41845	103
41854	103
41916	103
41938	103
41988	103
42009	103
42013	103
42023	103
42060	103
42078	103
42093	103
42105	103
42111	103
42121	103
42125	103
42129	103
42133	103
42192	103
42196	103
42199	103
42265	103
42276	103
42299	103
42340	103
42342	103
42346	103
42359	103
42381	103
42393	103
42400	103
42421	103
42425	103
42426	103
42428	103
42452	103
42467	103
42495	103
42498	103
42515	103
42522	103
42532	103
42544	103
42565	103
42575	103
42593	103
42598	103
42609	103
42660	103
42670	103
42674	103
42685	103
42709	103
42720	103
42740	103
42777	103
42796	103
42814	103
42829	103
42840	103
42848	103
42876	103
42886	103
42891	103
42904	103
42928	103
42979	103
42981	103
42985	103
43002	103
43013	103
43034	103
43044	103
43046	103
43050	103
43053	103
43066	103
43094	103
43116	103
43144	103
43183	103
43203	103
43210	103
43215	103
43239	103
43242	103
43265	103
43275	103
43298	103
43305	103
43321	103
43326	103
43330	103
43354	103
43357	103
43369	103
43385	103
43388	103
43392	103
43399	103
43402	103
43419	103
43470	103
43475	103
43504	103
43505	103
43519	103
43520	103
43537	103
43554	103
43563	103
43570	103
43580	103
43589	103
43594	103
43665	103
43667	103
43687	103
43723	103
43741	103
43746	103
43800	103
43820	103
43863	103
43864	103
43871	103
43877	103
43945	103
43981	103
43991	103
44001	103
44006	103
44011	103
44015	103
44027	103
44041	103
44088	103
44090	103
44094	103
44102	103
44126	103
44185	103
44209	103
44225	103
44229	103
44238	103
44239	103
44241	103
44248	103
44255	103
44274	103
44284	103
44322	103
44323	103
44328	103
44348	103
44349	103
44358	103
44364	103
44376	103
44382	103
44387	103
44392	103
44394	103
44411	103
44424	103
44459	103
44494	103
44507	103
44508	103
44533	103
44547	103
44557	103
44576	103
44577	103
44627	103
44632	103
44640	103
44641	103
44664	103
44668	103
44716	103
44738	103
44750	103
44763	103
44777	103
44791	103
44800	103
44807	103
44839	103
44849	103
44856	103
44907	103
44927	103
44934	103
44937	103
44955	103
44958	103
44962	103
44974	103
44976	103
44977	103
44995	103
45004	103
45018	103
45027	103
45051	103
45065	103
45085	103
45092	103
45118	103
45129	103
45174	103
45181	103
45185	103
45188	103
45197	103
45226	103
45234	103
45236	103
45250	103
45260	103
45265	103
45267	103
45269	103
45312	103
45314	103
45342	103
45355	103
45362	103
45363	103
45365	103
45369	103
45381	103
45401	103
45413	103
45438	103
45460	103
45470	103
45472	103
45489	103
45549	103
45557	103
45568	103
45598	103
45635	103
45637	103
45664	103
45670	103
45699	103
45705	103
45713	103
45725	103
45740	103
45745	103
45788	103
45790	103
45804	103
45808	103
45809	103
45819	103
45838	103
45861	103
45865	103
45868	103
45878	103
45880	103
45887	103
45890	103
45892	103
45901	103
45911	103
45916	103
45930	103
45977	103
45981	103
45986	103
45998	103
46010	103
46030	103
46057	103
46069	103
46073	103
46084	103
46089	103
46098	103
46109	103
46119	103
46135	103
46144	103
46149	103
46157	103
46180	103
46191	103
46236	103
46242	103
46250	103
46252	103
46259	103
46356	103
46361	103
46363	103
46366	103
46381	103
46384	103
46397	103
46399	103
46415	103
46482	103
46497	103
46508	103
46527	103
46535	103
46552	103
46565	103
46574	103
46595	103
46627	103
46629	103
46641	103
46654	103
46662	103
46682	103
46697	103
46699	103
46733	103
46734	103
46772	103
46816	103
46833	103
46849	103
46865	103
46868	103
46882	103
46890	103
46899	103
46910	103
46912	103
46917	103
46925	103
46928	103
46929	103
46932	103
46938	103
46943	103
46951	103
46952	103
46963	103
46966	103
46977	103
46979	103
46980	103
46998	103
47052	103
47080	103
47083	103
47084	103
47091	103
47151	103
47156	103
47176	103
47204	103
47205	103
47220	103
47223	103
47224	103
47263	103
47292	103
47294	103
47313	103
47330	103
47333	103
47337	103
47342	103
47348	103
47376	103
47379	103
47382	103
47389	103
47406	103
47420	103
47444	103
47472	103
47500	103
47522	103
47530	103
47559	103
47593	103
47595	103
47597	103
47600	103
47604	103
47605	103
47610	103
47627	103
47631	103
47672	103
47676	103
47689	103
47707	103
47724	103
47726	103
47759	103
47766	103
47796	103
47806	103
47817	103
47820	103
47838	103
47851	103
47859	103
47861	103
47867	103
47868	103
47878	103
47898	103
47900	103
47921	103
47928	103
47958	103
47967	103
47983	103
47999	103
48023	103
48026	103
48032	103
48044	103
48073	103
48074	103
48083	103
48116	103
48139	103
48149	103
48185	103
48202	103
48293	103
48312	103
48367	103
48376	103
48386	103
48405	103
48408	103
48412	103
48416	103
48434	103
48454	103
48459	103
48462	103
48515	103
48517	103
48522	103
48524	103
48528	103
48554	103
48578	103
48581	103
48583	103
48594	103
48595	103
48608	103
48629	103
48652	103
48659	103
48668	103
48693	103
48698	103
48706	103
48711	103
48724	103
48739	103
48768	103
48805	103
48807	103
48817	103
48822	103
48823	103
48824	103
48826	103
48854	103
48863	103
48895	103
48897	103
48928	103
48975	103
48978	103
48992	103
49014	103
49027	103
49048	103
49050	103
49061	103
49067	103
49075	103
49102	103
49113	103
49149	103
49168	103
49172	103
49174	103
49182	103
49194	103
49199	103
49216	103
49217	103
49230	103
49274	103
49283	103
49321	103
49344	103
49345	103
49356	103
49367	103
49462	103
49474	103
49510	103
49511	103
49519	103
49552	103
49600	103
49629	103
49648	103
49651	103
49659	103
49665	103
49669	103
49682	103
49694	103
49701	103
49711	103
49712	103
49714	103
49723	103
49750	103
49757	103
49768	103
49807	103
49866	103
49903	103
49905	103
49907	103
49933	103
49935	103
49938	103
49944	103
49953	103
49957	103
49969	103
49970	103
49978	103
49986	103
15	102
48	102
50	102
51	102
55	102
87	102
89	102
94	102
137	102
147	102
173	102
185	102
196	102
241	102
249	102
267	102
273	102
287	102
307	102
311	102
323	102
324	102
328	102
331	102
334	102
343	102
351	102
353	102
371	102
406	102
426	102
439	102
472	102
499	102
506	102
540	102
544	102
546	102
560	102
565	102
567	102
586	102
605	102
624	102
659	102
673	102
685	102
697	102
698	102
701	102
702	102
708	102
718	102
733	102
738	102
739	102
751	102
763	102
767	102
786	102
788	102
791	102
820	102
824	102
836	102
843	102
854	102
857	102
872	102
896	102
916	102
922	102
926	102
941	102
973	102
1008	102
1020	102
1023	102
1025	102
1048	102
1056	102
1068	102
1081	102
1100	102
1126	102
1127	102
1149	102
1152	102
1157	102
1173	102
1202	102
1208	102
1241	102
1295	102
1307	102
1314	102
1331	102
1334	102
1341	102
1364	102
1383	102
1385	102
1399	102
1404	102
1405	102
1415	102
1419	102
1425	102
1438	102
1453	102
1464	102
1470	102
1474	102
1489	102
1510	102
1528	102
1543	102
1573	102
1589	102
1594	102
1654	102
1658	102
1687	102
1707	102
1737	102
1740	102
1746	102
1764	102
1772	102
1778	102
1785	102
1789	102
1797	102
1808	102
1830	102
1835	102
1840	102
1846	102
1850	102
1852	102
1859	102
1889	102
1892	102
1960	102
1981	102
1990	102
2008	102
2011	102
2015	102
2045	102
2054	102
2066	102
2085	102
2098	102
2109	102
2113	102
2127	102
2139	102
2152	102
2189	102
2194	102
2197	102
2225	102
2231	102
2244	102
2250	102
2266	102
2276	102
2286	102
2288	102
2293	102
2294	102
2297	102
2299	102
2311	102
2312	102
2342	102
2363	102
2366	102
2368	102
2375	102
2388	102
2396	102
2402	102
2408	102
2418	102
2419	102
2432	102
2456	102
2474	102
2475	102
2485	102
2495	102
2501	102
2516	102
2523	102
2527	102
2533	102
2536	102
2544	102
2551	102
2557	102
2578	102
2593	102
2598	102
2599	102
2602	102
2603	102
2616	102
2619	102
2688	102
2697	102
2733	102
2749	102
2752	102
2764	102
2788	102
2801	102
2813	102
2820	102
2847	102
2873	102
2889	102
2892	102
2893	102
2904	102
2927	102
2930	102
2941	102
2949	102
2952	102
2955	102
2974	102
2980	102
2987	102
2999	102
3000	102
3024	102
3028	102
3041	102
3067	102
3073	102
3089	102
3109	102
3122	102
3141	102
3146	102
3151	102
3153	102
3164	102
3167	102
3175	102
3208	102
3211	102
3224	102
3234	102
3250	102
3265	102
3280	102
3303	102
3306	102
3310	102
3340	102
3343	102
3348	102
3350	102
3354	102
3360	102
3376	102
3429	102
3434	102
3441	102
3444	102
3501	102
3509	102
3518	102
3527	102
3547	102
3563	102
3590	102
3598	102
3621	102
3622	102
3624	102
3630	102
3639	102
3646	102
3660	102
3690	102
3695	102
3705	102
3723	102
3729	102
3740	102
3745	102
3751	102
3753	102
3767	102
3775	102
3801	102
3806	102
3807	102
3819	102
3833	102
3840	102
3843	102
3865	102
3870	102
3885	102
3889	102
3910	102
3913	102
3914	102
3944	102
3950	102
3958	102
3960	102
3961	102
3962	102
3969	102
3987	102
4012	102
4023	102
4043	102
4049	102
4072	102
4094	102
4123	102
4134	102
4149	102
4151	102
4152	102
4189	102
4209	102
4210	102
4219	102
4227	102
4242	102
4257	102
4276	102
4299	102
4302	102
4355	102
4373	102
4379	102
4411	102
4414	102
4419	102
4420	102
4445	102
4463	102
4466	102
4472	102
4479	102
4485	102
4503	102
4521	102
4583	102
4586	102
4593	102
4595	102
4596	102
4610	102
4611	102
4619	102
4628	102
4630	102
4638	102
4658	102
4685	102
4702	102
4703	102
4711	102
4728	102
4734	102
4774	102
4775	102
4781	102
4806	102
4809	102
4826	102
4831	102
4854	102
4873	102
4881	102
4896	102
4922	102
4937	102
4955	102
4956	102
4967	102
4977	102
4987	102
4990	102
5016	102
5021	102
5025	102
5039	102
5053	102
5064	102
5068	102
5079	102
5089	102
5109	102
5112	102
5118	102
5129	102
5131	102
5147	102
5163	102
5171	102
5194	102
5205	102
5207	102
5212	102
5226	102
5265	102
5266	102
5297	102
5305	102
5329	102
5332	102
5338	102
5369	102
5371	102
5373	102
5376	102
5377	102
5394	102
5397	102
5405	102
5456	102
5466	102
5469	102
5536	102
5540	102
5544	102
5550	102
5558	102
5563	102
5567	102
5588	102
5602	102
5656	102
5678	102
5681	102
5703	102
5716	102
5718	102
5722	102
5726	102
5756	102
5762	102
5770	102
5812	102
5817	102
5820	102
5899	102
5913	102
5915	102
5918	102
5919	102
5935	102
5941	102
5950	102
5953	102
5955	102
5976	102
5982	102
6012	102
6027	102
6053	102
6065	102
6075	102
6079	102
6080	102
6082	102
6096	102
6131	102
6132	102
6179	102
6186	102
6210	102
6219	102
6241	102
6248	102
6252	102
6295	102
6314	102
6352	102
6354	102
6387	102
6404	102
6423	102
6444	102
6450	102
6491	102
6499	102
6531	102
6545	102
6576	102
6583	102
6595	102
6618	102
6664	102
6667	102
6669	102
6672	102
6676	102
6685	102
6688	102
6692	102
6711	102
6716	102
6737	102
6744	102
6753	102
6755	102
6763	102
6774	102
6781	102
6845	102
6846	102
6855	102
6858	102
6865	102
6872	102
6873	102
6875	102
6889	102
6892	102
6893	102
6908	102
6918	102
6968	102
6993	102
6995	102
6997	102
7019	102
7022	102
7040	102
7044	102
7046	102
7079	102
7104	102
7107	102
7121	102
7127	102
7130	102
7150	102
7176	102
7188	102
7190	102
7192	102
7198	102
7213	102
7225	102
7226	102
7261	102
7297	102
7299	102
7322	102
7332	102
7338	102
7367	102
7395	102
7397	102
7407	102
7411	102
7413	102
7424	102
7433	102
7452	102
7455	102
7459	102
7488	102
7498	102
7515	102
7519	102
7520	102
7523	102
7524	102
7530	102
7542	102
7547	102
7563	102
7577	102
7584	102
7589	102
7607	102
7646	102
7675	102
7682	102
7689	102
7692	102
7710	102
7719	102
7722	102
7728	102
7742	102
7747	102
7751	102
7783	102
7786	102
7804	102
7837	102
7852	102
7869	102
7895	102
7924	102
7959	102
7967	102
7984	102
7993	102
7997	102
7999	102
8002	102
8027	102
8055	102
8056	102
8070	102
8074	102
8077	102
8109	102
8121	102
8144	102
8169	102
8170	102
8173	102
8189	102
8194	102
8222	102
8246	102
8247	102
8275	102
8283	102
8290	102
8293	102
8305	102
8311	102
8318	102
8328	102
8331	102
8348	102
8371	102
8406	102
8409	102
8419	102
8444	102
8455	102
8463	102
8472	102
8474	102
8494	102
8495	102
8508	102
8519	102
8542	102
8555	102
8561	102
8562	102
8564	102
8581	102
8598	102
8610	102
8616	102
8624	102
8637	102
8642	102
8668	102
8688	102
8690	102
8692	102
8707	102
8708	102
8715	102
8719	102
8724	102
8726	102
8738	102
8759	102
8761	102
8763	102
8777	102
8782	102
8820	102
8823	102
8851	102
8853	102
8871	102
8885	102
8897	102
8910	102
8942	102
8958	102
8976	102
9010	102
9027	102
9065	102
9067	102
9103	102
9143	102
9158	102
9174	102
9176	102
9220	102
9223	102
9225	102
9227	102
9235	102
9237	102
9238	102
9258	102
9261	102
9269	102
9281	102
9283	102
9287	102
9288	102
9304	102
9342	102
9353	102
9373	102
9387	102
9394	102
9405	102
9410	102
9411	102
9412	102
9420	102
9421	102
9446	102
9450	102
9451	102
9454	102
9461	102
9463	102
9477	102
9489	102
9501	102
9513	102
9516	102
9534	102
9558	102
9565	102
9566	102
9570	102
9578	102
9594	102
9599	102
9600	102
9611	102
9624	102
9629	102
9639	102
9640	102
9642	102
9653	102
9664	102
9676	102
9679	102
9694	102
9700	102
9720	102
9731	102
9734	102
9739	102
9753	102
9765	102
9771	102
9780	102
9795	102
9796	102
9798	102
9801	102
9814	102
9825	102
9839	102
9846	102
9873	102
9891	102
9903	102
9925	102
9927	102
9936	102
9940	102
9959	102
9979	102
9991	102
10004	102
10005	102
10007	102
10030	102
10051	102
10055	102
10066	102
10097	102
10115	102
10135	102
10150	102
10156	102
10166	102
10174	102
10177	102
10181	102
10189	102
10228	102
10265	102
10270	102
10298	102
10319	102
10349	102
10353	102
10365	102
10368	102
10390	102
10405	102
10412	102
10451	102
10452	102
10453	102
10461	102
10504	102
10529	102
10530	102
10539	102
10591	102
10598	102
10608	102
10613	102
10625	102
10636	102
10691	102
10702	102
10710	102
10733	102
10753	102
10761	102
10773	102
10815	102
10825	102
10830	102
10840	102
10841	102
10848	102
10851	102
10852	102
10870	102
10872	102
10913	102
10923	102
10932	102
10940	102
10949	102
10952	102
10975	102
10978	102
10988	102
10991	102
11001	102
11030	102
11045	102
11046	102
11049	102
11079	102
11087	102
11089	102
11093	102
11105	102
11141	102
11143	102
11159	102
11163	102
11177	102
11190	102
11198	102
11199	102
11204	102
11285	102
11301	102
11326	102
11327	102
11333	102
11352	102
11364	102
11365	102
11375	102
11397	102
11421	102
11442	102
11448	102
11451	102
11463	102
11492	102
11494	102
11497	102
11502	102
11531	102
11555	102
11585	102
11593	102
11595	102
11597	102
11636	102
11650	102
11654	102
11657	102
11723	102
11724	102
11734	102
11737	102
11740	102
11771	102
11774	102
11783	102
11785	102
11801	102
11819	102
11841	102
11858	102
11876	102
11896	102
11926	102
11933	102
11934	102
11955	102
11969	102
11977	102
12013	102
12019	102
12028	102
12033	102
12035	102
12043	102
12062	102
12068	102
12078	102
12128	102
12135	102
12149	102
12154	102
12155	102
12161	102
12163	102
12177	102
12185	102
12186	102
12221	102
12222	102
12246	102
12259	102
12260	102
12264	102
12266	102
12271	102
12282	102
12304	102
12314	102
12320	102
12370	102
12375	102
12382	102
12383	102
12450	102
12475	102
12501	102
12512	102
12524	102
12539	102
12552	102
12568	102
12573	102
12644	102
12649	102
12658	102
12689	102
12694	102
12711	102
12713	102
12718	102
12721	102
12733	102
12735	102
12748	102
12761	102
12769	102
12770	102
12778	102
12781	102
12804	102
12808	102
12809	102
12815	102
12816	102
12823	102
12848	102
12891	102
12892	102
12901	102
12910	102
12941	102
12955	102
12960	102
12961	102
12969	102
12974	102
12981	102
12982	102
12986	102
12994	102
12995	102
13007	102
13016	102
13024	102
13036	102
13039	102
13043	102
13069	102
13072	102
13076	102
13078	102
13087	102
13121	102
13142	102
13143	102
13159	102
13161	102
13168	102
13175	102
13178	102
13180	102
13189	102
13212	102
13214	102
13219	102
13233	102
13250	102
13257	102
13259	102
13264	102
13266	102
13303	102
13311	102
13333	102
13358	102
13409	102
13411	102
13434	102
13446	102
13459	102
13464	102
13484	102
13499	102
13513	102
13519	102
13521	102
13524	102
13526	102
13544	102
13551	102
13554	102
13558	102
13559	102
13569	102
13582	102
13594	102
13611	102
13621	102
13626	102
13629	102
13638	102
13640	102
13666	102
13692	102
13699	102
13710	102
13725	102
13727	102
13729	102
13737	102
13741	102
13747	102
13748	102
13763	102
13786	102
13818	102
13822	102
13833	102
13837	102
13861	102
13862	102
13866	102
13870	102
13876	102
13914	102
13926	102
13929	102
13930	102
13931	102
13945	102
13949	102
13992	102
14025	102
14051	102
14090	102
14103	102
14126	102
14137	102
14168	102
14180	102
14207	102
14212	102
14214	102
14233	102
14245	102
14248	102
14263	102
14288	102
14301	102
14357	102
14358	102
14368	102
14377	102
14384	102
14388	102
14393	102
14394	102
14398	102
14400	102
14405	102
14419	102
14427	102
14463	102
14502	102
14503	102
14559	102
14574	102
14589	102
14591	102
14598	102
14617	102
14624	102
14637	102
14638	102
14657	102
14670	102
14674	102
14680	102
14688	102
14692	102
14708	102
14725	102
14735	102
14753	102
14770	102
14774	102
14789	102
14800	102
14807	102
14816	102
14821	102
14843	102
14848	102
14861	102
14882	102
14886	102
14889	102
14899	102
14906	102
14947	102
14963	102
14975	102
14980	102
14991	102
14999	102
15006	102
15021	102
15026	102
15027	102
15064	102
15068	102
15096	102
15102	102
15117	102
15122	102
15124	102
15140	102
15169	102
15200	102
15225	102
15226	102
15232	102
15240	102
15273	102
15274	102
15301	102
15340	102
15369	102
15385	102
15388	102
15395	102
15406	102
15418	102
15419	102
15435	102
15446	102
15461	102
15464	102
15475	102
15490	102
15497	102
15500	102
15511	102
15517	102
15525	102
15545	102
15552	102
15579	102
15582	102
15590	102
15602	102
15608	102
15628	102
15651	102
15660	102
15683	102
15688	102
15703	102
15726	102
15729	102
15734	102
15749	102
15757	102
15759	102
15790	102
15803	102
15807	102
15818	102
15840	102
15843	102
15858	102
15926	102
15929	102
15986	102
15998	102
15999	102
16015	102
16022	102
16035	102
16070	102
16074	102
16076	102
16098	102
16102	102
16108	102
16127	102
16151	102
16175	102
16181	102
16188	102
16191	102
16192	102
16195	102
16196	102
16222	102
16232	102
16252	102
16260	102
16271	102
16272	102
16280	102
16335	102
16342	102
16345	102
16382	102
16389	102
16400	102
16401	102
16412	102
16425	102
16451	102
16454	102
16475	102
16489	102
16498	102
16524	102
16531	102
16539	102
16560	102
16570	102
16571	102
16573	102
16584	102
16585	102
16594	102
16601	102
16604	102
16613	102
16618	102
16632	102
16639	102
16640	102
16648	102
16656	102
16663	102
16676	102
16681	102
16697	102
16706	102
16717	102
16731	102
16738	102
16750	102
16764	102
16778	102
16789	102
16799	102
16813	102
16827	102
16833	102
16839	102
16856	102
16864	102
16885	102
16927	102
16950	102
16959	102
16960	102
16979	102
16992	102
17012	102
17047	102
17058	102
17059	102
17063	102
17093	102
17096	102
17110	102
17124	102
17150	102
17153	102
17168	102
17211	102
17231	102
17247	102
17265	102
17296	102
17307	102
17318	102
17333	102
17347	102
17350	102
17360	102
17391	102
17392	102
17399	102
17407	102
17414	102
17416	102
17453	102
17459	102
17487	102
17489	102
17508	102
17532	102
17534	102
17538	102
17574	102
17590	102
17616	102
17625	102
17629	102
17632	102
17634	102
17639	102
17641	102
17667	102
17681	102
17685	102
17706	102
17718	102
17751	102
17763	102
17770	102
17797	102
17799	102
17822	102
17829	102
17866	102
17869	102
17871	102
17878	102
17879	102
17897	102
17898	102
17910	102
17931	102
17932	102
17948	102
17964	102
17988	102
18000	102
18001	102
18026	102
18027	102
18034	102
18040	102
18055	102
18101	102
18102	102
18108	102
18113	102
18115	102
18117	102
18137	102
18138	102
18140	102
18161	102
18168	102
18170	102
18175	102
18176	102
18177	102
18178	102
18193	102
18196	102
18200	102
18206	102
18250	102
18265	102
18278	102
18281	102
18301	102
18315	102
18351	102
18362	102
18366	102
18378	102
18379	102
18429	102
18438	102
18440	102
18448	102
18460	102
18466	102
18475	102
18494	102
18545	102
18551	102
18552	102
18555	102
18573	102
18575	102
18576	102
18608	102
18616	102
18698	102
18710	102
18718	102
18766	102
18769	102
18790	102
18797	102
18809	102
18814	102
18851	102
18855	102
18880	102
18887	102
18903	102
18913	102
18974	102
19008	102
19010	102
19033	102
19040	102
19051	102
19056	102
19064	102
19066	102
19073	102
19112	102
19118	102
19180	102
19202	102
19214	102
19217	102
19218	102
19241	102
19244	102
19254	102
19256	102
19261	102
19271	102
19277	102
19278	102
19285	102
19290	102
19298	102
19327	102
19331	102
19367	102
19375	102
19379	102
19384	102
19387	102
19421	102
19427	102
19440	102
19442	102
19444	102
19449	102
19456	102
19459	102
19467	102
19468	102
19476	102
19478	102
19496	102
19500	102
19511	102
19532	102
19536	102
19539	102
19552	102
19554	102
19563	102
19567	102
19572	102
19586	102
19607	102
19611	102
19612	102
19631	102
19638	102
19646	102
19648	102
19649	102
19653	102
19654	102
19658	102
19717	102
19723	102
19731	102
19740	102
19742	102
19748	102
19754	102
19763	102
19766	102
19767	102
19777	102
19807	102
19813	102
19823	102
19827	102
19835	102
19836	102
19841	102
19871	102
19919	102
19940	102
19941	102
19959	102
19978	102
20001	102
20008	102
20017	102
20038	102
20071	102
20082	102
20090	102
20100	102
20105	102
20145	102
20150	102
20151	102
20152	102
20158	102
20167	102
20174	102
20176	102
20178	102
20198	102
20209	102
20211	102
20212	102
20241	102
20246	102
20248	102
20256	102
20269	102
20280	102
20304	102
20317	102
20322	102
20334	102
20341	102
20355	102
20357	102
20371	102
20378	102
20404	102
20418	102
20460	102
20470	102
20493	102
20505	102
20518	102
20521	102
20529	102
20538	102
20548	102
20566	102
20570	102
20579	102
20580	102
20583	102
20591	102
20593	102
20596	102
20597	102
20601	102
20616	102
20618	102
20646	102
20659	102
20674	102
20694	102
20699	102
20704	102
20712	102
20749	102
20764	102
20775	102
20786	102
20789	102
20819	102
20828	102
20846	102
20851	102
20863	102
20872	102
20889	102
20922	102
20942	102
20958	102
20960	102
20967	102
20986	102
20987	102
20989	102
21031	102
21033	102
21055	102
21068	102
21077	102
21078	102
21079	102
21083	102
21113	102
21116	102
21129	102
21205	102
21220	102
21222	102
21257	102
21284	102
21286	102
21295	102
21297	102
21329	102
21330	102
21338	102
21347	102
21351	102
21359	102
21364	102
21371	102
21378	102
21383	102
21388	102
21400	102
21416	102
21430	102
21441	102
21444	102
21452	102
21453	102
21455	102
21477	102
21484	102
21487	102
21496	102
21526	102
21582	102
21586	102
21592	102
21613	102
21635	102
21645	102
21656	102
21664	102
21679	102
21693	102
21695	102
21697	102
21698	102
21699	102
21700	102
21710	102
21748	102
21777	102
21780	102
21783	102
21798	102
21801	102
21807	102
21826	102
21832	102
21836	102
21840	102
21844	102
21856	102
21882	102
21885	102
21902	102
21909	102
21927	102
21937	102
21939	102
21943	102
21957	102
21961	102
21990	102
22005	102
22019	102
22020	102
22040	102
22050	102
22052	102
22054	102
22064	102
22069	102
22085	102
22086	102
22090	102
22106	102
22116	102
22132	102
22149	102
22153	102
22191	102
22206	102
22209	102
22247	102
22250	102
22263	102
22273	102
22291	102
22294	102
22299	102
22305	102
22306	102
22334	102
22347	102
22352	102
22359	102
22364	102
22371	102
22407	102
22410	102
22445	102
22464	102
22473	102
22480	102
22502	102
22510	102
22558	102
22570	102
22603	102
22612	102
22613	102
22616	102
22631	102
22647	102
22664	102
22708	102
22713	102
22736	102
22746	102
22752	102
22799	102
22810	102
22812	102
22834	102
22864	102
22868	102
22875	102
22888	102
22908	102
22914	102
22924	102
22958	102
22979	102
23005	102
23029	102
23037	102
23053	102
23062	102
23096	102
23127	102
23136	102
23153	102
23160	102
23191	102
23195	102
23256	102
23262	102
23263	102
23265	102
23270	102
23273	102
23278	102
23294	102
23314	102
23360	102
23363	102
23365	102
23377	102
23384	102
23386	102
23397	102
23435	102
23440	102
23448	102
23450	102
23452	102
23454	102
23463	102
23467	102
23487	102
23505	102
23509	102
23514	102
23521	102
23547	102
23574	102
23576	102
23595	102
23602	102
23678	102
23700	102
23703	102
23735	102
23743	102
23754	102
23755	102
23772	102
23775	102
23785	102
23787	102
23789	102
23814	102
23827	102
23842	102
23852	102
23859	102
23862	102
23867	102
23955	102
23981	102
24005	102
24044	102
24050	102
24052	102
24067	102
24074	102
24081	102
24120	102
24135	102
24148	102
24156	102
24195	102
24199	102
24209	102
24218	102
24239	102
24266	102
24348	102
24363	102
24367	102
24371	102
24383	102
24390	102
24401	102
24406	102
24412	102
24464	102
24469	102
24482	102
24499	102
24561	102
24586	102
24613	102
24622	102
24631	102
24632	102
24652	102
24655	102
24675	102
24685	102
24695	102
24699	102
24706	102
24715	102
24716	102
24754	102
24756	102
24771	102
24774	102
24776	102
24782	102
24830	102
24837	102
24838	102
24858	102
24880	102
24890	102
24911	102
24912	102
24926	102
24929	102
24937	102
24956	102
24963	102
24995	102
25003	102
25033	102
25055	102
25075	102
25077	102
25085	102
25092	102
25098	102
25132	102
25145	102
25153	102
25160	102
25171	102
25185	102
25226	102
25235	102
25254	102
25256	102
25270	102
25296	102
25305	102
25309	102
25320	102
25338	102
25357	102
25371	102
25382	102
25395	102
25401	102
25407	102
25426	102
25427	102
25434	102
25468	102
25498	102
25499	102
25514	102
25516	102
25523	102
25551	102
25553	102
25557	102
25559	102
25577	102
25583	102
25604	102
25612	102
25613	102
25645	102
25654	102
25657	102
25661	102
25668	102
25689	102
25693	102
25695	102
25701	102
25707	102
25729	102
25740	102
25742	102
25743	102
25756	102
25764	102
25773	102
25781	102
25821	102
25829	102
25835	102
25841	102
25844	102
25846	102
25856	102
25863	102
25889	102
25892	102
25896	102
25911	102
25951	102
25956	102
25969	102
25970	102
26007	102
26027	102
26056	102
26058	102
26082	102
26092	102
26108	102
26110	102
26147	102
26160	102
26226	102
26228	102
26231	102
26242	102
26247	102
26281	102
26285	102
26314	102
26321	102
26323	102
26326	102
26329	102
26334	102
26338	102
26353	102
26379	102
26389	102
26405	102
26408	102
26422	102
26456	102
26467	102
26511	102
26537	102
26554	102
26616	102
26619	102
26648	102
26650	102
26660	102
26670	102
26679	102
26718	102
26722	102
26723	102
26726	102
26757	102
26760	102
26780	102
26793	102
26807	102
26849	102
26864	102
26880	102
26897	102
26910	102
26923	102
26924	102
26951	102
26985	102
27007	102
27020	102
27027	102
27064	102
27080	102
27094	102
27113	102
27120	102
27157	102
27164	102
27181	102
27185	102
27189	102
27221	102
27233	102
27280	102
27285	102
27303	102
27304	102
27316	102
27337	102
27382	102
27385	102
27397	102
27406	102
27426	102
27460	102
27463	102
27478	102
27479	102
27534	102
27535	102
27550	102
27595	102
27608	102
27625	102
27626	102
27632	102
27642	102
27646	102
27654	102
27666	102
27687	102
27697	102
27701	102
27718	102
27747	102
27751	102
27756	102
27757	102
27761	102
27794	102
27834	102
27855	102
27857	102
27867	102
27881	102
27909	102
27927	102
27950	102
27961	102
27964	102
27969	102
27980	102
27985	102
28000	102
28007	102
28019	102
28044	102
28054	102
28068	102
28070	102
28075	102
28087	102
28089	102
28122	102
28157	102
28237	102
28239	102
28240	102
28255	102
28266	102
28322	102
28327	102
28328	102
28357	102
28368	102
28373	102
28410	102
28414	102
28427	102
28430	102
28438	102
28442	102
28460	102
28488	102
28510	102
28533	102
28537	102
28546	102
28558	102
28582	102
28585	102
28607	102
28632	102
28650	102
28657	102
28661	102
28700	102
28714	102
28716	102
28728	102
28733	102
28751	102
28760	102
28766	102
28795	102
28800	102
28810	102
28832	102
28836	102
28843	102
28870	102
28912	102
28930	102
28936	102
28967	102
28984	102
28997	102
29003	102
29010	102
29020	102
29062	102
29104	102
29108	102
29124	102
29137	102
29140	102
29141	102
29150	102
29183	102
29218	102
29225	102
29237	102
29261	102
29271	102
29294	102
29295	102
29298	102
29319	102
29328	102
29346	102
29375	102
29386	102
29389	102
29394	102
29401	102
29422	102
29432	102
29436	102
29464	102
29486	102
29490	102
29525	102
29544	102
29550	102
29552	102
29563	102
29564	102
29608	102
29620	102
29636	102
29644	102
29662	102
29691	102
29698	102
29702	102
29712	102
29723	102
29724	102
29730	102
29734	102
29736	102
29738	102
29743	102
29745	102
29747	102
29755	102
29782	102
29785	102
29786	102
29787	102
29795	102
29812	102
29826	102
29828	102
29842	102
29853	102
29860	102
29861	102
29868	102
29871	102
29873	102
29874	102
29878	102
29893	102
29899	102
29906	102
29914	102
29925	102
29937	102
29983	102
30031	102
30058	102
30059	102
30061	102
30069	102
30072	102
30075	102
30108	102
30113	102
30117	102
30121	102
30129	102
30141	102
30151	102
30176	102
30200	102
30204	102
30224	102
30256	102
30281	102
30292	102
30297	102
30311	102
30323	102
30334	102
30346	102
30348	102
30370	102
30381	102
30405	102
30408	102
30460	102
30469	102
30488	102
30496	102
30504	102
30505	102
30509	102
30518	102
30554	102
30596	102
30599	102
30604	102
30626	102
30639	102
30653	102
30663	102
30666	102
30677	102
30684	102
30695	102
30719	102
30725	102
30755	102
30763	102
30789	102
30801	102
30802	102
30803	102
30815	102
30825	102
30849	102
30873	102
30874	102
30887	102
30895	102
30907	102
30919	102
30924	102
30926	102
30934	102
30950	102
30952	102
30974	102
30984	102
30988	102
30997	102
31012	102
31016	102
31062	102
31080	102
31099	102
31108	102
31117	102
31137	102
31156	102
31158	102
31172	102
31223	102
31259	102
31287	102
31328	102
31329	102
31353	102
31362	102
31369	102
31371	102
31378	102
31385	102
31394	102
31403	102
31417	102
31434	102
31435	102
31449	102
31462	102
31463	102
31483	102
31489	102
31498	102
31531	102
31545	102
31553	102
31561	102
31575	102
31576	102
31626	102
31640	102
31649	102
31657	102
31707	102
31734	102
31738	102
31745	102
31795	102
31806	102
31813	102
31848	102
31858	102
31865	102
31867	102
31883	102
31908	102
31926	102
31949	102
31950	102
31964	102
31984	102
32007	102
32028	102
32032	102
32052	102
32091	102
32093	102
32097	102
32102	102
32113	102
32136	102
32147	102
32148	102
32166	102
32170	102
32179	102
32187	102
32210	102
32233	102
32277	102
32295	102
32322	102
32349	102
32354	102
32381	102
32410	102
32451	102
32465	102
32474	102
32486	102
32490	102
32500	102
32506	102
32515	102
32548	102
32550	102
32555	102
32558	102
32566	102
32568	102
32570	102
32572	102
32575	102
32577	102
32586	102
32601	102
32610	102
32615	102
32638	102
32662	102
32673	102
32707	102
32708	102
32713	102
32714	102
32718	102
32725	102
32726	102
32736	102
32758	102
32765	102
32778	102
32801	102
32809	102
32812	102
32820	102
32826	102
32857	102
32858	102
32874	102
32885	102
32889	102
32899	102
32903	102
32915	102
32920	102
32921	102
32947	102
32962	102
32966	102
32998	102
33040	102
33041	102
33058	102
33067	102
33087	102
33098	102
33120	102
33139	102
33149	102
33165	102
33175	102
33179	102
33203	102
33204	102
33210	102
33213	102
33220	102
33221	102
33241	102
33294	102
33301	102
33335	102
33350	102
33366	102
33368	102
33416	102
33419	102
33440	102
33449	102
33462	102
33463	102
33497	102
33510	102
33512	102
33516	102
33518	102
33534	102
33536	102
33539	102
33544	102
33546	102
33551	102
33573	102
33594	102
33604	102
33612	102
33618	102
33646	102
33672	102
33697	102
33699	102
33700	102
33716	102
33726	102
33732	102
33737	102
33755	102
33776	102
33800	102
33815	102
33836	102
33837	102
33838	102
33841	102
33846	102
33848	102
33854	102
33859	102
33875	102
33889	102
33894	102
33910	102
33912	102
33931	102
33938	102
33957	102
33958	102
33976	102
33998	102
34008	102
34010	102
34051	102
34057	102
34071	102
34087	102
34099	102
34108	102
34113	102
34139	102
34172	102
34267	102
34278	102
34289	102
34319	102
34332	102
34343	102
34344	102
34346	102
34400	102
34402	102
34411	102
34443	102
34498	102
34500	102
34502	102
34539	102
34543	102
34544	102
34558	102
34562	102
34577	102
34589	102
34592	102
34619	102
34622	102
34634	102
34648	102
34653	102
34655	102
34657	102
34662	102
34666	102
34693	102
34703	102
34712	102
34713	102
34714	102
34724	102
34739	102
34743	102
34762	102
34771	102
34775	102
34780	102
34782	102
34785	102
34786	102
34811	102
34815	102
34824	102
34843	102
34881	102
34894	102
34904	102
34931	102
34952	102
34960	102
34964	102
34972	102
34997	102
35020	102
35052	102
35084	102
35085	102
35108	102
35111	102
35139	102
35157	102
35167	102
35182	102
35207	102
35208	102
35216	102
35217	102
35228	102
35229	102
35252	102
35255	102
35271	102
35273	102
35286	102
35314	102
35328	102
35345	102
35370	102
35380	102
35393	102
35411	102
35427	102
35448	102
35456	102
35457	102
35460	102
35494	102
35495	102
35519	102
35525	102
35550	102
35563	102
35598	102
35612	102
35613	102
35629	102
35634	102
35643	102
35667	102
35674	102
35679	102
35694	102
35756	102
35789	102
35799	102
35826	102
35828	102
35837	102
35895	102
35929	102
35955	102
35960	102
35967	102
35983	102
36025	102
36056	102
36061	102
36062	102
36083	102
36094	102
36101	102
36116	102
36148	102
36166	102
36172	102
36176	102
36190	102
36204	102
36210	102
36212	102
36229	102
36232	102
36236	102
36253	102
36279	102
36286	102
36292	102
36313	102
36347	102
36361	102
36397	102
36415	102
36423	102
36424	102
36438	102
36440	102
36459	102
36483	102
36491	102
36513	102
36553	102
36556	102
36564	102
36587	102
36588	102
36596	102
36619	102
36650	102
36671	102
36677	102
36705	102
36716	102
36720	102
36722	102
36730	102
36762	102
36794	102
36798	102
36800	102
36830	102
36835	102
36842	102
36867	102
36874	102
36876	102
36895	102
36944	102
36949	102
36952	102
36965	102
36974	102
36980	102
37003	102
37011	102
37018	102
37023	102
37032	102
37054	102
37065	102
37129	102
37146	102
37150	102
37151	102
37164	102
37172	102
37182	102
37192	102
37237	102
37242	102
37282	102
37310	102
37313	102
37319	102
37325	102
37341	102
37347	102
37349	102
37379	102
37388	102
37391	102
37401	102
37408	102
37415	102
37430	102
37436	102
37444	102
37447	102
37450	102
37477	102
37481	102
37501	102
37504	102
37509	102
37514	102
37520	102
37524	102
37531	102
37549	102
37574	102
37582	102
37608	102
37642	102
37685	102
37690	102
37692	102
37699	102
37703	102
37721	102
37734	102
37743	102
37787	102
37788	102
37804	102
37822	102
37838	102
37850	102
37858	102
37883	102
37903	102
37922	102
37939	102
37940	102
37942	102
37947	102
37953	102
37959	102
37980	102
37992	102
38003	102
38049	102
38066	102
38093	102
38100	102
38107	102
38137	102
38149	102
38152	102
38161	102
38170	102
38181	102
38235	102
38276	102
38281	102
38323	102
38345	102
38350	102
38352	102
38357	102
38376	102
38381	102
38419	102
38485	102
38499	102
38502	102
38545	102
38554	102
38557	102
38568	102
38579	102
38584	102
38592	102
38610	102
38612	102
38614	102
38624	102
38641	102
38647	102
38649	102
38682	102
38697	102
38706	102
38712	102
38726	102
38746	102
38756	102
38767	102
38783	102
38796	102
38807	102
38834	102
38845	102
38857	102
38859	102
38864	102
38876	102
38891	102
38928	102
38938	102
38943	102
38967	102
38972	102
38995	102
39022	102
39049	102
39057	102
39066	102
39068	102
39075	102
39083	102
39091	102
39116	102
39123	102
39125	102
39128	102
39131	102
39139	102
39140	102
39143	102
39161	102
39170	102
39173	102
39182	102
39185	102
39195	102
39226	102
39248	102
39251	102
39265	102
39283	102
39284	102
39309	102
39340	102
39344	102
39347	102
39351	102
39360	102
39369	102
39399	102
39403	102
39423	102
39440	102
39442	102
39443	102
39454	102
39462	102
39468	102
39471	102
39475	102
39482	102
39496	102
39511	102
39554	102
39568	102
39577	102
39610	102
39619	102
39629	102
39663	102
39672	102
39675	102
39696	102
39714	102
39726	102
39729	102
39731	102
39733	102
39737	102
39738	102
39741	102
39757	102
39761	102
39782	102
39797	102
39800	102
39803	102
39844	102
39849	102
39858	102
39861	102
39898	102
39917	102
39935	102
39959	102
39960	102
39965	102
39969	102
40007	102
40011	102
40057	102
40076	102
40090	102
40098	102
40099	102
40135	102
40147	102
40173	102
40177	102
40179	102
40190	102
40213	102
40217	102
40225	102
40227	102
40230	102
40245	102
40282	102
40294	102
40305	102
40308	102
40310	102
40320	102
40331	102
40342	102
40357	102
40367	102
40373	102
40390	102
40440	102
40474	102
40485	102
40490	102
40496	102
40517	102
40520	102
40533	102
40554	102
40560	102
40572	102
40578	102
40586	102
40608	102
40610	102
40612	102
40631	102
40658	102
40661	102
40664	102
40683	102
40689	102
40716	102
40743	102
40753	102
40760	102
40761	102
40768	102
40786	102
40796	102
40803	102
40812	102
40817	102
40827	102
40831	102
40840	102
40849	102
40858	102
40883	102
40910	102
40932	102
40943	102
40950	102
40990	102
41021	102
41043	102
41053	102
41056	102
41076	102
41083	102
41097	102
41110	102
41123	102
41149	102
41182	102
41185	102
41198	102
41200	102
41203	102
41225	102
41243	102
41252	102
41256	102
41264	102
41277	102
41300	102
41301	102
41312	102
41314	102
41325	102
41332	102
41337	102
41340	102
41351	102
41360	102
41364	102
41371	102
41425	102
41430	102
41459	102
41468	102
41474	102
41489	102
41491	102
41497	102
41502	102
41514	102
41526	102
41543	102
41545	102
41581	102
41584	102
41585	102
41597	102
41638	102
41665	102
41672	102
41673	102
41694	102
41696	102
41711	102
41721	102
41723	102
41724	102
41734	102
41739	102
41754	102
41758	102
41766	102
41782	102
41793	102
41812	102
41849	102
41877	102
41887	102
41893	102
41910	102
41920	102
41928	102
41933	102
41942	102
41946	102
41961	102
41971	102
41976	102
41981	102
41982	102
41987	102
41991	102
42008	102
42035	102
42041	102
42055	102
42067	102
42095	102
42099	102
42116	102
42117	102
42128	102
42166	102
42174	102
42175	102
42204	102
42229	102
42232	102
42272	102
42277	102
42279	102
42282	102
42285	102
42303	102
42309	102
42318	102
42339	102
42348	102
42357	102
42367	102
42382	102
42384	102
42385	102
42397	102
42398	102
42415	102
42461	102
42482	102
42483	102
42484	102
42487	102
42501	102
42502	102
42504	102
42551	102
42552	102
42557	102
42574	102
42581	102
42608	102
42619	102
42645	102
42678	102
42736	102
42752	102
42756	102
42788	102
42834	102
42842	102
42845	102
42847	102
42850	102
42861	102
42867	102
42872	102
42881	102
42887	102
42889	102
42893	102
42902	102
42906	102
42910	102
42912	102
42946	102
42963	102
42998	102
43001	102
43003	102
43004	102
43022	102
43025	102
43031	102
43100	102
43117	102
43133	102
43150	102
43175	102
43199	102
43212	102
43221	102
43227	102
43236	102
43243	102
43257	102
43267	102
43303	102
43304	102
43353	102
43373	102
43377	102
43404	102
43412	102
43424	102
43425	102
43432	102
43438	102
43439	102
43441	102
43457	102
43463	102
43464	102
43465	102
43482	102
43488	102
43492	102
43509	102
43548	102
43550	102
43561	102
43565	102
43574	102
43577	102
43593	102
43601	102
43604	102
43630	102
43699	102
43706	102
43710	102
43736	102
43738	102
43744	102
43758	102
43764	102
43786	102
43794	102
43809	102
43810	102
43813	102
43817	102
43824	102
43843	102
43846	102
43854	102
43859	102
43884	102
43894	102
43904	102
43919	102
43938	102
43941	102
43965	102
43994	102
44016	102
44024	102
44026	102
44039	102
44047	102
44080	102
44081	102
44103	102
44110	102
44117	102
44118	102
44119	102
44165	102
44183	102
44202	102
44236	102
44249	102
44319	102
44333	102
44338	102
44339	102
44351	102
44390	102
44398	102
44414	102
44417	102
44432	102
44434	102
44436	102
44444	102
44446	102
44455	102
44457	102
44462	102
44470	102
44489	102
44514	102
44541	102
44558	102
44559	102
44589	102
44634	102
44651	102
44652	102
44661	102
44695	102
44696	102
44699	102
44706	102
44707	102
44708	102
44709	102
44753	102
44771	102
44798	102
44808	102
44814	102
44819	102
44844	102
44887	102
44922	102
44932	102
44935	102
44950	102
44985	102
44986	102
45005	102
45032	102
45053	102
45058	102
45060	102
45062	102
45086	102
45087	102
45101	102
45119	102
45138	102
45151	102
45171	102
45191	102
45203	102
45212	102
45256	102
45262	102
45281	102
45285	102
45332	102
45377	102
45400	102
45431	102
45435	102
45498	102
45505	102
45507	102
45509	102
45530	102
45538	102
45590	102
45606	102
45624	102
45638	102
45669	102
45695	102
45707	102
45752	102
45758	102
45765	102
45771	102
45779	102
45784	102
45800	102
45818	102
45845	102
45849	102
45888	102
45891	102
45932	102
45937	102
45941	102
45952	102
45973	102
46012	102
46025	102
46028	102
46048	102
46053	102
46064	102
46079	102
46086	102
46092	102
46095	102
46114	102
46154	102
46168	102
46169	102
46178	102
46205	102
46211	102
46219	102
46222	102
46223	102
46225	102
46246	102
46272	102
46283	102
46292	102
46308	102
46317	102
46334	102
46335	102
46368	102
46369	102
46371	102
46413	102
46414	102
46416	102
46425	102
46433	102
46445	102
46469	102
46473	102
46475	102
46483	102
46509	102
46522	102
46524	102
46530	102
46539	102
46549	102
46553	102
46557	102
46567	102
46582	102
46583	102
46592	102
46607	102
46648	102
46677	102
46678	102
46689	102
46704	102
46719	102
46725	102
46766	102
46768	102
46770	102
46797	102
46807	102
46809	102
46810	102
46821	102
46826	102
46835	102
46867	102
46875	102
46902	102
46903	102
46905	102
46914	102
46930	102
46948	102
46949	102
46954	102
46956	102
46964	102
46967	102
46983	102
46988	102
46994	102
46995	102
47022	102
47046	102
47048	102
47072	102
47075	102
47149	102
47166	102
47170	102
47172	102
47211	102
47214	102
47235	102
47249	102
47252	102
47267	102
47293	102
47319	102
47324	102
47341	102
47346	102
47384	102
47398	102
47409	102
47418	102
47423	102
47434	102
47459	102
47462	102
47478	102
47487	102
47496	102
47518	102
47533	102
47537	102
47544	102
47548	102
47554	102
47556	102
47561	102
47582	102
47586	102
47620	102
47623	102
47635	102
47678	102
47721	102
47733	102
47739	102
47772	102
47773	102
47808	102
47816	102
47825	102
47835	102
47842	102
47856	102
47862	102
47863	102
47874	102
47919	102
47922	102
47932	102
47942	102
47944	102
47953	102
47962	102
47970	102
47972	102
47978	102
47989	102
47991	102
48012	102
48015	102
48016	102
48019	102
48024	102
48039	102
48045	102
48075	102
48095	102
48120	102
48130	102
48134	102
48137	102
48150	102
48164	102
48186	102
48190	102
48198	102
48204	102
48212	102
48214	102
48224	102
48243	102
48247	102
48261	102
48269	102
48292	102
48300	102
48306	102
48319	102
48328	102
48344	102
48349	102
48351	102
48352	102
48359	102
48387	102
48388	102
48400	102
48422	102
48435	102
48437	102
48465	102
48479	102
48501	102
48508	102
48509	102
48510	102
48512	102
48518	102
48525	102
48542	102
48548	102
48556	102
48565	102
48569	102
48588	102
48596	102
48600	102
48628	102
48642	102
48658	102
48660	102
48676	102
48679	102
48680	102
48682	102
48687	102
48692	102
48697	102
48702	102
48704	102
48720	102
48762	102
48771	102
48777	102
48778	102
48785	102
48786	102
48788	102
48808	102
48811	102
48840	102
48841	102
48842	102
48857	102
48876	102
48891	102
48924	102
48929	102
48942	102
48948	102
48950	102
48973	102
48979	102
48980	102
48981	102
48987	102
49000	102
49005	102
49015	102
49017	102
49022	102
49029	102
49034	102
49043	102
49056	102
49060	102
49083	102
49086	102
49091	102
49092	102
49133	102
49143	102
49146	102
49161	102
49164	102
49167	102
49178	102
49181	102
49185	102
49188	102
49200	102
49208	102
49222	102
49243	102
49246	102
49259	102
49272	102
49279	102
49301	102
49315	102
49316	102
49320	102
49329	102
49364	102
49365	102
49387	102
49400	102
49412	102
49420	102
49443	102
49454	102
49464	102
49471	102
49476	102
49490	102
49507	102
49529	102
49531	102
49543	102
49555	102
49557	102
49558	102
49577	102
49581	102
49583	102
49588	102
49613	102
49620	102
49641	102
49661	102
49672	102
49678	102
49690	102
49707	102
49713	102
49715	102
49735	102
49741	102
49744	102
49753	102
49759	102
49771	102
49776	102
49778	102
49779	102
49783	102
49791	102
49814	102
49833	102
49836	102
49855	102
49857	102
49862	102
49886	102
49934	102
49942	102
49958	102
49980	102
49984	102
49989	102
49995	102
12	101
13	101
17	101
21	101
52	101
59	101
63	101
67	101
79	101
106	101
109	101
114	101
117	101
121	101
131	101
141	101
143	101
165	101
175	101
177	101
189	101
197	101
224	101
228	101
232	101
242	101
248	101
250	101
264	101
284	101
286	101
290	101
298	101
305	101
318	101
326	101
327	101
335	101
337	101
347	101
348	101
360	101
362	101
374	101
391	101
392	101
407	101
423	101
445	101
449	101
456	101
467	101
469	101
513	101
514	101
515	101
557	101
558	101
564	101
574	101
599	101
601	101
626	101
632	101
652	101
663	101
667	101
681	101
693	101
700	101
709	101
710	101
716	101
724	101
727	101
795	101
808	101
839	101
858	101
870	101
882	101
893	101
894	101
914	101
924	101
931	101
949	101
957	101
976	101
980	101
983	101
985	101
987	101
993	101
1055	101
1063	101
1065	101
1071	101
1104	101
1116	101
1118	101
1123	101
1139	101
1161	101
1162	101
1179	101
1187	101
1189	101
1199	101
1210	101
1211	101
1224	101
1234	101
1237	101
1297	101
1306	101
1317	101
1337	101
1357	101
1360	101
1374	101
1382	101
1386	101
1447	101
1450	101
1458	101
1481	101
1482	101
1501	101
1516	101
1529	101
1553	101
1566	101
1568	101
1577	101
1596	101
1600	101
1618	101
1630	101
1643	101
1676	101
1685	101
1691	101
1710	101
1713	101
1716	101
1732	101
1749	101
1752	101
1763	101
1776	101
1813	101
1822	101
1834	101
1856	101
1860	101
1861	101
1868	101
1874	101
1898	101
1904	101
1915	101
1934	101
1942	101
1952	101
1953	101
1955	101
1957	101
1986	101
1988	101
1991	101
1995	101
2000	101
2002	101
2021	101
2025	101
2036	101
2044	101
2062	101
2078	101
2081	101
2096	101
2103	101
2118	101
2119	101
2121	101
2122	101
2125	101
2136	101
2146	101
2150	101
2154	101
2163	101
2176	101
2181	101
2206	101
2216	101
2218	101
2235	101
2236	101
2246	101
2248	101
2253	101
2284	101
2291	101
2308	101
2317	101
2318	101
2323	101
2324	101
2326	101
2333	101
2351	101
2365	101
2369	101
2371	101
2383	101
2401	101
2420	101
2424	101
2429	101
2430	101
2450	101
2451	101
2462	101
2494	101
2503	101
2534	101
2556	101
2567	101
2588	101
2594	101
2623	101
2635	101
2638	101
2643	101
2662	101
2683	101
2701	101
2716	101
2742	101
2746	101
2779	101
2800	101
2805	101
2810	101
2840	101
2859	101
2868	101
2869	101
2874	101
2896	101
2915	101
2931	101
2960	101
2962	101
2964	101
2967	101
2972	101
2982	101
3038	101
3040	101
3050	101
3052	101
3063	101
3076	101
3123	101
3125	101
3165	101
3196	101
3205	101
3209	101
3210	101
3213	101
3218	101
3238	101
3251	101
3255	101
3261	101
3271	101
3281	101
3284	101
3286	101
3295	101
3300	101
3322	101
3325	101
3330	101
3334	101
3347	101
3349	101
3362	101
3383	101
3390	101
3408	101
3466	101
3468	101
3469	101
3504	101
3521	101
3522	101
3568	101
3570	101
3577	101
3585	101
3627	101
3670	101
3683	101
3713	101
3732	101
3748	101
3760	101
3762	101
3779	101
3853	101
3854	101
3855	101
3860	101
3880	101
3883	101
3888	101
3892	101
3902	101
3906	101
3924	101
3928	101
3929	101
3934	101
3953	101
3955	101
3979	101
3982	101
3986	101
3992	101
3997	101
3999	101
4004	101
4017	101
4032	101
4061	101
4063	101
4074	101
4090	101
4093	101
4095	101
4096	101
4103	101
4114	101
4119	101
4125	101
4128	101
4135	101
4142	101
4154	101
4179	101
4191	101
4218	101
4259	101
4264	101
4270	101
4277	101
4281	101
4307	101
4330	101
4336	101
4342	101
4345	101
4349	101
4389	101
4409	101
4438	101
4449	101
4453	101
4460	101
4480	101
4502	101
4510	101
4522	101
4556	101
4575	101
4577	101
4594	101
4598	101
4604	101
4644	101
4678	101
4691	101
4695	101
4699	101
4722	101
4731	101
4733	101
4767	101
4786	101
4795	101
4825	101
4829	101
4838	101
4874	101
4879	101
4892	101
4913	101
4918	101
4943	101
4945	101
4952	101
4962	101
4964	101
4976	101
4982	101
4995	101
4996	101
5005	101
5018	101
5024	101
5029	101
5061	101
5073	101
5074	101
5114	101
5115	101
5130	101
5132	101
5135	101
5151	101
5169	101
5175	101
5176	101
5179	101
5182	101
5195	101
5204	101
5248	101
5273	101
5292	101
5298	101
5301	101
5304	101
5307	101
5335	101
5348	101
5365	101
5380	101
5384	101
5475	101
5481	101
5497	101
5506	101
5517	101
5518	101
5520	101
5528	101
5535	101
5556	101
5566	101
5569	101
5573	101
5577	101
5594	101
5603	101
5615	101
5647	101
5652	101
5667	101
5674	101
5695	101
5711	101
5713	101
5719	101
5720	101
5751	101
5776	101
5780	101
5819	101
5824	101
5825	101
5843	101
5851	101
5856	101
5864	101
5879	101
5921	101
5926	101
5934	101
5961	101
5966	101
5967	101
6007	101
6023	101
6032	101
6046	101
6051	101
6054	101
6092	101
6126	101
6138	101
6139	101
6140	101
6164	101
6173	101
6184	101
6197	101
6204	101
6205	101
6208	101
6217	101
6226	101
6235	101
6261	101
6283	101
6286	101
6318	101
6322	101
6326	101
6357	101
6399	101
6410	101
6411	101
6447	101
6469	101
6484	101
6487	101
6509	101
6522	101
6526	101
6548	101
6556	101
6568	101
6577	101
6578	101
6596	101
6597	101
6614	101
6619	101
6633	101
6645	101
6647	101
6649	101
6651	101
6654	101
6671	101
6702	101
6734	101
6741	101
6747	101
6754	101
6779	101
6783	101
6792	101
6799	101
6809	101
6816	101
6817	101
6821	101
6827	101
6868	101
6869	101
6874	101
6887	101
6888	101
6913	101
6951	101
6962	101
6992	101
7004	101
7006	101
7016	101
7027	101
7032	101
7033	101
7037	101
7069	101
7073	101
7074	101
7085	101
7112	101
7120	101
7142	101
7152	101
7168	101
7181	101
7183	101
7194	101
7204	101
7210	101
7251	101
7266	101
7269	101
7274	101
7293	101
7295	101
7300	101
7302	101
7304	101
7306	101
7308	101
7309	101
7310	101
7313	101
7333	101
7334	101
7336	101
7347	101
7352	101
7361	101
7364	101
7376	101
7445	101
7446	101
7447	101
7449	101
7454	101
7472	101
7475	101
7478	101
7480	101
7482	101
7492	101
7496	101
7504	101
7553	101
7567	101
7587	101
7588	101
7590	101
7604	101
7611	101
7621	101
7630	101
7632	101
7649	101
7663	101
7718	101
7726	101
7727	101
7733	101
7737	101
7753	101
7768	101
7805	101
7836	101
7851	101
7853	101
7876	101
7880	101
7881	101
7897	101
7903	101
7916	101
7923	101
7950	101
7976	101
8008	101
8009	101
8010	101
8031	101
8046	101
8071	101
8106	101
8108	101
8124	101
8136	101
8149	101
8158	101
8164	101
8180	101
8196	101
8220	101
8234	101
8236	101
8255	101
8259	101
8260	101
8266	101
8287	101
8288	101
8292	101
8307	101
8314	101
8327	101
8338	101
8363	101
8367	101
8370	101
8376	101
8381	101
8393	101
8395	101
8405	101
8414	101
8417	101
8425	101
8456	101
8466	101
8477	101
8491	101
8492	101
8501	101
8512	101
8528	101
8533	101
8541	101
8543	101
8544	101
8545	101
8547	101
8557	101
8589	101
8590	101
8611	101
8625	101
8627	101
8630	101
8663	101
8677	101
8689	101
8695	101
8748	101
8752	101
8760	101
8773	101
8786	101
8789	101
8797	101
8802	101
8819	101
8861	101
8883	101
8903	101
8904	101
8933	101
8939	101
8947	101
8960	101
8978	101
9016	101
9017	101
9033	101
9038	101
9047	101
9049	101
9056	101
9066	101
9070	101
9075	101
9079	101
9081	101
9095	101
9121	101
9131	101
9132	101
9136	101
9145	101
9148	101
9155	101
9166	101
9171	101
9173	101
9193	101
9201	101
9239	101
9259	101
9265	101
9292	101
9298	101
9300	101
9306	101
9307	101
9332	101
9341	101
9351	101
9352	101
9356	101
9357	101
9362	101
9363	101
9386	101
9393	101
9395	101
9414	101
9468	101
9475	101
9496	101
9497	101
9498	101
9511	101
9554	101
9579	101
9585	101
9588	101
9597	101
9612	101
9614	101
9623	101
9631	101
9655	101
9672	101
9696	101
9701	101
9714	101
9716	101
9763	101
9779	101
9784	101
9787	101
9797	101
9803	101
9817	101
9818	101
9847	101
9857	101
9862	101
9868	101
9881	101
9904	101
9924	101
9973	101
9977	101
9985	101
9994	101
10017	101
10034	101
10045	101
10065	101
10091	101
10092	101
10101	101
10103	101
10114	101
10129	101
10140	101
10159	101
10163	101
10170	101
10188	101
10194	101
10216	101
10239	101
10259	101
10274	101
10300	101
10303	101
10333	101
10337	101
10355	101
10385	101
10396	101
10404	101
10407	101
10417	101
10429	101
10438	101
10439	101
10470	101
10472	101
10480	101
10490	101
10502	101
10509	101
10517	101
10538	101
10557	101
10588	101
10601	101
10611	101
10628	101
10666	101
10670	101
10678	101
10696	101
10704	101
10732	101
10746	101
10759	101
10784	101
10792	101
10800	101
10802	101
10807	101
10824	101
10836	101
10842	101
10845	101
10849	101
10854	101
10874	101
10876	101
10880	101
10889	101
10906	101
10908	101
10915	101
10916	101
10934	101
10951	101
10955	101
10961	101
10973	101
10977	101
10979	101
11020	101
11023	101
11031	101
11033	101
11040	101
11043	101
11057	101
11066	101
11070	101
11072	101
11084	101
11101	101
11119	101
11123	101
11147	101
11158	101
11160	101
11161	101
11180	101
11201	101
11205	101
11209	101
11213	101
11229	101
11230	101
11250	101
11257	101
11268	101
11269	101
11273	101
11289	101
11295	101
11311	101
11313	101
11317	101
11319	101
11328	101
11353	101
11371	101
11379	101
11385	101
11387	101
11390	101
11391	101
11398	101
11408	101
11423	101
11432	101
11460	101
11462	101
11464	101
11471	101
11487	101
11490	101
11499	101
11507	101
11510	101
11514	101
11528	101
11560	101
11563	101
11566	101
11600	101
11612	101
11621	101
11623	101
11670	101
11687	101
11730	101
11733	101
11735	101
11736	101
11741	101
11752	101
11756	101
11763	101
11772	101
11786	101
11793	101
11828	101
11833	101
11847	101
11872	101
11878	101
11885	101
11890	101
11903	101
11904	101
11905	101
11921	101
11923	101
11938	101
11944	101
11947	101
11948	101
11949	101
11950	101
11952	101
11959	101
11970	101
11971	101
11975	101
11999	101
12017	101
12024	101
12026	101
12030	101
12034	101
12044	101
12049	101
12051	101
12059	101
12067	101
12074	101
12076	101
12111	101
12115	101
12122	101
12126	101
12145	101
12146	101
12153	101
12168	101
12171	101
12192	101
12204	101
12226	101
12243	101
12254	101
12257	101
12263	101
12317	101
12341	101
12361	101
12363	101
12366	101
12415	101
12430	101
12448	101
12456	101
12461	101
12474	101
12482	101
12488	101
12506	101
12509	101
12514	101
12518	101
12545	101
12547	101
12554	101
12556	101
12576	101
12577	101
12580	101
12584	101
12594	101
12603	101
12643	101
12645	101
12651	101
12674	101
12676	101
12680	101
12682	101
12698	101
12723	101
12737	101
12740	101
12751	101
12766	101
12780	101
12782	101
12783	101
12820	101
12826	101
12852	101
12894	101
12896	101
12905	101
12934	101
12938	101
12968	101
12976	101
13010	101
13033	101
13053	101
13061	101
13080	101
13082	101
13110	101
13111	101
13123	101
13130	101
13140	101
13141	101
13156	101
13164	101
13169	101
13187	101
13194	101
13198	101
13215	101
13217	101
13222	101
13239	101
13249	101
13273	101
13286	101
13302	101
13310	101
13330	101
13340	101
13341	101
13347	101
13377	101
13390	101
13392	101
13406	101
13423	101
13426	101
13447	101
13467	101
13483	101
13487	101
13488	101
13564	101
13581	101
13585	101
13591	101
13595	101
13598	101
13604	101
13606	101
13624	101
13630	101
13641	101
13648	101
13683	101
13689	101
13703	101
13753	101
13770	101
13777	101
13793	101
13802	101
13809	101
13827	101
13829	101
13832	101
13836	101
13838	101
13887	101
13902	101
13906	101
13916	101
13934	101
13938	101
13940	101
13947	101
13967	101
13979	101
14010	101
14011	101
14019	101
14029	101
14036	101
14043	101
14047	101
14050	101
14062	101
14073	101
14104	101
14114	101
14118	101
14128	101
14138	101
14154	101
14160	101
14171	101
14175	101
14194	101
14198	101
14199	101
14202	101
14204	101
14219	101
14227	101
14228	101
14234	101
14236	101
14256	101
14264	101
14277	101
14278	101
14289	101
14294	101
14295	101
14307	101
14312	101
14348	101
14351	101
14359	101
14371	101
14375	101
14378	101
14387	101
14418	101
14423	101
14435	101
14436	101
14442	101
14446	101
14448	101
14460	101
14471	101
14475	101
14488	101
14495	101
14521	101
14535	101
14557	101
14571	101
14592	101
14597	101
14627	101
14629	101
14631	101
14635	101
14651	101
14663	101
14702	101
14718	101
14733	101
14771	101
14792	101
14817	101
14822	101
14831	101
14842	101
14855	101
14865	101
14869	101
14870	101
14872	101
14881	101
14901	101
14911	101
14915	101
14919	101
14936	101
14937	101
14946	101
14951	101
14952	101
14954	101
14971	101
14972	101
14976	101
14977	101
14979	101
15001	101
15004	101
15010	101
15011	101
15013	101
15035	101
15051	101
15062	101
15108	101
15121	101
15149	101
15155	101
15166	101
15167	101
15172	101
15176	101
15185	101
15213	101
15217	101
15223	101
15237	101
15244	101
15259	101
15266	101
15269	101
15293	101
15294	101
15298	101
15299	101
15303	101
15316	101
15318	101
15319	101
15334	101
15346	101
15379	101
15404	101
15424	101
15440	101
15465	101
15471	101
15474	101
15478	101
15483	101
15494	101
15532	101
15534	101
15565	101
15572	101
15584	101
15604	101
15617	101
15630	101
15645	101
15655	101
15658	101
15679	101
15680	101
15682	101
15691	101
15699	101
15713	101
15746	101
15747	101
15760	101
15764	101
15771	101
15789	101
15795	101
15799	101
15816	101
15822	101
15841	101
15845	101
15865	101
15881	101
15916	101
15920	101
15958	101
15970	101
15980	101
15981	101
15995	101
16020	101
16027	101
16037	101
16039	101
16041	101
16052	101
16059	101
16073	101
16075	101
16132	101
16140	101
16153	101
16167	101
16169	101
16184	101
16187	101
16200	101
16209	101
16212	101
16228	101
16243	101
16244	101
16249	101
16251	101
16259	101
16285	101
16287	101
16289	101
16297	101
16301	101
16308	101
16326	101
16329	101
16341	101
16357	101
16373	101
16396	101
16397	101
16441	101
16444	101
16449	101
16461	101
16466	101
16473	101
16484	101
16486	101
16487	101
16490	101
16501	101
16503	101
16517	101
16529	101
16540	101
16549	101
16554	101
16572	101
16590	101
16608	101
16609	101
16610	101
16611	101
16614	101
16617	101
16620	101
16651	101
16655	101
16660	101
16678	101
16690	101
16698	101
16704	101
16705	101
16729	101
16755	101
16762	101
16784	101
16786	101
16790	101
16795	101
16798	101
16819	101
16840	101
16843	101
16846	101
16854	101
16870	101
16886	101
16906	101
16928	101
16935	101
16963	101
16967	101
16978	101
16996	101
16997	101
17007	101
17011	101
17014	101
17027	101
17055	101
17057	101
17069	101
17071	101
17077	101
17081	101
17089	101
17090	101
17108	101
17121	101
17122	101
17129	101
17146	101
17163	101
17170	101
17197	101
17212	101
17244	101
17286	101
17287	101
17292	101
17294	101
17302	101
17306	101
17320	101
17325	101
17330	101
17340	101
17355	101
17375	101
17438	101
17444	101
17463	101
17467	101
17486	101
17497	101
17510	101
17511	101
17523	101
17536	101
17549	101
17563	101
17578	101
17582	101
17583	101
17593	101
17596	101
17630	101
17637	101
17647	101
17655	101
17658	101
17675	101
17695	101
17702	101
17707	101
17715	101
17727	101
17737	101
17740	101
17753	101
17765	101
17779	101
17792	101
17793	101
17823	101
17825	101
17826	101
17835	101
17852	101
17853	101
17870	101
17874	101
17880	101
17881	101
17890	101
17891	101
17924	101
17936	101
17938	101
17940	101
17947	101
17952	101
17965	101
17966	101
17982	101
18010	101
18011	101
18016	101
18028	101
18038	101
18060	101
18076	101
18090	101
18139	101
18147	101
18151	101
18156	101
18163	101
18204	101
18209	101
18214	101
18215	101
18223	101
18228	101
18241	101
18247	101
18258	101
18270	101
18271	101
18288	101
18294	101
18298	101
18314	101
18323	101
18325	101
18329	101
18342	101
18349	101
18350	101
18364	101
18390	101
18396	101
18404	101
18410	101
18414	101
18424	101
18426	101
18435	101
18447	101
18455	101
18470	101
18484	101
18486	101
18487	101
18493	101
18502	101
18505	101
18519	101
18521	101
18524	101
18530	101
18534	101
18536	101
18550	101
18581	101
18584	101
18602	101
18605	101
18615	101
18623	101
18658	101
18667	101
18687	101
18701	101
18705	101
18740	101
18743	101
18748	101
18752	101
18771	101
18812	101
18816	101
18819	101
18821	101
18826	101
18841	101
18847	101
18850	101
18856	101
18863	101
18869	101
18877	101
18881	101
18904	101
18905	101
18922	101
18924	101
18941	101
18984	101
18993	101
19009	101
19030	101
19052	101
19081	101
19082	101
19107	101
19141	101
19147	101
19151	101
19156	101
19159	101
19163	101
19176	101
19269	101
19295	101
19296	101
19316	101
19317	101
19326	101
19329	101
19338	101
19342	101
19346	101
19359	101
19365	101
19391	101
19403	101
19408	101
19414	101
19435	101
19507	101
19515	101
19518	101
19535	101
19541	101
19542	101
19543	101
19551	101
19560	101
19566	101
19569	101
19584	101
19587	101
19594	101
19605	101
19606	101
19609	101
19622	101
19659	101
19662	101
19663	101
19672	101
19673	101
19681	101
19747	101
19749	101
19784	101
19819	101
19828	101
19830	101
19843	101
19845	101
19847	101
19850	101
19878	101
19885	101
19905	101
19920	101
19936	101
19937	101
19946	101
19949	101
19951	101
19960	101
19965	101
19966	101
20018	101
20025	101
20032	101
20042	101
20074	101
20093	101
20094	101
20108	101
20133	101
20141	101
20143	101
20149	101
20157	101
20160	101
20161	101
20171	101
20181	101
20186	101
20201	101
20205	101
20207	101
20259	101
20279	101
20284	101
20294	101
20324	101
20336	101
20337	101
20340	101
20346	101
20351	101
20361	101
20383	101
20389	101
20392	101
20395	101
20401	101
20417	101
20421	101
20434	101
20464	101
20471	101
20480	101
20484	101
20486	101
20489	101
20495	101
20503	101
20530	101
20531	101
20539	101
20550	101
20552	101
20553	101
20563	101
20604	101
20614	101
20622	101
20625	101
20627	101
20642	101
20665	101
20677	101
20681	101
20691	101
20718	101
20720	101
20738	101
20740	101
20755	101
20773	101
20785	101
20792	101
20794	101
20795	101
20799	101
20801	101
20807	101
20811	101
20832	101
20838	101
20839	101
20852	101
20853	101
20857	101
20869	101
20879	101
20880	101
20882	101
20884	101
20900	101
20903	101
20907	101
20930	101
20954	101
20963	101
20998	101
20999	101
21025	101
21036	101
21037	101
21051	101
21060	101
21063	101
21082	101
21088	101
21096	101
21100	101
21117	101
21132	101
21139	101
21144	101
21148	101
21158	101
21159	101
21165	101
21190	101
21225	101
21235	101
21268	101
21269	101
21272	101
21298	101
21318	101
21342	101
21343	101
21357	101
21366	101
21370	101
21373	101
21385	101
21401	101
21408	101
21425	101
21428	101
21433	101
21454	101
21456	101
21472	101
21481	101
21489	101
21532	101
21563	101
21574	101
21605	101
21621	101
21626	101
21646	101
21683	101
21687	101
21702	101
21722	101
21725	101
21734	101
21769	101
21770	101
21789	101
21791	101
21795	101
21819	101
21824	101
21850	101
21875	101
21897	101
21900	101
21920	101
21931	101
21934	101
21955	101
21962	101
21976	101
21991	101
22012	101
22013	101
22029	101
22030	101
22035	101
22041	101
22044	101
22053	101
22059	101
22068	101
22094	101
22099	101
22131	101
22134	101
22136	101
22137	101
22168	101
22180	101
22187	101
22193	101
22205	101
22213	101
22242	101
22256	101
22258	101
22259	101
22295	101
22301	101
22351	101
22382	101
22405	101
22414	101
22430	101
22436	101
22446	101
22449	101
22463	101
22476	101
22494	101
22505	101
22506	101
22507	101
22511	101
22541	101
22546	101
22583	101
22587	101
22593	101
22604	101
22635	101
22655	101
22673	101
22686	101
22687	101
22688	101
22695	101
22699	101
22723	101
22730	101
22739	101
22770	101
22776	101
22782	101
22787	101
22791	101
22795	101
22803	101
22818	101
22823	101
22827	101
22836	101
22854	101
22863	101
22874	101
22878	101
22896	101
22897	101
22901	101
22917	101
22919	101
22947	101
22949	101
22953	101
22968	101
22975	101
22977	101
22990	101
23023	101
23039	101
23047	101
23058	101
23066	101
23084	101
23085	101
23104	101
23118	101
23130	101
23147	101
23148	101
23166	101
23168	101
23178	101
23212	101
23216	101
23217	101
23218	101
23219	101
23242	101
23258	101
23281	101
23312	101
23321	101
23323	101
23326	101
23346	101
23367	101
23375	101
23379	101
23451	101
23473	101
23480	101
23482	101
23492	101
23503	101
23517	101
23525	101
23561	101
23590	101
23607	101
23615	101
23634	101
23654	101
23692	101
23705	101
23711	101
23723	101
23732	101
23734	101
23745	101
23766	101
23774	101
23779	101
23790	101
23845	101
23881	101
23889	101
23924	101
23926	101
23930	101
23931	101
23935	101
23937	101
23941	101
23944	101
23946	101
23950	101
23956	101
23963	101
23968	101
23972	101
23977	101
23980	101
23984	101
23988	101
23989	101
23995	101
24006	101
24012	101
24016	101
24017	101
24034	101
24037	101
24038	101
24063	101
24065	101
24072	101
24077	101
24094	101
24097	101
24103	101
24110	101
24112	101
24122	101
24124	101
24129	101
24142	101
24151	101
24153	101
24174	101
24177	101
24192	101
24213	101
24215	101
24235	101
24238	101
24240	101
24242	101
24248	101
24259	101
24271	101
24273	101
24276	101
24312	101
24318	101
24360	101
24365	101
24372	101
24393	101
24409	101
24417	101
24421	101
24430	101
24447	101
24531	101
24542	101
24549	101
24562	101
24569	101
24571	101
24596	101
24597	101
24605	101
24606	101
24614	101
24618	101
24636	101
24686	101
24693	101
24696	101
24703	101
24714	101
24717	101
24734	101
24739	101
24789	101
24790	101
24791	101
24792	101
24794	101
24817	101
24843	101
24844	101
24863	101
24868	101
24872	101
24889	101
24896	101
24901	101
24919	101
24931	101
24939	101
24942	101
24948	101
24958	101
24968	101
25050	101
25052	101
25064	101
25076	101
25082	101
25087	101
25088	101
25108	101
25114	101
25119	101
25125	101
25146	101
25164	101
25170	101
25180	101
25195	101
25214	101
25215	101
25222	101
25223	101
25224	101
25229	101
25267	101
25271	101
25276	101
25281	101
25314	101
25344	101
25346	101
25365	101
25398	101
25403	101
25428	101
25442	101
25445	101
25447	101
25450	101
25456	101
25458	101
25470	101
25473	101
25481	101
25482	101
25490	101
25492	101
25497	101
25500	101
25513	101
25519	101
25530	101
25532	101
25552	101
25564	101
25568	101
25578	101
25579	101
25580	101
25581	101
25584	101
25599	101
25600	101
25608	101
25610	101
25611	101
25632	101
25636	101
25651	101
25663	101
25665	101
25691	101
25731	101
25735	101
25746	101
25753	101
25754	101
25762	101
25771	101
25809	101
25818	101
25833	101
25858	101
25865	101
25868	101
25871	101
25882	101
25888	101
25904	101
25905	101
25917	101
25921	101
25922	101
25925	101
25927	101
25928	101
25947	101
25965	101
25966	101
25972	101
25997	101
26053	101
26065	101
26079	101
26085	101
26094	101
26098	101
26109	101
26113	101
26155	101
26189	101
26197	101
26200	101
26211	101
26224	101
26260	101
26274	101
26280	101
26300	101
26333	101
26339	101
26341	101
26365	101
26369	101
26390	101
26400	101
26403	101
26425	101
26427	101
26431	101
26439	101
26448	101
26455	101
26461	101
26463	101
26466	101
26469	101
26470	101
26477	101
26482	101
26497	101
26503	101
26505	101
26514	101
26522	101
26525	101
26529	101
26549	101
26553	101
26560	101
26566	101
26573	101
26591	101
26629	101
26645	101
26651	101
26669	101
26671	101
26687	101
26693	101
26719	101
26724	101
26733	101
26747	101
26755	101
26784	101
26799	101
26801	101
26811	101
26819	101
26827	101
26836	101
26874	101
26879	101
26890	101
26907	101
26909	101
26912	101
26915	101
26928	101
26931	101
26963	101
26967	101
26968	101
26975	101
26988	101
26995	101
27004	101
27040	101
27042	101
27060	101
27074	101
27092	101
27095	101
27135	101
27139	101
27146	101
27163	101
27186	101
27214	101
27225	101
27255	101
27281	101
27295	101
27308	101
27346	101
27353	101
27356	101
27366	101
27418	101
27421	101
27423	101
27433	101
27438	101
27439	101
27441	101
27454	101
27470	101
27480	101
27481	101
27485	101
27528	101
27547	101
27548	101
27554	101
27558	101
27564	101
27580	101
27612	101
27615	101
27634	101
27637	101
27638	101
27643	101
27667	101
27683	101
27688	101
27703	101
27720	101
27734	101
27765	101
27772	101
27791	101
27818	101
27825	101
27832	101
27839	101
27841	101
27880	101
27893	101
27895	101
27900	101
27915	101
27917	101
27919	101
27922	101
27931	101
27932	101
27935	101
27959	101
27968	101
27977	101
27987	101
27993	101
27998	101
28026	101
28074	101
28086	101
28109	101
28125	101
28139	101
28164	101
28167	101
28187	101
28193	101
28194	101
28207	101
28234	101
28251	101
28271	101
28281	101
28293	101
28312	101
28320	101
28336	101
28342	101
28375	101
28395	101
28405	101
28408	101
28422	101
28426	101
28443	101
28447	101
28453	101
28492	101
28502	101
28506	101
28520	101
28527	101
28553	101
28566	101
28568	101
28569	101
28570	101
28576	101
28590	101
28598	101
28612	101
28625	101
28633	101
28644	101
28647	101
28648	101
28703	101
28717	101
28720	101
28730	101
28773	101
28777	101
28782	101
28785	101
28799	101
28821	101
28823	101
28833	101
28853	101
28859	101
28860	101
28874	101
28887	101
28889	101
28896	101
28921	101
28928	101
28949	101
28954	101
28960	101
28973	101
28992	101
28993	101
29009	101
29031	101
29035	101
29038	101
29040	101
29058	101
29080	101
29081	101
29083	101
29085	101
29088	101
29093	101
29143	101
29152	101
29155	101
29184	101
29198	101
29199	101
29227	101
29232	101
29236	101
29240	101
29247	101
29306	101
29324	101
29340	101
29350	101
29357	101
29360	101
29364	101
29367	101
29376	101
29377	101
29380	101
29395	101
29413	101
29416	101
29426	101
29428	101
29441	101
29448	101
29449	101
29450	101
29463	101
29496	101
29506	101
29524	101
29526	101
29534	101
29536	101
29543	101
29569	101
29572	101
29585	101
29596	101
29602	101
29607	101
29611	101
29617	101
29618	101
29634	101
29638	101
29646	101
29673	101
29685	101
29704	101
29719	101
29721	101
29733	101
29742	101
29752	101
29774	101
29788	101
29789	101
29796	101
29797	101
29801	101
29821	101
29836	101
29846	101
29877	101
29881	101
29886	101
29938	101
29950	101
29955	101
29979	101
30008	101
30049	101
30102	101
30134	101
30138	101
30145	101
30146	101
30156	101
30172	101
30198	101
30202	101
30268	101
30282	101
30290	101
30305	101
30308	101
30318	101
30319	101
30332	101
30339	101
30342	101
30351	101
30367	101
30382	101
30392	101
30393	101
30398	101
30403	101
30421	101
30425	101
30429	101
30430	101
30441	101
30449	101
30450	101
30465	101
30477	101
30490	101
30493	101
30508	101
30522	101
30523	101
30524	101
30530	101
30540	101
30549	101
30556	101
30566	101
30575	101
30613	101
30618	101
30680	101
30682	101
30685	101
30688	101
30691	101
30700	101
30716	101
30718	101
30727	101
30737	101
30749	101
30756	101
30794	101
30798	101
30811	101
30821	101
30827	101
30833	101
30837	101
30918	101
30933	101
30942	101
30960	101
30965	101
30971	101
30975	101
30993	101
30994	101
31000	101
31001	101
31006	101
31008	101
31043	101
31054	101
31058	101
31068	101
31073	101
31110	101
31121	101
31123	101
31125	101
31126	101
31139	101
31143	101
31147	101
31148	101
31176	101
31178	101
31184	101
31189	101
31192	101
31199	101
31202	101
31207	101
31210	101
31211	101
31212	101
31218	101
31219	101
31222	101
31229	101
31234	101
31235	101
31237	101
31270	101
31276	101
31295	101
31350	101
31361	101
31365	101
31373	101
31381	101
31384	101
31387	101
31401	101
31406	101
31416	101
31438	101
31447	101
31464	101
31466	101
31479	101
31499	101
31514	101
31520	101
31547	101
31565	101
31592	101
31601	101
31602	101
31629	101
31639	101
31673	101
31678	101
31698	101
31713	101
31733	101
31764	101
31767	101
31777	101
31784	101
31808	101
31823	101
31871	101
31887	101
31897	101
31900	101
31911	101
31924	101
31934	101
31940	101
31970	101
31971	101
31981	101
31994	101
32003	101
32004	101
32006	101
32009	101
32029	101
32037	101
32039	101
32056	101
32074	101
32088	101
32107	101
32120	101
32141	101
32144	101
32154	101
32177	101
32185	101
32189	101
32214	101
32224	101
32238	101
32240	101
32243	101
32254	101
32267	101
32274	101
32309	101
32325	101
32330	101
32333	101
32334	101
32347	101
32373	101
32396	101
32411	101
32435	101
32437	101
32463	101
32476	101
32477	101
32504	101
32514	101
32523	101
32538	101
32561	101
32567	101
32569	101
32571	101
32649	101
32657	101
32669	101
32676	101
32696	101
32697	101
32729	101
32731	101
32732	101
32744	101
32752	101
32754	101
32814	101
32821	101
32829	101
32830	101
32870	101
32886	101
32888	101
32893	101
32894	101
32908	101
32912	101
32942	101
32946	101
32948	101
32957	101
32968	101
32980	101
32982	101
32995	101
33026	101
33036	101
33043	101
33044	101
33054	101
33068	101
33069	101
33072	101
33096	101
33103	101
33107	101
33111	101
33125	101
33130	101
33132	101
33148	101
33157	101
33171	101
33178	101
33216	101
33227	101
33237	101
33239	101
33245	101
33255	101
33265	101
33272	101
33278	101
33282	101
33283	101
33309	101
33313	101
33319	101
33328	101
33349	101
33351	101
33353	101
33354	101
33365	101
33386	101
33391	101
33418	101
33428	101
33439	101
33459	101
33465	101
33466	101
33468	101
33474	101
33490	101
33491	101
33500	101
33508	101
33519	101
33524	101
33528	101
33572	101
33576	101
33578	101
33580	101
33581	101
33600	101
33603	101
33609	101
33619	101
33634	101
33644	101
33649	101
33662	101
33667	101
33670	101
33678	101
33686	101
33691	101
33701	101
33753	101
33785	101
33802	101
33826	101
33840	101
33851	101
33873	101
33893	101
33907	101
33908	101
33920	101
33924	101
33928	101
33944	101
33969	101
33975	101
33985	101
33986	101
33988	101
34009	101
34044	101
34061	101
34076	101
34100	101
34105	101
34107	101
34111	101
34115	101
34120	101
34121	101
34152	101
34157	101
34173	101
34187	101
34192	101
34196	101
34218	101
34224	101
34232	101
34239	101
34241	101
34256	101
34277	101
34290	101
34293	101
34303	101
34307	101
34313	101
34328	101
34358	101
34359	101
34372	101
34384	101
34391	101
34398	101
34403	101
34406	101
34410	101
34418	101
34430	101
34446	101
34457	101
34459	101
34463	101
34470	101
34509	101
34516	101
34527	101
34582	101
34590	101
34596	101
34598	101
34602	101
34621	101
34631	101
34635	101
34643	101
34663	101
34670	101
34680	101
34687	101
34704	101
34719	101
34728	101
34757	101
34758	101
34764	101
34765	101
34779	101
34797	101
34798	101
34829	101
34846	101
34848	101
34851	101
34856	101
34877	101
34893	101
34903	101
34925	101
34932	101
34945	101
34965	101
34984	101
34990	101
35026	101
35027	101
35030	101
35061	101
35068	101
35079	101
35090	101
35117	101
35130	101
35131	101
35150	101
35156	101
35170	101
35179	101
35181	101
35193	101
35213	101
35219	101
35220	101
35222	101
35226	101
35239	101
35253	101
35261	101
35303	101
35308	101
35309	101
35312	101
35350	101
35364	101
35376	101
35409	101
35416	101
35417	101
35441	101
35466	101
35468	101
35480	101
35489	101
35509	101
35527	101
35528	101
35545	101
35553	101
35565	101
35566	101
35577	101
35581	101
35589	101
35594	101
35599	101
35601	101
35622	101
35626	101
35632	101
35640	101
35642	101
35660	101
35664	101
35665	101
35672	101
35693	101
35697	101
35701	101
35719	101
35723	101
35730	101
35736	101
35739	101
35745	101
35747	101
35748	101
35765	101
35770	101
35775	101
35776	101
35786	101
35803	101
35808	101
35832	101
35838	101
35853	101
35876	101
35885	101
35900	101
35901	101
35902	101
35909	101
35910	101
35911	101
35920	101
35924	101
35935	101
35938	101
35969	101
35998	101
35999	101
36014	101
36018	101
36019	101
36023	101
36024	101
36037	101
36046	101
36068	101
36070	101
36072	101
36075	101
36090	101
36102	101
36107	101
36109	101
36112	101
36114	101
36118	101
36124	101
36131	101
36156	101
36160	101
36171	101
36174	101
36183	101
36193	101
36214	101
36257	101
36258	101
36290	101
36293	101
36304	101
36320	101
36333	101
36346	101
36348	101
36370	101
36376	101
36389	101
36404	101
36406	101
36416	101
36425	101
36426	101
36466	101
36493	101
36521	101
36531	101
36572	101
36575	101
36579	101
36593	101
36597	101
36605	101
36634	101
36645	101
36657	101
36694	101
36715	101
36723	101
36726	101
36729	101
36743	101
36752	101
36766	101
36795	101
36839	101
36866	101
36871	101
36873	101
36910	101
36932	101
36938	101
36953	101
36956	101
36961	101
36971	101
36977	101
37000	101
37001	101
37016	101
37020	101
37046	101
37057	101
37064	101
37078	101
37096	101
37133	101
37145	101
37161	101
37175	101
37176	101
37188	101
37194	101
37220	101
37221	101
37236	101
37253	101
37265	101
37270	101
37273	101
37299	101
37328	101
37344	101
37366	101
37369	101
37380	101
37381	101
37392	101
37395	101
37399	101
37404	101
37405	101
37479	101
37500	101
37503	101
37506	101
37507	101
37519	101
37526	101
37540	101
37541	101
37547	101
37554	101
37557	101
37601	101
37602	101
37609	101
37624	101
37628	101
37641	101
37643	101
37644	101
37647	101
37657	101
37678	101
37681	101
37689	101
37695	101
37705	101
37730	101
37735	101
37765	101
37810	101
37815	101
37816	101
37817	101
37818	101
37825	101
37831	101
37833	101
37869	101
37884	101
37893	101
37896	101
37898	101
37914	101
37921	101
37932	101
37941	101
37958	101
37965	101
37967	101
37997	101
38026	101
38059	101
38072	101
38074	101
38085	101
38117	101
38124	101
38133	101
38134	101
38148	101
38171	101
38197	101
38201	101
38208	101
38209	101
38218	101
38233	101
38251	101
38256	101
38268	101
38275	101
38297	101
38302	101
38310	101
38346	101
38377	101
38388	101
38391	101
38392	101
38401	101
38403	101
38425	101
38432	101
38437	101
38457	101
38458	101
38470	101
38477	101
38480	101
38484	101
38520	101
38521	101
38528	101
38529	101
38534	101
38564	101
38580	101
38583	101
38589	101
38595	101
38605	101
38625	101
38636	101
38638	101
38648	101
38659	101
38671	101
38693	101
38708	101
38732	101
38733	101
38744	101
38749	101
38762	101
38764	101
38795	101
38813	101
38819	101
38824	101
38825	101
38843	101
38867	101
38870	101
38899	101
38912	101
38947	101
38959	101
38992	101
39002	101
39004	101
39024	101
39032	101
39044	101
39051	101
39069	101
39070	101
39079	101
39096	101
39107	101
39138	101
39149	101
39163	101
39168	101
39194	101
39202	101
39215	101
39223	101
39229	101
39231	101
39239	101
39240	101
39247	101
39267	101
39325	101
39339	101
39365	101
39376	101
39379	101
39386	101
39388	101
39397	101
39398	101
39412	101
39420	101
39446	101
39447	101
39450	101
39457	101
39480	101
39501	101
39510	101
39516	101
39528	101
39539	101
39593	101
39622	101
39630	101
39646	101
39647	101
39665	101
39680	101
39700	101
39748	101
39763	101
39775	101
39778	101
39779	101
39806	101
39808	101
39850	101
39871	101
39896	101
39918	101
39923	101
39932	101
39950	101
39951	101
39978	101
39997	101
39998	101
40019	101
40038	101
40066	101
40067	101
40077	101
40094	101
40118	101
40170	101
40171	101
40183	101
40189	101
40194	101
40202	101
40208	101
40241	101
40246	101
40248	101
40249	101
40263	101
40268	101
40269	101
40275	101
40295	101
40330	101
40333	101
40345	101
40348	101
40359	101
40392	101
40399	101
40400	101
40401	101
40403	101
40409	101
40436	101
40458	101
40463	101
40479	101
40489	101
40502	101
40504	101
40506	101
40511	101
40530	101
40540	101
40555	101
40566	101
40569	101
40583	101
40585	101
40587	101
40601	101
40616	101
40622	101
40624	101
40627	101
40643	101
40646	101
40666	101
40682	101
40688	101
40695	101
40697	101
40711	101
40725	101
40730	101
40736	101
40737	101
40755	101
40764	101
40770	101
40772	101
40789	101
40816	101
40821	101
40826	101
40843	101
40846	101
40854	101
40868	101
40892	101
40902	101
40906	101
40931	101
40944	101
40949	101
40963	101
40985	101
40995	101
41025	101
41047	101
41049	101
41090	101
41103	101
41106	101
41115	101
41118	101
41129	101
41130	101
41143	101
41150	101
41165	101
41170	101
41172	101
41191	101
41206	101
41210	101
41220	101
41223	101
41240	101
41250	101
41270	101
41293	101
41294	101
41295	101
41299	101
41304	101
41309	101
41317	101
41323	101
41347	101
41356	101
41381	101
41388	101
41389	101
41395	101
41399	101
41404	101
41408	101
41416	101
41421	101
41479	101
41484	101
41501	101
41507	101
41513	101
41518	101
41529	101
41531	101
41533	101
41536	101
41595	101
41599	101
41600	101
41601	101
41603	101
41621	101
41635	101
41639	101
41647	101
41648	101
41659	101
41676	101
41680	101
41719	101
41747	101
41748	101
41761	101
41764	101
41802	101
41807	101
41815	101
41822	101
41826	101
41842	101
41843	101
41864	101
41881	101
41883	101
41902	101
41908	101
41918	101
41936	101
41940	101
41970	101
41973	101
41984	101
41992	101
42010	101
42044	101
42054	101
42061	101
42066	101
42068	101
42070	101
42087	101
42104	101
42107	101
42114	101
42131	101
42141	101
42151	101
42152	101
42160	101
42176	101
42181	101
42200	101
42205	101
42222	101
42231	101
42243	101
42251	101
42255	101
42275	101
42323	101
42324	101
42325	101
42326	101
42328	101
42331	101
42333	101
42336	101
42358	101
42368	101
42375	101
42376	101
42386	101
42390	101
42396	101
42411	101
42431	101
42432	101
42434	101
42448	101
42477	101
42478	101
42486	101
42517	101
42527	101
42543	101
42579	101
42589	101
42595	101
42596	101
42597	101
42614	101
42639	101
42642	101
42657	101
42688	101
42695	101
42723	101
42725	101
42738	101
42751	101
42754	101
42781	101
42787	101
42798	101
42804	101
42808	101
42812	101
42824	101
42830	101
42852	101
42856	101
42868	101
42870	101
42895	101
42911	101
42923	101
42932	101
42947	101
42960	101
42964	101
42967	101
42971	101
42980	101
42983	101
42988	101
42995	101
42999	101
43035	101
43052	101
43072	101
43074	101
43075	101
43082	101
43085	101
43087	101
43091	101
43104	101
43107	101
43129	101
43135	101
43136	101
43142	101
43156	101
43166	101
43180	101
43190	101
43204	101
43205	101
43213	101
43214	101
43222	101
43231	101
43233	101
43238	101
43249	101
43251	101
43258	101
43261	101
43277	101
43284	101
43291	101
43295	101
43315	101
43336	101
43352	101
43378	101
43390	101
43391	101
43417	101
43431	101
43474	101
43489	101
43490	101
43498	101
43515	101
43523	101
43556	101
43559	101
43568	101
43592	101
43628	101
43640	101
43651	101
43654	101
43681	101
43707	101
43718	101
43724	101
43731	101
43754	101
43762	101
43763	101
43768	101
43789	101
43791	101
43818	101
43838	101
43844	101
43845	101
43860	101
43861	101
43862	101
43875	101
43885	101
43887	101
43893	101
43897	101
43912	101
43934	101
43939	101
43956	101
43957	101
43959	101
43978	101
43979	101
44018	101
44020	101
44044	101
44046	101
44054	101
44072	101
44073	101
44084	101
44104	101
44105	101
44108	101
44111	101
44115	101
44135	101
44137	101
44142	101
44169	101
44176	101
44184	101
44189	101
44194	101
44216	101
44222	101
44233	101
44252	101
44260	101
44290	101
44295	101
44306	101
44314	101
44330	101
44350	101
44355	101
44357	101
44385	101
44396	101
44415	101
44419	101
44452	101
44492	101
44501	101
44526	101
44528	101
44549	101
44565	101
44592	101
44602	101
44622	101
44624	101
44646	101
44649	101
44673	101
44683	101
44687	101
44688	101
44689	101
44714	101
44721	101
44722	101
44731	101
44736	101
44747	101
44748	101
44760	101
44779	101
44785	101
44792	101
44802	101
44821	101
44846	101
44857	101
44862	101
44891	101
44905	101
44910	101
44924	101
44941	101
44943	101
44978	101
45030	101
45040	101
45059	101
45073	101
45091	101
45152	101
45189	101
45219	101
45221	101
45235	101
45237	101
45239	101
45248	101
45254	101
45271	101
45282	101
45297	101
45300	101
45305	101
45323	101
45330	101
45333	101
45335	101
45343	101
45349	101
45364	101
45368	101
45374	101
45387	101
45392	101
45394	101
45397	101
45403	101
45415	101
45420	101
45429	101
45441	101
45442	101
45446	101
45456	101
45458	101
45461	101
45469	101
45482	101
45486	101
45510	101
45514	101
45519	101
45520	101
45544	101
45550	101
45566	101
45571	101
45582	101
45583	101
45597	101
45601	101
45620	101
45621	101
45630	101
45641	101
45681	101
45689	101
45742	101
45751	101
45781	101
45783	101
45795	101
45806	101
45855	101
45894	101
45912	101
45922	101
45927	101
45980	101
45983	101
45989	101
46001	101
46014	101
46049	101
46059	101
46061	101
46074	101
46085	101
46088	101
46097	101
46108	101
46111	101
46112	101
46115	101
46116	101
46117	101
46126	101
46139	101
46143	101
46159	101
46160	101
46164	101
46177	101
46183	101
46199	101
46210	101
46214	101
46239	101
46265	101
46293	101
46304	101
46320	101
46325	101
46336	101
46339	101
46342	101
46350	101
46354	101
46372	101
46387	101
46405	101
46422	101
46426	101
46474	101
46494	101
46504	101
46506	101
46513	101
46518	101
46520	101
46533	101
46550	101
46560	101
46562	101
46580	101
46601	101
46606	101
46612	101
46614	101
46622	101
46649	101
46653	101
46657	101
46659	101
46672	101
46680	101
46701	101
46727	101
46767	101
46769	101
46792	101
46795	101
46801	101
46805	101
46819	101
46820	101
46829	101
46834	101
46841	101
46859	101
46861	101
46885	101
46896	101
46916	101
46945	101
46950	101
46957	101
46962	101
46982	101
47000	101
47021	101
47024	101
47032	101
47034	101
47044	101
47054	101
47064	101
47071	101
47108	101
47129	101
47132	101
47137	101
47163	101
47184	101
47185	101
47209	101
47217	101
47218	101
47242	101
47248	101
47272	101
47276	101
47323	101
47325	101
47344	101
47352	101
47356	101
47357	101
47371	101
47387	101
47393	101
47403	101
47412	101
47422	101
47432	101
47439	101
47446	101
47466	101
47488	101
47491	101
47494	101
47499	101
47523	101
47527	101
47555	101
47568	101
47585	101
47587	101
47624	101
47647	101
47649	101
47661	101
47668	101
47683	101
47696	101
47731	101
47736	101
47761	101
47762	101
47768	101
47770	101
47776	101
47788	101
47797	101
47824	101
47826	101
47830	101
47832	101
47860	101
47864	101
47872	101
47880	101
47890	101
47905	101
47906	101
47908	101
47913	101
47918	101
47938	101
47973	101
47982	101
47984	101
48005	101
48014	101
48018	101
48038	101
48065	101
48085	101
48100	101
48138	101
48143	101
48176	101
48177	101
48191	101
48197	101
48231	101
48237	101
48239	101
48280	101
48288	101
48303	101
48307	101
48320	101
48327	101
48330	101
48380	101
48381	101
48411	101
48413	101
48424	101
48438	101
48451	101
48470	101
48473	101
48480	101
48495	101
48539	101
48547	101
48551	101
48563	101
48593	101
48650	101
48667	101
48674	101
48685	101
48700	101
48708	101
48714	101
48727	101
48737	101
48743	101
48745	101
48765	101
48775	101
48776	101
48784	101
48852	101
48855	101
48874	101
48884	101
48885	101
48892	101
48922	101
48925	101
48941	101
48944	101
48951	101
48965	101
48966	101
48967	101
48996	101
48999	101
49009	101
49026	101
49036	101
49037	101
49041	101
49054	101
49063	101
49082	101
49089	101
49098	101
49100	101
49108	101
49141	101
49147	101
49160	101
49187	101
49195	101
49197	101
49209	101
49215	101
49223	101
49240	101
49265	101
49267	101
49282	101
49310	101
49327	101
49331	101
49335	101
49380	101
49389	101
49390	101
49392	101
49402	101
49427	101
49444	101
49449	101
49452	101
49470	101
49523	101
49528	101
49568	101
49570	101
49575	101
49591	101
49594	101
49614	101
49619	101
49646	101
49650	101
49667	101
49691	101
49700	101
49708	101
49717	101
49775	101
49786	101
49788	101
49795	101
49803	101
49804	101
49812	101
49824	101
49826	101
49828	101
49835	101
49860	101
49861	101
49870	101
49878	101
49901	101
49915	101
49962	101
49976	101
49992	101
1	100
19	100
23	100
24	100
25	100
28	100
44	100
77	100
78	100
81	100
91	100
107	100
116	100
138	100
146	100
180	100
216	100
233	100
251	100
279	100
300	100
309	100
313	100
317	100
352	100
356	100
359	100
363	100
368	100
372	100
373	100
379	100
380	100
402	100
409	100
416	100
441	100
451	100
454	100
481	100
482	100
496	100
508	100
519	100
526	100
527	100
542	100
559	100
566	100
581	100
591	100
594	100
595	100
600	100
611	100
612	100
620	100
623	100
651	100
654	100
655	100
674	100
678	100
682	100
684	100
689	100
691	100
719	100
731	100
741	100
742	100
759	100
762	100
775	100
799	100
803	100
806	100
812	100
815	100
826	100
829	100
851	100
900	100
917	100
928	100
944	100
963	100
967	100
986	100
990	100
996	100
1006	100
1014	100
1022	100
1030	100
1033	100
1035	100
1037	100
1041	100
1051	100
1058	100
1060	100
1089	100
1096	100
1098	100
1124	100
1151	100
1177	100
1216	100
1222	100
1223	100
1230	100
1232	100
1238	100
1246	100
1273	100
1278	100
1284	100
1294	100
1318	100
1330	100
1340	100
1376	100
1381	100
1409	100
1431	100
1440	100
1454	100
1456	100
1460	100
1525	100
1545	100
1555	100
1588	100
1599	100
1607	100
1608	100
1624	100
1626	100
1627	100
1636	100
1642	100
1650	100
1659	100
1663	100
1675	100
1677	100
1679	100
1686	100
1705	100
1712	100
1721	100
1724	100
1744	100
1767	100
1779	100
1796	100
1800	100
1907	100
1917	100
1921	100
1951	100
1958	100
1962	100
1968	100
2017	100
2022	100
2033	100
2040	100
2042	100
2049	100
2050	100
2061	100
2064	100
2068	100
2070	100
2080	100
2099	100
2102	100
2106	100
2108	100
2123	100
2132	100
2143	100
2193	100
2202	100
2203	100
2212	100
2243	100
2256	100
2278	100
2310	100
2341	100
2346	100
2348	100
2389	100
2409	100
2417	100
2446	100
2452	100
2453	100
2487	100
2508	100
2509	100
2531	100
2535	100
2539	100
2550	100
2563	100
2576	100
2654	100
2666	100
2671	100
2672	100
2685	100
2693	100
2700	100
2706	100
2708	100
2715	100
2720	100
2721	100
2722	100
2747	100
2756	100
2757	100
2776	100
2781	100
2782	100
2794	100
2799	100
2829	100
2848	100
2858	100
2863	100
2866	100
2870	100
2875	100
2925	100
2932	100
2950	100
2953	100
2954	100
2966	100
2997	100
3001	100
3010	100
3013	100
3039	100
3042	100
3043	100
3058	100
3065	100
3066	100
3095	100
3112	100
3132	100
3134	100
3136	100
3150	100
3158	100
3180	100
3182	100
3193	100
3200	100
3226	100
3227	100
3248	100
3252	100
3279	100
3290	100
3291	100
3304	100
3309	100
3314	100
3320	100
3339	100
3345	100
3375	100
3384	100
3400	100
3410	100
3426	100
3428	100
3438	100
3439	100
3472	100
3498	100
3508	100
3532	100
3539	100
3556	100
3588	100
3591	100
3617	100
3625	100
3638	100
3652	100
3669	100
3682	100
3688	100
3708	100
3712	100
3715	100
3718	100
3738	100
3752	100
3764	100
3768	100
3789	100
3799	100
3800	100
3805	100
3808	100
3810	100
3817	100
3821	100
3834	100
3851	100
3857	100
3877	100
3905	100
3919	100
3931	100
3935	100
3949	100
3964	100
3971	100
3984	100
3988	100
3989	100
4005	100
4010	100
4015	100
4016	100
4020	100
4022	100
4029	100
4033	100
4034	100
4038	100
4055	100
4067	100
4086	100
4098	100
4107	100
4109	100
4112	100
4124	100
4137	100
4144	100
4172	100
4176	100
4196	100
4205	100
4214	100
4215	100
4233	100
4268	100
4275	100
4278	100
4280	100
4290	100
4292	100
4325	100
4332	100
4341	100
4343	100
4344	100
4347	100
4358	100
4361	100
4370	100
4377	100
4386	100
4399	100
4413	100
4422	100
4425	100
4440	100
4448	100
4458	100
4459	100
4468	100
4482	100
4500	100
4519	100
4526	100
4537	100
4545	100
4554	100
4561	100
4592	100
4602	100
4612	100
4617	100
4632	100
4653	100
4709	100
4713	100
4730	100
4751	100
4773	100
4777	100
4794	100
4802	100
4862	100
4863	100
4868	100
4869	100
4876	100
4877	100
4905	100
4915	100
4924	100
4934	100
4936	100
4957	100
5028	100
5042	100
5072	100
5082	100
5095	100
5113	100
5159	100
5170	100
5180	100
5208	100
5214	100
5215	100
5219	100
5225	100
5268	100
5318	100
5344	100
5351	100
5360	100
5398	100
5399	100
5412	100
5417	100
5432	100
5433	100
5435	100
5437	100
5438	100
5439	100
5444	100
5467	100
5468	100
5472	100
5477	100
5486	100
5513	100
5516	100
5529	100
5561	100
5590	100
5598	100
5599	100
5622	100
5636	100
5638	100
5639	100
5642	100
5648	100
5649	100
5653	100
5665	100
5696	100
5697	100
5701	100
5738	100
5739	100
5765	100
5778	100
5781	100
5785	100
5801	100
5809	100
5837	100
5839	100
5848	100
5853	100
5871	100
5874	100
5897	100
5906	100
5910	100
5911	100
5937	100
5944	100
5964	100
5977	100
5987	100
5990	100
5994	100
6004	100
6014	100
6017	100
6024	100
6025	100
6031	100
6047	100
6063	100
6077	100
6081	100
6094	100
6108	100
6120	100
6135	100
6153	100
6154	100
6165	100
6187	100
6188	100
6199	100
6216	100
6225	100
6242	100
6246	100
6256	100
6259	100
6273	100
6277	100
6280	100
6294	100
6297	100
6300	100
6316	100
6320	100
6323	100
6350	100
6366	100
6370	100
6373	100
6379	100
6382	100
6398	100
6405	100
6412	100
6416	100
6421	100
6427	100
6433	100
6441	100
6459	100
6460	100
6467	100
6468	100
6477	100
6478	100
6492	100
6498	100
6527	100
6528	100
6551	100
6562	100
6599	100
6600	100
6605	100
6615	100
6627	100
6629	100
6639	100
6641	100
6644	100
6648	100
6653	100
6655	100
6674	100
6698	100
6738	100
6745	100
6752	100
6756	100
6778	100
6791	100
6805	100
6815	100
6822	100
6838	100
6844	100
6849	100
6859	100
6883	100
6904	100
6917	100
6924	100
6935	100
6943	100
6944	100
6957	100
6960	100
6973	100
6988	100
7023	100
7043	100
7095	100
7106	100
7109	100
7119	100
7128	100
7133	100
7136	100
7140	100
7158	100
7164	100
7170	100
7180	100
7202	100
7206	100
7216	100
7220	100
7223	100
7236	100
7237	100
7268	100
7270	100
7285	100
7294	100
7305	100
7307	100
7319	100
7320	100
7321	100
7335	100
7345	100
7350	100
7351	100
7354	100
7363	100
7384	100
7387	100
7393	100
7402	100
7404	100
7409	100
7410	100
7430	100
7432	100
7450	100
7458	100
7464	100
7470	100
7500	100
7533	100
7552	100
7566	100
7569	100
7576	100
7586	100
7596	100
7602	100
7610	100
7625	100
7639	100
7654	100
7662	100
7670	100
7685	100
7702	100
7706	100
7732	100
7754	100
7792	100
7793	100
7798	100
7812	100
7826	100
7831	100
7847	100
7873	100
7882	100
7885	100
7888	100
7889	100
7896	100
7907	100
7910	100
7955	100
7962	100
7965	100
7968	100
7986	100
7990	100
7992	100
8004	100
8023	100
8030	100
8033	100
8036	100
8037	100
8039	100
8045	100
8051	100
8052	100
8053	100
8066	100
8069	100
8080	100
8092	100
8107	100
8113	100
8115	100
8133	100
8152	100
8177	100
8192	100
8200	100
8202	100
8228	100
8240	100
8271	100
8273	100
8281	100
8306	100
8321	100
8332	100
8340	100
8342	100
8356	100
8386	100
8401	100
8403	100
8421	100
8422	100
8426	100
8446	100
8447	100
8449	100
8457	100
8468	100
8478	100
8481	100
8483	100
8514	100
8526	100
8546	100
8608	100
8629	100
8632	100
8652	100
8671	100
8700	100
8713	100
8718	100
8720	100
8728	100
8732	100
8756	100
8765	100
8766	100
8767	100
8772	100
8783	100
8829	100
8834	100
8845	100
8849	100
8852	100
8856	100
8858	100
8862	100
8864	100
8876	100
8889	100
8895	100
8901	100
8909	100
8922	100
8924	100
8934	100
8949	100
8970	100
8980	100
8983	100
8989	100
8991	100
8998	100
9006	100
9023	100
9045	100
9053	100
9074	100
9084	100
9092	100
9093	100
9115	100
9137	100
9138	100
9142	100
9160	100
9168	100
9172	100
9179	100
9184	100
9241	100
9254	100
9278	100
9321	100
9354	100
9370	100
9383	100
9399	100
9416	100
9447	100
9458	100
9464	100
9478	100
9479	100
9482	100
9490	100
9494	100
9514	100
9522	100
9556	100
9577	100
9590	100
9601	100
9605	100
9609	100
9617	100
9618	100
9621	100
9632	100
9643	100
9649	100
9667	100
9677	100
9687	100
9692	100
9703	100
9744	100
9746	100
9748	100
9750	100
9760	100
9789	100
9799	100
9807	100
9826	100
9830	100
9832	100
9835	100
9841	100
9851	100
9876	100
9880	100
9900	100
9905	100
9916	100
9920	100
9939	100
9944	100
9964	100
10003	100
10011	100
10024	100
10029	100
10043	100
10072	100
10088	100
10089	100
10096	100
10116	100
10125	100
10137	100
10138	100
10153	100
10185	100
10201	100
10206	100
10207	100
10218	100
10220	100
10231	100
10235	100
10238	100
10240	100
10260	100
10264	100
10272	100
10276	100
10297	100
10314	100
10330	100
10354	100
10356	100
10357	100
10360	100
10369	100
10374	100
10378	100
10389	100
10414	100
10442	100
10455	100
10477	100
10481	100
10499	100
10500	100
10507	100
10512	100
10513	100
10528	100
10531	100
10542	100
10543	100
10549	100
10570	100
10574	100
10577	100
10587	100
10599	100
10603	100
10604	100
10606	100
10621	100
10631	100
10638	100
10651	100
10658	100
10660	100
10665	100
10686	100
10687	100
10692	100
10695	100
10700	100
10712	100
10722	100
10723	100
10727	100
10737	100
10742	100
10745	100
10777	100
10788	100
10805	100
10814	100
10858	100
10901	100
10905	100
10921	100
10926	100
10933	100
10942	100
10950	100
10954	100
10966	100
10986	100
11004	100
11013	100
11022	100
11038	100
11054	100
11067	100
11069	100
11073	100
11076	100
11080	100
11088	100
11092	100
11095	100
11097	100
11107	100
11111	100
11120	100
11138	100
11165	100
11171	100
11191	100
11207	100
11222	100
11239	100
11249	100
11264	100
11288	100
11309	100
11320	100
11324	100
11348	100
11351	100
11366	100
11368	100
11369	100
11381	100
11419	100
11420	100
11445	100
11455	100
11458	100
11466	100
11474	100
11484	100
11486	100
11501	100
11519	100
11521	100
11535	100
11537	100
11542	100
11556	100
11561	100
11574	100
11590	100
11596	100
11599	100
11607	100
11609	100
11614	100
11617	100
11618	100
11619	100
11624	100
11629	100
11630	100
11637	100
11659	100
11660	100
11668	100
11680	100
11681	100
11693	100
11698	100
11722	100
11744	100
11750	100
11766	100
11768	100
11770	100
11775	100
11800	100
11803	100
11810	100
11818	100
11836	100
11838	100
11859	100
11891	100
11894	100
11906	100
11908	100
11935	100
11937	100
11945	100
11981	100
11988	100
11990	100
11992	100
12006	100
12014	100
12091	100
12096	100
12109	100
12136	100
12151	100
12160	100
12166	100
12181	100
12194	100
12244	100
12252	100
12258	100
12285	100
12291	100
12302	100
12307	100
12327	100
12332	100
12338	100
12339	100
12349	100
12368	100
12371	100
12395	100
12399	100
12400	100
12412	100
12443	100
12490	100
12493	100
12499	100
12500	100
12528	100
12536	100
12550	100
12572	100
12595	100
12605	100
12623	100
12634	100
12650	100
12652	100
12663	100
12687	100
12705	100
12706	100
12719	100
12736	100
12743	100
12763	100
12771	100
12784	100
12785	100
12788	100
12795	100
12796	100
12806	100
12825	100
12856	100
12857	100
12864	100
12882	100
12883	100
12917	100
12930	100
12932	100
12940	100
12956	100
12971	100
12978	100
12989	100
12991	100
13005	100
13009	100
13013	100
13015	100
13023	100
13034	100
13040	100
13051	100
13071	100
13083	100
13084	100
13088	100
13106	100
13114	100
13118	100
13122	100
13144	100
13146	100
13153	100
13184	100
13201	100
13242	100
13269	100
13285	100
13290	100
13307	100
13318	100
13324	100
13325	100
13338	100
13345	100
13352	100
13368	100
13369	100
13395	100
13397	100
13400	100
13413	100
13418	100
13419	100
13432	100
13441	100
13466	100
13471	100
13539	100
13545	100
13570	100
13573	100
13583	100
13601	100
13605	100
13607	100
13633	100
13650	100
13653	100
13668	100
13700	100
13735	100
13752	100
13754	100
13757	100
13769	100
13811	100
13813	100
13820	100
13834	100
13859	100
13874	100
13875	100
13950	100
13951	100
13955	100
13963	100
14001	100
14008	100
14046	100
14069	100
14071	100
14072	100
14080	100
14116	100
14120	100
14123	100
14124	100
14132	100
14134	100
14146	100
14149	100
14151	100
14158	100
14159	100
14172	100
14205	100
14208	100
14235	100
14274	100
14276	100
14281	100
14286	100
14308	100
14324	100
14325	100
14336	100
14356	100
14364	100
14385	100
14386	100
14392	100
14403	100
14404	100
14410	100
14411	100
14416	100
14432	100
14443	100
14447	100
14455	100
14456	100
14484	100
14514	100
14529	100
14533	100
14551	100
14554	100
14558	100
14563	100
14578	100
14588	100
14600	100
14602	100
14603	100
14607	100
14632	100
14652	100
14654	100
14679	100
14695	100
14703	100
14741	100
14745	100
14782	100
14787	100
14795	100
14799	100
14812	100
14824	100
14833	100
14835	100
14837	100
14860	100
14891	100
14910	100
14924	100
14927	100
14928	100
14930	100
14935	100
14938	100
14959	100
14962	100
14966	100
14970	100
14981	100
14984	100
14996	100
15009	100
15020	100
15025	100
15031	100
15036	100
15040	100
15052	100
15066	100
15073	100
15099	100
15101	100
15105	100
15106	100
15144	100
15152	100
15153	100
15154	100
15158	100
15165	100
15168	100
15177	100
15181	100
15184	100
15224	100
15228	100
15247	100
15254	100
15258	100
15268	100
15278	100
15282	100
15313	100
15333	100
15344	100
15361	100
15362	100
15371	100
15378	100
15380	100
15392	100
15393	100
15398	100
15405	100
15408	100
15411	100
15414	100
15422	100
15428	100
15438	100
15455	100
15505	100
15515	100
15523	100
15549	100
15576	100
15593	100
15600	100
15615	100
15621	100
15642	100
15650	100
15661	100
15672	100
15676	100
15698	100
15702	100
15720	100
15762	100
15766	100
15768	100
15769	100
15777	100
15800	100
15804	100
15831	100
15855	100
15861	100
15873	100
15884	100
15885	100
15886	100
15901	100
15913	100
15919	100
15938	100
15941	100
15945	100
15962	100
15974	100
15989	100
15997	100
16018	100
16024	100
16029	100
16030	100
16033	100
16066	100
16084	100
16095	100
16110	100
16111	100
16112	100
16128	100
16156	100
16157	100
16220	100
16226	100
16231	100
16235	100
16240	100
16261	100
16317	100
16324	100
16344	100
16364	100
16381	100
16393	100
16430	100
16431	100
16443	100
16445	100
16453	100
16455	100
16456	100
16464	100
16465	100
16469	100
16474	100
16493	100
16499	100
16500	100
16511	100
16515	100
16532	100
16541	100
16547	100
16550	100
16553	100
16587	100
16603	100
16606	100
16615	100
16621	100
16649	100
16654	100
16670	100
16683	100
16691	100
16695	100
16696	100
16700	100
16732	100
16743	100
16746	100
16771	100
16787	100
16802	100
16806	100
16817	100
16842	100
16847	100
16852	100
16863	100
16868	100
16869	100
16872	100
16875	100
16934	100
16946	100
16952	100
16966	100
16972	100
16977	100
16981	100
16984	100
17018	100
17021	100
17023	100
17034	100
17043	100
17061	100
17067	100
17082	100
17084	100
17087	100
17088	100
17092	100
17113	100
17117	100
17144	100
17145	100
17151	100
17154	100
17173	100
17204	100
17221	100
17224	100
17226	100
17232	100
17254	100
17285	100
17289	100
17303	100
17310	100
17317	100
17326	100
17343	100
17354	100
17368	100
17372	100
17383	100
17385	100
17395	100
17401	100
17412	100
17425	100
17430	100
17443	100
17449	100
17450	100
17455	100
17457	100
17474	100
17481	100
17483	100
17484	100
17488	100
17506	100
17509	100
17516	100
17518	100
17520	100
17541	100
17544	100
17547	100
17552	100
17573	100
17594	100
17612	100
17613	100
17680	100
17688	100
17690	100
17696	100
17698	100
17700	100
17713	100
17731	100
17748	100
17767	100
17776	100
17782	100
17804	100
17813	100
17817	100
17824	100
17868	100
17909	100
17916	100
17918	100
17922	100
17928	100
17933	100
17935	100
17942	100
17956	100
17962	100
18004	100
18005	100
18012	100
18013	100
18015	100
18049	100
18056	100
18059	100
18072	100
18073	100
18080	100
18081	100
18082	100
18089	100
18103	100
18106	100
18165	100
18169	100
18171	100
18180	100
18187	100
18203	100
18212	100
18217	100
18229	100
18234	100
18235	100
18237	100
18239	100
18242	100
18256	100
18262	100
18296	100
18299	100
18319	100
18353	100
18376	100
18384	100
18394	100
18398	100
18405	100
18441	100
18444	100
18463	100
18479	100
18500	100
18516	100
18528	100
18577	100
18578	100
18589	100
18596	100
18604	100
18621	100
18622	100
18634	100
18637	100
18643	100
18653	100
18685	100
18689	100
18703	100
18716	100
18717	100
18720	100
18722	100
18725	100
18753	100
18761	100
18774	100
18775	100
18780	100
18787	100
18796	100
18802	100
18806	100
18823	100
18824	100
18862	100
18867	100
18888	100
18928	100
18939	100
18958	100
18967	100
18969	100
18977	100
19001	100
19021	100
19041	100
19062	100
19069	100
19092	100
19094	100
19099	100
19100	100
19116	100
19137	100
19155	100
19170	100
19224	100
19237	100
19281	100
19340	100
19344	100
19348	100
19354	100
19360	100
19382	100
19392	100
19400	100
19443	100
19458	100
19460	100
19463	100
19469	100
19473	100
19482	100
19497	100
19502	100
19550	100
19559	100
19590	100
19621	100
19642	100
19650	100
19671	100
19690	100
19704	100
19715	100
19718	100
19719	100
19727	100
19743	100
19753	100
19776	100
19785	100
19788	100
19793	100
19815	100
19858	100
19863	100
19903	100
19924	100
19954	100
19963	100
19973	100
19980	100
19981	100
19989	100
19998	100
20007	100
20019	100
20045	100
20048	100
20053	100
20062	100
20063	100
20078	100
20080	100
20089	100
20097	100
20126	100
20166	100
20173	100
20180	100
20185	100
20192	100
20210	100
20218	100
20219	100
20230	100
20239	100
20247	100
20301	100
20303	100
20323	100
20325	100
20329	100
20342	100
20388	100
20393	100
20403	100
20413	100
20419	100
20428	100
20446	100
20462	100
20468	100
20479	100
20483	100
20500	100
20532	100
20537	100
20544	100
20560	100
20565	100
20574	100
20578	100
20609	100
20611	100
20628	100
20639	100
20648	100
20651	100
20669	100
20671	100
20682	100
20687	100
20688	100
20690	100
20715	100
20723	100
20724	100
20727	100
20730	100
20737	100
20747	100
20754	100
20756	100
20762	100
20787	100
20797	100
20814	100
20816	100
20821	100
20830	100
20847	100
20859	100
20919	100
20924	100
20929	100
20945	100
20950	100
20961	100
20968	100
20970	100
20973	100
20977	100
20981	100
20982	100
21005	100
21027	100
21032	100
21035	100
21039	100
21074	100
21084	100
21099	100
21152	100
21160	100
21161	100
21162	100
21168	100
21172	100
21173	100
21183	100
21187	100
21188	100
21193	100
21195	100
21209	100
21215	100
21216	100
21218	100
21224	100
21263	100
21288	100
21291	100
21303	100
21319	100
21349	100
21354	100
21356	100
21394	100
21403	100
21421	100
21460	100
21542	100
21554	100
21561	100
21564	100
21576	100
21577	100
21606	100
21625	100
21630	100
21674	100
21688	100
21704	100
21756	100
21758	100
21772	100
21790	100
21805	100
21817	100
21820	100
21835	100
21837	100
21880	100
21890	100
21906	100
21908	100
21914	100
21945	100
21967	100
21973	100
21975	100
21979	100
21986	100
22000	100
22003	100
22010	100
22015	100
22016	100
22017	100
22023	100
22034	100
22045	100
22051	100
22055	100
22067	100
22073	100
22084	100
22087	100
22101	100
22104	100
22105	100
22129	100
22142	100
22159	100
22178	100
22185	100
22198	100
22218	100
22229	100
22237	100
22266	100
22271	100
22286	100
22313	100
22315	100
22328	100
22331	100
22332	100
22346	100
22358	100
22381	100
22386	100
22419	100
22423	100
22443	100
22468	100
22474	100
22508	100
22515	100
22519	100
22561	100
22569	100
22577	100
22608	100
22621	100
22661	100
22671	100
22677	100
22683	100
22693	100
22698	100
22703	100
22728	100
22732	100
22761	100
22769	100
22772	100
22774	100
22777	100
22793	100
22826	100
22832	100
22861	100
22867	100
22877	100
22887	100
22889	100
22898	100
22909	100
22910	100
22938	100
22945	100
22951	100
22973	100
22992	100
22996	100
23002	100
23004	100
23008	100
23011	100
23012	100
23033	100
23038	100
23045	100
23090	100
23097	100
23120	100
23122	100
23134	100
23145	100
23146	100
23150	100
23165	100
23171	100
23179	100
23181	100
23184	100
23190	100
23193	100
23240	100
23253	100
23264	100
23268	100
23271	100
23283	100
23292	100
23297	100
23301	100
23309	100
23327	100
23335	100
23355	100
23370	100
23378	100
23380	100
23385	100
23387	100
23388	100
23401	100
23405	100
23411	100
23413	100
23436	100
23458	100
23469	100
23513	100
23520	100
23522	100
23523	100
23528	100
23531	100
23545	100
23588	100
23589	100
23606	100
23609	100
23616	100
23621	100
23641	100
23642	100
23646	100
23656	100
23691	100
23697	100
23719	100
23730	100
23742	100
23751	100
23784	100
23818	100
23822	100
23825	100
23829	100
23836	100
23848	100
23863	100
23866	100
23869	100
23876	100
23879	100
23883	100
23914	100
23951	100
23960	100
23986	100
23990	100
23992	100
24009	100
24018	100
24026	100
24033	100
24055	100
24062	100
24064	100
24078	100
24108	100
24141	100
24147	100
24150	100
24158	100
24176	100
24185	100
24188	100
24197	100
24229	100
24233	100
24236	100
24247	100
24258	100
24260	100
24272	100
24307	100
24310	100
24314	100
24317	100
24321	100
24323	100
24335	100
24354	100
24361	100
24366	100
24374	100
24392	100
24404	100
24414	100
24415	100
24416	100
24449	100
24451	100
24456	100
24462	100
24476	100
24479	100
24481	100
24485	100
24502	100
24528	100
24533	100
24540	100
24564	100
24572	100
24584	100
24589	100
24607	100
24611	100
24634	100
24645	100
24687	100
24691	100
24702	100
24710	100
24761	100
24770	100
24773	100
24777	100
24780	100
24796	100
24811	100
24829	100
24834	100
24847	100
24848	100
24851	100
24854	100
24876	100
24881	100
24927	100
24935	100
24945	100
24960	100
24970	100
24973	100
24981	100
24988	100
24993	100
24996	100
24997	100
25002	100
25005	100
25010	100
25032	100
25034	100
25049	100
25054	100
25065	100
25068	100
25072	100
25080	100
25081	100
25097	100
25102	100
25111	100
25133	100
25148	100
25150	100
25154	100
25190	100
25219	100
25220	100
25227	100
25236	100
25262	100
25283	100
25313	100
25316	100
25324	100
25329	100
25349	100
25350	100
25355	100
25386	100
25388	100
25392	100
25408	100
25415	100
25416	100
25424	100
25444	100
25467	100
25480	100
25483	100
25484	100
25493	100
25496	100
25511	100
25540	100
25546	100
25549	100
25585	100
25596	100
25606	100
25614	100
25615	100
25616	100
25627	100
25637	100
25644	100
25650	100
25659	100
25669	100
25670	100
25694	100
25702	100
25717	100
25726	100
25748	100
25751	100
25755	100
25765	100
25767	100
25778	100
25779	100
25782	100
25785	100
25796	100
25799	100
25803	100
25826	100
25831	100
25843	100
25854	100
25891	100
25899	100
25901	100
25908	100
25939	100
25940	100
25941	100
25944	100
25962	100
25976	100
25982	100
25985	100
25986	100
25988	100
25994	100
26020	100
26035	100
26037	100
26047	100
26054	100
26062	100
26078	100
26103	100
26116	100
26118	100
26151	100
26180	100
26187	100
26190	100
26195	100
26198	100
26207	100
26208	100
26216	100
26221	100
26243	100
26251	100
26272	100
26282	100
26296	100
26311	100
26327	100
26351	100
26355	100
26371	100
26378	100
26382	100
26392	100
26394	100
26411	100
26423	100
26428	100
26429	100
26433	100
26440	100
26441	100
26481	100
26495	100
26508	100
26510	100
26521	100
26524	100
26527	100
26531	100
26541	100
26552	100
26556	100
26577	100
26587	100
26594	100
26609	100
26672	100
26676	100
26683	100
26688	100
26697	100
26710	100
26713	100
26730	100
26736	100
26753	100
26768	100
26771	100
26775	100
26788	100
26821	100
26826	100
26834	100
26845	100
26856	100
26860	100
26883	100
26892	100
26916	100
26918	100
26922	100
26930	100
26944	100
26961	100
26966	100
26979	100
26997	100
27014	100
27016	100
27021	100
27035	100
27088	100
27109	100
27132	100
27138	100
27142	100
27149	100
27151	100
27155	100
27159	100
27170	100
27191	100
27202	100
27204	100
27206	100
27209	100
27210	100
27230	100
27253	100
27261	100
27278	100
27282	100
27289	100
27298	100
27301	100
27310	100
27312	100
27314	100
27332	100
27336	100
27338	100
27339	100
27349	100
27350	100
27352	100
27370	100
27374	100
27379	100
27392	100
27393	100
27400	100
27412	100
27416	100
27417	100
27430	100
27431	100
27451	100
27452	100
27491	100
27493	100
27496	100
27500	100
27502	100
27504	100
27506	100
27521	100
27525	100
27530	100
27542	100
27552	100
27555	100
27560	100
27563	100
27565	100
27571	100
27572	100
27600	100
27601	100
27605	100
27630	100
27631	100
27636	100
27649	100
27665	100
27706	100
27724	100
27764	100
27775	100
27777	100
27780	100
27781	100
27808	100
27813	100
27816	100
27820	100
27835	100
27842	100
27846	100
27848	100
27850	100
27862	100
27874	100
27875	100
27890	100
27926	100
27934	100
27982	100
28013	100
28017	100
28022	100
28025	100
28029	100
28060	100
28066	100
28095	100
28110	100
28114	100
28155	100
28177	100
28182	100
28186	100
28200	100
28212	100
28230	100
28252	100
28276	100
28325	100
28343	100
28345	100
28356	100
28367	100
28385	100
28386	100
28387	100
28399	100
28402	100
28417	100
28423	100
28445	100
28458	100
28466	100
28470	100
28480	100
28484	100
28485	100
28490	100
28511	100
28516	100
28530	100
28531	100
28535	100
28536	100
28560	100
28563	100
28599	100
28609	100
28610	100
28621	100
28641	100
28674	100
28675	100
28682	100
28701	100
28710	100
28711	100
28713	100
28743	100
28762	100
28772	100
28779	100
28793	100
28809	100
28815	100
28826	100
28835	100
28842	100
28864	100
28867	100
28869	100
28880	100
28881	100
28892	100
28895	100
28897	100
28909	100
28918	100
28919	100
28927	100
28944	100
28948	100
28953	100
28955	100
28996	100
29001	100
29008	100
29014	100
29016	100
29018	100
29046	100
29055	100
29077	100
29082	100
29107	100
29116	100
29123	100
29130	100
29131	100
29136	100
29171	100
29174	100
29179	100
29214	100
29246	100
29248	100
29263	100
29292	100
29330	100
29338	100
29374	100
29399	100
29406	100
29412	100
29419	100
29435	100
29465	100
29485	100
29520	100
29530	100
29566	100
29576	100
29591	100
29595	100
29597	100
29600	100
29624	100
29630	100
29639	100
29655	100
29667	100
29677	100
29681	100
29687	100
29690	100
29696	100
29711	100
29720	100
29754	100
29768	100
29775	100
29779	100
29798	100
29808	100
29837	100
29838	100
29858	100
29859	100
29866	100
29869	100
29879	100
29888	100
29890	100
29900	100
29902	100
29923	100
29931	100
29933	100
29953	100
29954	100
29965	100
29972	100
29977	100
29980	100
29984	100
30000	100
30002	100
30007	100
30019	100
30023	100
30041	100
30046	100
30052	100
30053	100
30066	100
30068	100
30088	100
30097	100
30122	100
30123	100
30127	100
30144	100
30152	100
30157	100
30173	100
30174	100
30181	100
30183	100
30189	100
30192	100
30213	100
30219	100
30221	100
30228	100
30230	100
30244	100
30250	100
30273	100
30302	100
30314	100
30320	100
30322	100
30324	100
30338	100
30343	100
30350	100
30355	100
30359	100
30366	100
30372	100
30384	100
30387	100
30399	100
30436	100
30445	100
30472	100
30492	100
30541	100
30578	100
30579	100
30591	100
30601	100
30608	100
30617	100
30623	100
30654	100
30671	100
30683	100
30687	100
30690	100
30706	100
30709	100
30748	100
30765	100
30767	100
30784	100
30796	100
30805	100
30816	100
30831	100
30835	100
30838	100
30843	100
30852	100
30872	100
30893	100
30914	100
30945	100
30948	100
30958	100
30980	100
31002	100
31007	100
31022	100
31032	100
31033	100
31038	100
31045	100
31051	100
31055	100
31056	100
31063	100
31074	100
31085	100
31089	100
31093	100
31103	100
31135	100
31136	100
31149	100
31151	100
31162	100
31163	100
31181	100
31187	100
31190	100
31191	100
31228	100
31245	100
31246	100
31254	100
31255	100
31258	100
31269	100
31271	100
31304	100
31314	100
31331	100
31351	100
31354	100
31359	100
31377	100
31393	100
31400	100
31404	100
31407	100
31411	100
31412	100
31413	100
31419	100
31421	100
31423	100
31429	100
31437	100
31439	100
31442	100
31461	100
31467	100
31477	100
31478	100
31482	100
31487	100
31506	100
31524	100
31551	100
31559	100
31567	100
31616	100
31618	100
31620	100
31625	100
31634	100
31651	100
31653	100
31656	100
31661	100
31675	100
31679	100
31684	100
31719	100
31721	100
31727	100
31756	100
31763	100
31775	100
31786	100
31797	100
31801	100
31830	100
31831	100
31886	100
31888	100
31895	100
31899	100
31923	100
31952	100
31961	100
31979	100
31982	100
31997	100
32005	100
32011	100
32024	100
32025	100
32035	100
32036	100
32047	100
32055	100
32067	100
32095	100
32098	100
32103	100
32109	100
32114	100
32116	100
32127	100
32175	100
32178	100
32181	100
32206	100
32209	100
32213	100
32220	100
32230	100
32237	100
32246	100
32289	100
32339	100
32363	100
32394	100
32401	100
32407	100
32414	100
32419	100
32423	100
32426	100
32428	100
32448	100
32456	100
32468	100
32469	100
32470	100
32497	100
32498	100
32508	100
32511	100
32516	100
32525	100
32531	100
32532	100
32539	100
32542	100
32543	100
32557	100
32559	100
32587	100
32590	100
32604	100
32618	100
32619	100
32622	100
32639	100
32641	100
32655	100
32663	100
32672	100
32674	100
32678	100
32680	100
32687	100
32711	100
32716	100
32734	100
32735	100
32750	100
32760	100
32768	100
32777	100
32781	100
32804	100
32817	100
32818	100
32823	100
32824	100
32834	100
32849	100
32854	100
32860	100
32861	100
32864	100
32872	100
32873	100
32876	100
32878	100
32910	100
32935	100
32951	100
32969	100
32973	100
32975	100
32981	100
33002	100
33009	100
33012	100
33013	100
33017	100
33022	100
33033	100
33035	100
33048	100
33055	100
33079	100
33081	100
33090	100
33094	100
33109	100
33119	100
33136	100
33141	100
33152	100
33159	100
33161	100
33189	100
33190	100
33191	100
33201	100
33214	100
33232	100
33236	100
33258	100
33280	100
33287	100
33290	100
33297	100
33307	100
33315	100
33322	100
33372	100
33377	100
33400	100
33451	100
33455	100
33456	100
33469	100
33478	100
33484	100
33489	100
33503	100
33506	100
33515	100
33532	100
33549	100
33553	100
33556	100
33566	100
33613	100
33629	100
33630	100
33641	100
33674	100
33703	100
33706	100
33722	100
33733	100
33749	100
33769	100
33772	100
33793	100
33796	100
33806	100
33818	100
33869	100
33872	100
33885	100
33886	100
33895	100
33905	100
33939	100
33947	100
33960	100
33968	100
34001	100
34011	100
34012	100
34031	100
34045	100
34060	100
34066	100
34080	100
34160	100
34165	100
34167	100
34176	100
34204	100
34208	100
34221	100
34222	100
34226	100
34240	100
34245	100
34259	100
34264	100
34268	100
34282	100
34288	100
34318	100
34338	100
34345	100
34383	100
34389	100
34407	100
34432	100
34438	100
34448	100
34449	100
34476	100
34478	100
34489	100
34552	100
34578	100
34603	100
34604	100
34627	100
34636	100
34639	100
34656	100
34659	100
34660	100
34674	100
34695	100
34716	100
34736	100
34748	100
34768	100
34776	100
34783	100
34801	100
34803	100
34817	100
34819	100
34820	100
34822	100
34827	100
34898	100
34920	100
34934	100
34946	100
34950	100
34953	100
34954	100
34955	100
34969	100
34976	100
34979	100
34980	100
34992	100
34998	100
35003	100
35005	100
35022	100
35031	100
35066	100
35070	100
35091	100
35096	100
35107	100
35115	100
35123	100
35141	100
35143	100
35172	100
35175	100
35186	100
35195	100
35197	100
35221	100
35250	100
35267	100
35272	100
35292	100
35329	100
35333	100
35341	100
35342	100
35347	100
35354	100
35369	100
35392	100
35397	100
35404	100
35415	100
35419	100
35422	100
35425	100
35428	100
35438	100
35453	100
35473	100
35477	100
35497	100
35500	100
35538	100
35541	100
35548	100
35551	100
35571	100
35593	100
35597	100
35600	100
35608	100
35637	100
35638	100
35639	100
35645	100
35659	100
35685	100
35699	100
35700	100
35707	100
35714	100
35732	100
35734	100
35738	100
35740	100
35767	100
35778	100
35791	100
35792	100
35801	100
35805	100
35809	100
35816	100
35833	100
35845	100
35851	100
35854	100
35864	100
35869	100
35884	100
35904	100
35907	100
35919	100
35923	100
35936	100
35941	100
35942	100
35948	100
35976	100
35978	100
35982	100
35994	100
36006	100
36012	100
36055	100
36067	100
36082	100
36089	100
36096	100
36104	100
36120	100
36129	100
36139	100
36149	100
36158	100
36177	100
36178	100
36185	100
36192	100
36213	100
36215	100
36222	100
36226	100
36228	100
36230	100
36246	100
36261	100
36265	100
36278	100
36281	100
36297	100
36301	100
36307	100
36316	100
36349	100
36355	100
36357	100
36367	100
36387	100
36396	100
36409	100
36422	100
36429	100
36457	100
36476	100
36481	100
36486	100
36495	100
36517	100
36539	100
36548	100
36560	100
36577	100
36581	100
36585	100
36599	100
36609	100
36615	100
36617	100
36653	100
36661	100
36679	100
36685	100
36688	100
36693	100
36702	100
36710	100
36712	100
36737	100
36750	100
36759	100
36767	100
36768	100
36773	100
36778	100
36786	100
36806	100
36833	100
36840	100
36845	100
36850	100
36881	100
36891	100
36892	100
36898	100
36908	100
36918	100
36931	100
36940	100
36943	100
36969	100
36998	100
37004	100
37048	100
37060	100
37080	100
37093	100
37106	100
37131	100
37137	100
37163	100
37171	100
37184	100
37202	100
37212	100
37213	100
37219	100
37230	100
37238	100
37243	100
37247	100
37249	100
37250	100
37251	100
37267	100
37283	100
37302	100
37305	100
37327	100
37331	100
37335	100
37355	100
37373	100
37383	100
37386	100
37427	100
37432	100
37434	100
37453	100
37466	100
37469	100
37471	100
37493	100
37518	100
37525	100
37527	100
37536	100
37539	100
37543	100
37544	100
37618	100
37619	100
37625	100
37636	100
37646	100
37649	100
37668	100
37674	100
37688	100
37696	100
37704	100
37711	100
37741	100
37748	100
37758	100
37760	100
37766	100
37784	100
37790	100
37798	100
37811	100
37828	100
37836	100
37837	100
37862	100
37890	100
37899	100
37915	100
37917	100
37934	100
37951	100
37956	100
37972	100
37975	100
37976	100
37999	100
38005	100
38007	100
38016	100
38040	100
38058	100
38069	100
38095	100
38114	100
38122	100
38141	100
38145	100
38155	100
38158	100
38160	100
38163	100
38175	100
38184	100
38188	100
38196	100
38215	100
38244	100
38254	100
38259	100
38263	100
38285	100
38287	100
38307	100
38319	100
38321	100
38325	100
38334	100
38343	100
38344	100
38368	100
38382	100
38390	100
38397	100
38399	100
38426	100
38434	100
38478	100
38492	100
38494	100
38501	100
38516	100
38517	100
38532	100
38558	100
38563	100
38573	100
38587	100
38596	100
38620	100
38621	100
38623	100
38627	100
38628	100
38631	100
38643	100
38651	100
38657	100
38666	100
38700	100
38701	100
38702	100
38718	100
38720	100
38723	100
38751	100
38752	100
38812	100
38828	100
38830	100
38871	100
38895	100
38909	100
38918	100
38920	100
38941	100
38944	100
38949	100
38953	100
38961	100
38970	100
38973	100
38977	100
38979	100
38981	100
38994	100
39003	100
39007	100
39009	100
39016	100
39025	100
39027	100
39038	100
39043	100
39052	100
39055	100
39067	100
39071	100
39085	100
39097	100
39098	100
39110	100
39130	100
39133	100
39162	100
39167	100
39176	100
39193	100
39198	100
39200	100
39219	100
39221	100
39224	100
39225	100
39253	100
39255	100
39286	100
39295	100
39301	100
39304	100
39317	100
39329	100
39331	100
39337	100
39362	100
39372	100
39394	100
39405	100
39408	100
39479	100
39485	100
39504	100
39520	100
39541	100
39542	100
39543	100
39566	100
39569	100
39576	100
39582	100
39594	100
39599	100
39605	100
39606	100
39608	100
39618	100
39631	100
39664	100
39667	100
39670	100
39673	100
39677	100
39684	100
39702	100
39704	100
39716	100
39717	100
39719	100
39752	100
39755	100
39793	100
39805	100
39847	100
39848	100
39860	100
39863	100
39870	100
39889	100
39899	100
39900	100
39907	100
39914	100
39926	100
39954	100
39962	100
39976	100
39988	100
39994	100
40031	100
40042	100
40053	100
40054	100
40055	100
40073	100
40082	100
40096	100
40097	100
40102	100
40111	100
40112	100
40114	100
40119	100
40129	100
40131	100
40133	100
40134	100
40149	100
40151	100
40155	100
40162	100
40188	100
40206	100
40209	100
40220	100
40223	100
40226	100
40256	100
40259	100
40262	100
40266	100
40285	100
40289	100
40290	100
40297	100
40299	100
40329	100
40356	100
40370	100
40377	100
40380	100
40383	100
40431	100
40445	100
40455	100
40482	100
40484	100
40492	100
40507	100
40510	100
40516	100
40519	100
40521	100
40522	100
40524	100
40529	100
40538	100
40551	100
40557	100
40565	100
40598	100
40607	100
40609	100
40614	100
40618	100
40650	100
40663	100
40677	100
40691	100
40717	100
40728	100
40734	100
40741	100
40747	100
40752	100
40765	100
40780	100
40782	100
40800	100
40823	100
40841	100
40842	100
40860	100
40865	100
40874	100
40878	100
40881	100
40882	100
40884	100
40889	100
40891	100
40895	100
40915	100
40916	100
40927	100
40947	100
40969	100
40980	100
40982	100
41000	100
41022	100
41041	100
41045	100
41063	100
41066	100
41082	100
41095	100
41100	100
41109	100
41111	100
41113	100
41120	100
41161	100
41168	100
41186	100
41187	100
41216	100
41242	100
41259	100
41260	100
41265	100
41269	100
41285	100
41302	100
41318	100
41320	100
41342	100
41354	100
41374	100
41376	100
41394	100
41422	100
41429	100
41434	100
41436	100
41447	100
41452	100
41466	100
41470	100
41477	100
41499	100
41508	100
41521	100
41528	100
41568	100
41589	100
41591	100
41604	100
41615	100
41625	100
41626	100
41640	100
41656	100
41660	100
41668	100
41670	100
41689	100
41700	100
41728	100
41737	100
41752	100
41756	100
41795	100
41808	100
41818	100
41829	100
41830	100
41862	100
41874	100
41879	100
41884	100
41890	100
41924	100
41937	100
41950	100
41951	100
41957	100
42012	100
42017	100
42046	100
42079	100
42086	100
42097	100
42106	100
42110	100
42112	100
42127	100
42130	100
42137	100
42145	100
42146	100
42155	100
42169	100
42185	100
42189	100
42193	100
42201	100
42203	100
42210	100
42218	100
42220	100
42227	100
42236	100
42245	100
42246	100
42257	100
42262	100
42266	100
42294	100
42297	100
42316	100
42322	100
42334	100
42345	100
42371	100
42372	100
42395	100
42399	100
42407	100
42412	100
42435	100
42444	100
42459	100
42464	100
42466	100
42481	100
42494	100
42512	100
42533	100
42550	100
42555	100
42570	100
42573	100
42600	100
42606	100
42627	100
42664	100
42683	100
42693	100
42706	100
42747	100
42765	100
42767	100
42770	100
42772	100
42774	100
42775	100
42780	100
42789	100
42797	100
42799	100
42810	100
42822	100
42828	100
42843	100
42844	100
42846	100
42851	100
42874	100
42884	100
42896	100
42915	100
42931	100
42957	100
42961	100
42969	100
42982	100
42984	100
42986	100
42990	100
42996	100
43005	100
43009	100
43027	100
43060	100
43061	100
43076	100
43102	100
43115	100
43119	100
43140	100
43147	100
43148	100
43172	100
43186	100
43189	100
43197	100
43200	100
43223	100
43234	100
43255	100
43263	100
43268	100
43273	100
43276	100
43335	100
43343	100
43382	100
43386	100
43393	100
43396	100
43401	100
43403	100
43408	100
43411	100
43418	100
43427	100
43433	100
43448	100
43449	100
43458	100
43493	100
43496	100
43501	100
43513	100
43539	100
43543	100
43544	100
43595	100
43598	100
43609	100
43618	100
43629	100
43644	100
43658	100
43661	100
43670	100
43676	100
43677	100
43691	100
43702	100
43704	100
43705	100
43735	100
43751	100
43752	100
43755	100
43756	100
43772	100
43774	100
43775	100
43779	100
43781	100
43790	100
43801	100
43811	100
43823	100
43827	100
43831	100
43848	100
43853	100
43866	100
43867	100
43889	100
43896	100
43910	100
43914	100
43930	100
43931	100
43936	100
43951	100
43962	100
43972	100
43977	100
43982	100
44002	100
44007	100
44008	100
44023	100
44025	100
44032	100
44045	100
44069	100
44075	100
44078	100
44095	100
44106	100
44116	100
44121	100
44134	100
44140	100
44159	100
44161	100
44187	100
44188	100
44200	100
44207	100
44240	100
44292	100
44320	100
44329	100
44337	100
44345	100
44356	100
44397	100
44402	100
44407	100
44408	100
44410	100
44420	100
44428	100
44451	100
44453	100
44456	100
44486	100
44497	100
44499	100
44500	100
44513	100
44518	100
44519	100
44536	100
44555	100
44573	100
44599	100
44620	100
44638	100
44644	100
44658	100
44662	100
44676	100
44703	100
44733	100
44744	100
44749	100
44772	100
44783	100
44784	100
44806	100
44812	100
44820	100
44824	100
44833	100
44843	100
44867	100
44871	100
44873	100
44878	100
44886	100
44897	100
44900	100
44903	100
44916	100
44921	100
44930	100
44948	100
44975	100
44989	100
45019	100
45025	100
45036	100
45038	100
45047	100
45057	100
45080	100
45089	100
45097	100
45107	100
45120	100
45131	100
45139	100
45148	100
45153	100
45155	100
45156	100
45158	100
45196	100
45200	100
45215	100
45217	100
45225	100
45229	100
45240	100
45273	100
45278	100
45292	100
45296	100
45303	100
45326	100
45327	100
45372	100
45395	100
45410	100
45416	100
45421	100
45432	100
45448	100
45453	100
45459	100
45467	100
45480	100
45487	100
45492	100
45494	100
45512	100
45522	100
45523	100
45529	100
45540	100
45542	100
45545	100
45561	100
45570	100
45575	100
45576	100
45588	100
45605	100
45612	100
45622	100
45632	100
45639	100
45643	100
45658	100
45659	100
45660	100
45688	100
45710	100
45726	100
45730	100
45766	100
45778	100
45786	100
45820	100
45834	100
45835	100
45836	100
45837	100
45853	100
45854	100
45862	100
45873	100
45874	100
45877	100
45886	100
45893	100
45951	100
45962	100
45971	100
45991	100
46005	100
46008	100
46039	100
46040	100
46043	100
46050	100
46063	100
46110	100
46153	100
46161	100
46170	100
46172	100
46174	100
46187	100
46220	100
46224	100
46228	100
46245	100
46262	100
46270	100
46273	100
46288	100
46294	100
46300	100
46303	100
46341	100
46377	100
46394	100
46396	100
46424	100
46448	100
46456	100
46467	100
46477	100
46481	100
46502	100
46517	100
46532	100
46536	100
46569	100
46570	100
46572	100
46573	100
46655	100
46660	100
46686	100
46694	100
46698	100
46702	100
46713	100
46715	100
46720	100
46754	100
46755	100
46759	100
46764	100
46803	100
46822	100
46825	100
46828	100
46845	100
46860	100
46878	100
46886	100
46891	100
46901	100
46924	100
46927	100
46931	100
46933	100
46935	100
46961	100
46968	100
46974	100
47010	100
47018	100
47043	100
47053	100
47058	100
47059	100
47065	100
47069	100
47076	100
47087	100
47122	100
47131	100
47141	100
47167	100
47213	100
47239	100
47243	100
47245	100
47259	100
47298	100
47299	100
47315	100
47372	100
47383	100
47400	100
47405	100
47421	100
47425	100
47428	100
47441	100
47448	100
47450	100
47454	100
47464	100
47475	100
47479	100
47483	100
47497	100
47514	100
47543	100
47557	100
47558	100
47566	100
47576	100
47590	100
47594	100
47602	100
47606	100
47611	100
47634	100
47645	100
47654	100
47656	100
47657	100
47663	100
47677	100
47682	100
47688	100
47694	100
47697	100
47698	100
47712	100
47719	100
47723	100
47734	100
47735	100
47742	100
47750	100
47754	100
47757	100
47765	100
47777	100
47792	100
47793	100
47795	100
47798	100
47809	100
47818	100
47819	100
47846	100
47850	100
47884	100
47910	100
47914	100
47920	100
47925	100
47935	100
47936	100
47951	100
47959	100
47963	100
48004	100
48020	100
48028	100
48048	100
48071	100
48072	100
48108	100
48111	100
48113	100
48119	100
48125	100
48133	100
48142	100
48146	100
48151	100
48159	100
48160	100
48188	100
48193	100
48195	100
48200	100
48205	100
48209	100
48233	100
48248	100
48250	100
48264	100
48265	100
48270	100
48299	100
48314	100
48315	100
48316	100
48321	100
48324	100
48325	100
48356	100
48362	100
48382	100
48384	100
48426	100
48429	100
48440	100
48450	100
48463	100
48475	100
48477	100
48481	100
48531	100
48538	100
48545	100
48559	100
48571	100
48575	100
48599	100
48618	100
48619	100
48625	100
48651	100
48653	100
48665	100
48671	100
48716	100
48721	100
48726	100
48774	100
48795	100
48796	100
48812	100
48835	100
48838	100
48859	100
48860	100
48878	100
48886	100
48893	100
48927	100
48945	100
48949	100
48969	100
48983	100
48985	100
48989	100
49006	100
49046	100
49070	100
49072	100
49090	100
49119	100
49120	100
49128	100
49145	100
49165	100
49171	100
49176	100
49190	100
49206	100
49231	100
49232	100
49247	100
49249	100
49251	100
49275	100
49280	100
49281	100
49293	100
49296	100
49300	100
49306	100
49307	100
49308	100
49325	100
49334	100
49339	100
49368	100
49378	100
49396	100
49408	100
49430	100
49457	100
49459	100
49481	100
49487	100
49495	100
49513	100
49521	100
49522	100
49525	100
49527	100
49532	100
49537	100
49539	100
49541	100
49544	100
49564	100
49605	100
49645	100
49655	100
49666	100
49679	100
49692	100
49693	100
49704	100
49724	100
49727	100
49743	100
49756	100
49758	100
49781	100
49789	100
49796	100
49808	100
49819	100
49821	100
49827	100
49839	100
49852	100
49871	100
49873	100
49874	100
49898	100
49906	100
49941	100
49943	100
49945	100
49950	100
49961	100
49967	100
49975	100
4	99
6	99
8	99
20	99
34	99
54	99
64	99
66	99
80	99
83	99
113	99
123	99
129	99
145	99
163	99
195	99
199	99
220	99
240	99
244	99
247	99
257	99
268	99
289	99
292	99
322	99
338	99
344	99
349	99
355	99
361	99
364	99
365	99
384	99
410	99
412	99
417	99
427	99
429	99
434	99
457	99
458	99
491	99
500	99
507	99
518	99
521	99
537	99
538	99
553	99
571	99
592	99
593	99
604	99
614	99
650	99
656	99
665	99
675	99
688	99
711	99
725	99
736	99
757	99
764	99
766	99
771	99
780	99
787	99
810	99
818	99
827	99
849	99
856	99
868	99
875	99
897	99
903	99
906	99
908	99
927	99
929	99
930	99
952	99
960	99
975	99
984	99
998	99
1002	99
1019	99
1038	99
1074	99
1077	99
1097	99
1121	99
1134	99
1145	99
1178	99
1197	99
1206	99
1220	99
1239	99
1247	99
1311	99
1312	99
1339	99
1365	99
1392	99
1393	99
1398	99
1411	99
1413	99
1414	99
1426	99
1434	99
1459	99
1467	99
1469	99
1484	99
1486	99
1493	99
1495	99
1496	99
1499	99
1508	99
1512	99
1518	99
1527	99
1536	99
1540	99
1544	99
1562	99
1585	99
1604	99
1611	99
1615	99
1617	99
1620	99
1652	99
1664	99
1667	99
1673	99
1674	99
1683	99
1698	99
1708	99
1709	99
1733	99
1743	99
1757	99
1758	99
1777	99
1807	99
1809	99
1817	99
1826	99
1829	99
1842	99
1844	99
1853	99
1862	99
1867	99
1870	99
1872	99
1880	99
1895	99
1896	99
1897	99
1918	99
1919	99
1925	99
1927	99
1931	99
1933	99
1935	99
1947	99
1972	99
1974	99
1980	99
1992	99
1993	99
1994	99
2031	99
2035	99
2041	99
2048	99
2056	99
2063	99
2079	99
2088	99
2105	99
2115	99
2116	99
2130	99
2144	99
2153	99
2160	99
2164	99
2188	99
2190	99
2196	99
2265	99
2287	99
2296	99
2298	99
2358	99
2374	99
2377	99
2382	99
2386	99
2404	99
2434	99
2443	99
2478	99
2481	99
2490	99
2491	99
2499	99
2505	99
2530	99
2540	99
2547	99
2569	99
2573	99
2575	99
2581	99
2586	99
2589	99
2610	99
2625	99
2647	99
2650	99
2653	99
2663	99
2676	99
2681	99
2686	99
2726	99
2748	99
2759	99
2763	99
2772	99
2786	99
2789	99
2798	99
2808	99
2833	99
2853	99
2862	99
2867	99
2872	99
2879	99
2921	99
2923	99
2926	99
2936	99
2963	99
2968	99
2973	99
2979	99
2983	99
2998	99
3019	99
3031	99
3057	99
3088	99
3116	99
3119	99
3152	99
3159	99
3160	99
3161	99
3162	99
3163	99
3176	99
3181	99
3195	99
3197	99
3198	99
3214	99
3233	99
3243	99
3259	99
3312	99
3317	99
3319	99
3321	99
3327	99
3357	99
3368	99
3382	99
3402	99
3403	99
3423	99
3433	99
3436	99
3446	99
3464	99
3535	99
3536	99
3549	99
3557	99
3559	99
3562	99
3569	99
3572	99
3603	99
3614	99
3632	99
3641	99
3642	99
3665	99
3668	99
3672	99
3676	99
3689	99
3694	99
3698	99
3716	99
3720	99
3721	99
3733	99
3735	99
3747	99
3750	99
3759	99
3774	99
3790	99
3814	99
3822	99
3847	99
3879	99
3891	99
3893	99
3908	99
3915	99
3920	99
3925	99
3942	99
3957	99
3967	99
3968	99
3985	99
4006	99
4018	99
4071	99
4091	99
4092	99
4153	99
4164	99
4165	99
4167	99
4183	99
4188	99
4194	99
4202	99
4216	99
4220	99
4239	99
4241	99
4244	99
4248	99
4249	99
4254	99
4266	99
4286	99
4306	99
4310	99
4316	99
4322	99
4328	99
4350	99
4382	99
4384	99
4392	99
4423	99
4442	99
4447	99
4450	99
4471	99
4476	99
4490	99
4511	99
4524	99
4546	99
4555	99
4565	99
4574	99
4585	99
4590	99
4620	99
4626	99
4636	99
4645	99
4662	99
4663	99
4679	99
4693	99
4705	99
4712	99
4714	99
4716	99
4723	99
4729	99
4736	99
4742	99
4760	99
4765	99
4766	99
4770	99
4776	99
4778	99
4783	99
4813	99
4846	99
4865	99
4878	99
4882	99
4883	99
4891	99
4893	99
4931	99
4938	99
4946	99
4947	99
4948	99
4980	99
5003	99
5006	99
5020	99
5035	99
5037	99
5059	99
5063	99
5070	99
5075	99
5078	99
5087	99
5092	99
5100	99
5123	99
5136	99
5137	99
5139	99
5162	99
5228	99
5238	99
5254	99
5262	99
5284	99
5289	99
5310	99
5312	99
5313	99
5320	99
5341	99
5362	99
5379	99
5403	99
5407	99
5411	99
5415	99
5422	99
5443	99
5463	99
5471	99
5474	99
5490	99
5501	99
5502	99
5503	99
5531	99
5538	99
5545	99
5572	99
5581	99
5584	99
5586	99
5593	99
5618	99
5619	99
5626	99
5627	99
5655	99
5664	99
5676	99
5683	99
5715	99
5717	99
5721	99
5724	99
5740	99
5767	99
5775	99
5792	99
5799	99
5818	99
5833	99
5845	99
5850	99
5852	99
5854	99
5857	99
5880	99
5893	99
5905	99
5907	99
5930	99
5943	99
5945	99
5948	99
5988	99
5992	99
6005	99
6019	99
6035	99
6045	99
6084	99
6088	99
6105	99
6106	99
6130	99
6133	99
6136	99
6141	99
6160	99
6167	99
6189	99
6198	99
6209	99
6212	99
6228	99
6249	99
6254	99
6260	99
6263	99
6289	99
6290	99
6301	99
6305	99
6337	99
6339	99
6342	99
6345	99
6363	99
6368	99
6371	99
6372	99
6384	99
6395	99
6403	99
6415	99
6445	99
6454	99
6455	99
6463	99
6473	99
6479	99
6481	99
6482	99
6490	99
6500	99
6502	99
6507	99
6511	99
6518	99
6523	99
6530	99
6539	99
6540	99
6552	99
6557	99
6558	99
6559	99
6564	99
6570	99
6593	99
6598	99
6613	99
6634	99
6638	99
6643	99
6660	99
6686	99
6694	99
6696	99
6710	99
6719	99
6721	99
6722	99
6749	99
6780	99
6787	99
6790	99
6796	99
6808	99
6825	99
6830	99
6860	99
6881	99
6937	99
6939	99
6952	99
6964	99
6983	99
7041	99
7056	99
7081	99
7094	99
7096	99
7103	99
7111	99
7137	99
7141	99
7146	99
7149	99
7163	99
7172	99
7174	99
7179	99
7191	99
7196	99
7209	99
7215	99
7247	99
7254	99
7263	99
7275	99
7314	99
7325	99
7328	99
7330	99
7353	99
7365	99
7379	99
7385	99
7394	99
7400	99
7403	99
7426	99
7429	99
7431	99
7437	99
7443	99
7465	99
7494	99
7503	99
7554	99
7595	99
7612	99
7613	99
7615	99
7638	99
7677	99
7679	99
7695	99
7700	99
7711	99
7789	99
7794	99
7813	99
7814	99
7854	99
7858	99
7872	99
7877	99
7878	99
7906	99
7914	99
7922	99
7934	99
7939	99
7940	99
7989	99
8007	99
8016	99
8050	99
8078	99
8086	99
8091	99
8101	99
8120	99
8123	99
8131	99
8135	99
8137	99
8138	99
8141	99
8147	99
8162	99
8168	99
8181	99
8193	99
8201	99
8207	99
8216	99
8219	99
8244	99
8245	99
8248	99
8286	99
8301	99
8303	99
8330	99
8335	99
8337	99
8369	99
8379	99
8382	99
8410	99
8418	99
8461	99
8480	99
8487	99
8553	99
8567	99
8574	99
8584	99
8604	99
8618	99
8619	99
8623	99
8638	99
8651	99
8660	99
8664	99
8669	99
8691	99
8697	99
8703	99
8710	99
8733	99
8734	99
8741	99
8747	99
8755	99
8822	99
8859	99
8890	99
8906	99
8915	99
8921	99
8957	99
8965	99
8972	99
8985	99
8995	99
8997	99
9004	99
9021	99
9061	99
9088	99
9090	99
9108	99
9139	99
9144	99
9152	99
9162	99
9194	99
9207	99
9209	99
9218	99
9231	99
9243	99
9248	99
9249	99
9262	99
9282	99
9305	99
9317	99
9347	99
9348	99
9374	99
9389	99
9397	99
9415	99
9418	99
9435	99
9449	99
9452	99
9506	99
9528	99
9552	99
9589	99
9596	99
9603	99
9604	99
9619	99
9648	99
9686	99
9698	99
9705	99
9706	99
9713	99
9728	99
9741	99
9769	99
9770	99
9776	99
9777	99
9783	99
9811	99
9815	99
9827	99
9834	99
9901	99
9906	99
9909	99
9923	99
9931	99
9945	99
9951	99
9956	99
9960	99
9966	99
10018	99
10023	99
10025	99
10040	99
10042	99
10050	99
10068	99
10075	99
10084	99
10085	99
10087	99
10095	99
10121	99
10131	99
10132	99
10145	99
10162	99
10164	99
10169	99
10173	99
10210	99
10213	99
10219	99
10221	99
10229	99
10252	99
10258	99
10271	99
10273	99
10277	99
10286	99
10294	99
10301	99
10302	99
10321	99
10332	99
10342	99
10381	99
10387	99
10411	99
10423	99
10430	99
10465	99
10471	99
10485	99
10489	99
10524	99
10537	99
10546	99
10547	99
10558	99
10565	99
10575	99
10594	99
10620	99
10633	99
10634	99
10644	99
10646	99
10663	99
10674	99
10682	99
10701	99
10709	99
10715	99
10716	99
10719	99
10725	99
10739	99
10748	99
10770	99
10776	99
10778	99
10791	99
10806	99
10811	99
10812	99
10843	99
10850	99
10881	99
10886	99
10944	99
10983	99
10984	99
11028	99
11029	99
11059	99
11065	99
11091	99
11100	99
11112	99
11113	99
11124	99
11129	99
11186	99
11194	99
11200	99
11203	99
11206	99
11210	99
11220	99
11234	99
11240	99
11241	99
11243	99
11256	99
11261	99
11265	99
11322	99
11323	99
11347	99
11357	99
11380	99
11388	99
11413	99
11417	99
11435	99
11447	99
11457	99
11470	99
11476	99
11482	99
11483	99
11488	99
11496	99
11508	99
11525	99
11539	99
11544	99
11545	99
11547	99
11572	99
11626	99
11649	99
11676	99
11691	99
11748	99
11751	99
11753	99
11759	99
11764	99
11765	99
11769	99
11794	99
11798	99
11802	99
11812	99
11813	99
11814	99
11840	99
11848	99
11884	99
11888	99
11889	99
11913	99
11916	99
11919	99
11924	99
11929	99
11932	99
11942	99
11956	99
11979	99
11985	99
11986	99
11991	99
12000	99
12008	99
12020	99
12040	99
12041	99
12055	99
12131	99
12138	99
12148	99
12172	99
12179	99
12189	99
12193	99
12196	99
12205	99
12207	99
12232	99
12234	99
12265	99
12267	99
12270	99
12277	99
12305	99
12311	99
12316	99
12326	99
12343	99
12351	99
12354	99
12357	99
12365	99
12377	99
12391	99
12409	99
12411	99
12418	99
12421	99
12422	99
12429	99
12437	99
12439	99
12441	99
12442	99
12445	99
12447	99
12459	99
12486	99
12508	99
12520	99
12534	99
12544	99
12581	99
12589	99
12591	99
12619	99
12630	99
12640	99
12656	99
12657	99
12661	99
12677	99
12684	99
12697	99
12714	99
12731	99
12754	99
12759	99
12794	99
12797	99
12807	99
12811	99
12812	99
12834	99
12839	99
12850	99
12876	99
12902	99
12936	99
12951	99
12952	99
12965	99
12980	99
12992	99
13008	99
13020	99
13031	99
13035	99
13038	99
13046	99
13057	99
13075	99
13077	99
13095	99
13099	99
13102	99
13103	99
13124	99
13126	99
13131	99
13134	99
13135	99
13145	99
13157	99
13162	99
13165	99
13176	99
13177	99
13179	99
13182	99
13183	99
13197	99
13209	99
13211	99
13228	99
13231	99
13236	99
13243	99
13279	99
13281	99
13283	99
13291	99
13295	99
13299	99
13313	99
13344	99
13378	99
13384	99
13388	99
13394	99
13410	99
13438	99
13440	99
13443	99
13445	99
13465	99
13473	99
13494	99
13500	99
13511	99
13514	99
13516	99
13535	99
13546	99
13552	99
13578	99
13586	99
13587	99
13600	99
13646	99
13651	99
13652	99
13656	99
13657	99
13681	99
13688	99
13702	99
13705	99
13714	99
13731	99
13758	99
13762	99
13778	99
13789	99
13797	99
13804	99
13815	99
13849	99
13851	99
13853	99
13864	99
13881	99
13890	99
13901	99
13912	99
13925	99
13932	99
13936	99
13946	99
13978	99
14023	99
14030	99
14031	99
14032	99
14033	99
14045	99
14066	99
14077	99
14094	99
14113	99
14135	99
14142	99
14156	99
14178	99
14181	99
14185	99
14200	99
14231	99
14244	99
14259	99
14275	99
14300	99
14305	99
14310	99
14316	99
14331	99
14338	99
14363	99
14373	99
14382	99
14389	99
14391	99
14399	99
14402	99
14406	99
14412	99
14413	99
14450	99
14452	99
14474	99
14480	99
14491	99
14537	99
14545	99
14564	99
14566	99
14575	99
14583	99
14595	99
14611	99
14642	99
14655	99
14662	99
14675	99
14683	99
14684	99
14689	99
14707	99
14711	99
14720	99
14738	99
14750	99
14752	99
14755	99
14768	99
14797	99
14798	99
14828	99
14832	99
14836	99
14876	99
14890	99
14895	99
14902	99
14905	99
14916	99
14920	99
14929	99
14948	99
14973	99
15017	99
15032	99
15037	99
15039	99
15041	99
15056	99
15067	99
15088	99
15126	99
15136	99
15174	99
15196	99
15205	99
15210	99
15241	99
15246	99
15248	99
15262	99
15289	99
15295	99
15297	99
15325	99
15335	99
15343	99
15345	99
15353	99
15356	99
15360	99
15376	99
15390	99
15399	99
15415	99
15417	99
15421	99
15433	99
15434	99
15437	99
15448	99
15470	99
15486	99
15491	99
15503	99
15513	99
15519	99
15530	99
15533	99
15538	99
15539	99
15547	99
15551	99
15568	99
15573	99
15580	99
15599	99
15613	99
15616	99
15622	99
15635	99
15644	99
15654	99
15665	99
15667	99
15670	99
15675	99
15677	99
15695	99
15701	99
15705	99
15708	99
15709	99
15724	99
15727	99
15731	99
15744	99
15765	99
15781	99
15812	99
15823	99
15828	99
15829	99
15839	99
15846	99
15848	99
15850	99
15853	99
15889	99
15899	99
15923	99
15924	99
15928	99
15936	99
15940	99
15946	99
15979	99
15992	99
16009	99
16010	99
16034	99
16038	99
16047	99
16057	99
16065	99
16101	99
16104	99
16109	99
16115	99
16118	99
16120	99
16122	99
16179	99
16182	99
16193	99
16197	99
16202	99
16205	99
16210	99
16256	99
16257	99
16263	99
16270	99
16274	99
16276	99
16290	99
16306	99
16310	99
16311	99
16323	99
16330	99
16349	99
16367	99
16374	99
16376	99
16384	99
16417	99
16428	99
16442	99
16452	99
16471	99
16504	99
16505	99
16510	99
16513	99
16521	99
16528	99
16545	99
16546	99
16548	99
16552	99
16562	99
16566	99
16574	99
16586	99
16600	99
16602	99
16605	99
16626	99
16633	99
16644	99
16701	99
16703	99
16713	99
16728	99
16737	99
16757	99
16759	99
16816	99
16830	99
16849	99
16860	99
16862	99
16873	99
16888	99
16890	99
16892	99
16899	99
16903	99
16907	99
16912	99
16940	99
16948	99
16965	99
16991	99
16998	99
17002	99
17006	99
17016	99
17017	99
17044	99
17056	99
17068	99
17099	99
17104	99
17114	99
17140	99
17152	99
17162	99
17183	99
17195	99
17202	99
17210	99
17223	99
17234	99
17239	99
17253	99
17257	99
17262	99
17283	99
17301	99
17308	99
17358	99
17365	99
17373	99
17380	99
17384	99
17394	99
17398	99
17409	99
17422	99
17424	99
17445	99
17479	99
17495	99
17530	99
17545	99
17559	99
17562	99
17595	99
17604	99
17621	99
17642	99
17643	99
17653	99
17679	99
17684	99
17697	99
17704	99
17717	99
17730	99
17762	99
17790	99
17791	99
17795	99
17818	99
17832	99
17859	99
17887	99
17899	99
17920	99
17968	99
17972	99
17974	99
17998	99
18002	99
18014	99
18021	99
18030	99
18032	99
18033	99
18037	99
18045	99
18047	99
18057	99
18070	99
18075	99
18088	99
18099	99
18111	99
18158	99
18162	99
18195	99
18198	99
18211	99
18213	99
18216	99
18222	99
18224	99
18287	99
18307	99
18313	99
18328	99
18367	99
18370	99
18373	99
18385	99
18395	99
18399	99
18402	99
18406	99
18407	99
18419	99
18434	99
18437	99
18481	99
18489	99
18490	99
18496	99
18518	99
18542	99
18544	99
18568	99
18570	99
18587	99
18591	99
18601	99
18606	99
18624	99
18632	99
18639	99
18651	99
18659	99
18662	99
18674	99
18676	99
18678	99
18680	99
18683	99
18727	99
18730	99
18738	99
18746	99
18768	99
18795	99
18836	99
18849	99
18861	99
18866	99
18873	99
18875	99
18897	99
18902	99
18911	99
18912	99
18923	99
18930	99
18933	99
18937	99
18940	99
18944	99
18962	99
18965	99
18978	99
18987	99
18991	99
18995	99
19032	99
19035	99
19039	99
19083	99
19085	99
19093	99
19127	99
19134	99
19138	99
19142	99
19150	99
19173	99
19184	99
19192	99
19204	99
19205	99
19225	99
19232	99
19251	99
19257	99
19258	99
19274	99
19280	99
19337	99
19347	99
19350	99
19352	99
19373	99
19376	99
19389	99
19397	99
19402	99
19409	99
19415	99
19416	99
19418	99
19429	99
19448	99
19461	99
19498	99
19544	99
19545	99
19581	99
19585	99
19588	99
19610	99
19626	99
19627	99
19628	99
19633	99
19664	99
19684	99
19699	99
19728	99
19734	99
19746	99
19768	99
19853	99
19872	99
19875	99
19883	99
19894	99
19918	99
19934	99
19944	99
19958	99
19961	99
19968	99
19975	99
19987	99
19991	99
20009	99
20022	99
20036	99
20039	99
20054	99
20056	99
20059	99
20085	99
20102	99
20115	99
20122	99
20123	99
20132	99
20142	99
20144	99
20146	99
20154	99
20172	99
20204	99
20216	99
20243	99
20268	99
20272	99
20274	99
20291	99
20296	99
20308	99
20314	99
20332	99
20335	99
20338	99
20339	99
20347	99
20352	99
20354	99
20356	99
20362	99
20365	99
20367	99
20390	99
20398	99
20411	99
20423	99
20424	99
20425	99
20454	99
20467	99
20485	99
20497	99
20517	99
20526	99
20535	99
20568	99
20569	99
20573	99
20575	99
20581	99
20584	99
20586	99
20588	99
20599	99
20603	99
20623	99
20630	99
20640	99
20643	99
20645	99
20649	99
20655	99
20660	99
20666	99
20686	99
20698	99
20719	99
20731	99
20757	99
20782	99
20805	99
20837	99
20844	99
20848	99
20860	99
20881	99
20885	99
20909	99
20912	99
20923	99
20952	99
20953	99
20962	99
20993	99
21012	99
21013	99
21016	99
21021	99
21038	99
21040	99
21042	99
21049	99
21057	99
21062	99
21064	99
21076	99
21091	99
21102	99
21118	99
21120	99
21166	99
21171	99
21174	99
21192	99
21203	99
21207	99
21223	99
21226	99
21229	99
21232	99
21236	99
21243	99
21244	99
21246	99
21248	99
21259	99
21264	99
21267	99
21271	99
21287	99
21306	99
21317	99
21337	99
21358	99
21380	99
21381	99
21417	99
21424	99
21431	99
21436	99
21445	99
21446	99
21478	99
21488	99
21492	99
21495	99
21505	99
21506	99
21512	99
21517	99
21534	99
21596	99
21610	99
21636	99
21642	99
21644	99
21649	99
21659	99
21671	99
21678	99
21684	99
21689	99
21705	99
21709	99
21730	99
21744	99
21754	99
21762	99
21763	99
21774	99
21796	99
21802	99
21815	99
21818	99
21831	99
21834	99
21852	99
21857	99
21860	99
21864	99
21876	99
21899	99
21913	99
21917	99
21930	99
21936	99
21940	99
21941	99
21942	99
21946	99
21971	99
21992	99
21993	99
22014	99
22032	99
22033	99
22037	99
22039	99
22063	99
22091	99
22096	99
22112	99
22113	99
22115	99
22117	99
22118	99
22127	99
22133	99
22144	99
22157	99
22167	99
22188	99
22195	99
22202	99
22223	99
22236	99
22248	99
22267	99
22268	99
22275	99
22288	99
22308	99
22321	99
22326	99
22333	99
22353	99
22354	99
22356	99
22361	99
22366	99
22373	99
22389	99
22391	99
22399	99
22429	99
22433	99
22448	99
22469	99
22496	99
22513	99
22525	99
22536	99
22540	99
22547	99
22566	99
22568	99
22584	99
22609	99
22618	99
22626	99
22636	99
22641	99
22644	99
22669	99
22670	99
22676	99
22680	99
22682	99
22705	99
22706	99
22711	99
22715	99
22716	99
22727	99
22734	99
22738	99
22741	99
22743	99
22747	99
22750	99
22767	99
22780	99
22784	99
22788	99
22794	99
22800	99
22831	99
22840	99
22841	99
22848	99
22857	99
22862	99
22871	99
22873	99
22882	99
22912	99
22934	99
22943	99
22946	99
22950	99
22966	99
22971	99
22978	99
22983	99
22985	99
22999	99
23019	99
23022	99
23049	99
23057	99
23072	99
23073	99
23074	99
23077	99
23078	99
23083	99
23098	99
23099	99
23108	99
23109	99
23112	99
23116	99
23117	99
23131	99
23143	99
23161	99
23189	99
23194	99
23196	99
23233	99
23272	99
23282	99
23334	99
23348	99
23350	99
23351	99
23414	99
23416	99
23465	99
23475	99
23481	99
23497	99
23538	99
23575	99
23630	99
23657	99
23667	99
23675	99
23684	99
23687	99
23728	99
23738	99
23757	99
23780	99
23782	99
23794	99
23806	99
23824	99
23839	99
23849	99
23857	99
23891	99
23899	99
23917	99
23922	99
23928	99
23953	99
23978	99
23985	99
24002	99
24027	99
24030	99
24031	99
24058	99
24085	99
24125	99
24130	99
24144	99
24168	99
24198	99
24200	99
24201	99
24223	99
24228	99
24232	99
24243	99
24269	99
24270	99
24281	99
24282	99
24286	99
24288	99
24301	99
24308	99
24315	99
24320	99
24322	99
24328	99
24342	99
24351	99
24352	99
24357	99
24389	99
24423	99
24431	99
24439	99
24472	99
24478	99
24489	99
24491	99
24512	99
24515	99
24519	99
24521	99
24537	99
24551	99
24555	99
24558	99
24577	99
24578	99
24603	99
24610	99
24648	99
24656	99
24665	99
24667	99
24668	99
24674	99
24700	99
24727	99
24728	99
24732	99
24736	99
24772	99
24775	99
24812	99
24813	99
24818	99
24841	99
24842	99
24852	99
24862	99
24879	99
24895	99
24898	99
24902	99
24921	99
24923	99
24925	99
24934	99
24943	99
24949	99
24966	99
24984	99
24998	99
25000	99
25017	99
25024	99
25030	99
25042	99
25047	99
25059	99
25066	99
25073	99
25078	99
25095	99
25128	99
25130	99
25147	99
25159	99
25167	99
25172	99
25179	99
25181	99
25183	99
25184	99
25202	99
25206	99
25212	99
25237	99
25238	99
25266	99
25269	99
25274	99
25297	99
25312	99
25321	99
25353	99
25399	99
25419	99
25425	99
25441	99
25469	99
25478	99
25494	99
25515	99
25537	99
25545	99
25558	99
25576	99
25595	99
25639	99
25672	99
25676	99
25682	99
25687	99
25696	99
25703	99
25706	99
25712	99
25728	99
25739	99
25757	99
25763	99
25787	99
25795	99
25800	99
25811	99
25814	99
25834	99
25847	99
25849	99
25875	99
25879	99
25923	99
25932	99
25943	99
25984	99
25987	99
25999	99
26003	99
26008	99
26015	99
26023	99
26025	99
26038	99
26049	99
26059	99
26060	99
26069	99
26088	99
26089	99
26130	99
26131	99
26133	99
26138	99
26140	99
26145	99
26149	99
26161	99
26177	99
26178	99
26199	99
26205	99
26217	99
26220	99
26234	99
26265	99
26313	99
26324	99
26335	99
26342	99
26343	99
26385	99
26387	99
26397	99
26398	99
26399	99
26401	99
26413	99
26417	99
26430	99
26438	99
26442	99
26451	99
26459	99
26502	99
26507	99
26536	99
26543	99
26561	99
26563	99
26569	99
26581	99
26593	99
26608	99
26615	99
26618	99
26623	99
26631	99
26632	99
26639	99
26640	99
26663	99
26666	99
26674	99
26685	99
26698	99
26699	99
26701	99
26711	99
26721	99
26732	99
26750	99
26778	99
26779	99
26800	99
26812	99
26816	99
26838	99
26842	99
26850	99
26859	99
26881	99
26887	99
26889	99
26893	99
26898	99
26911	99
26925	99
26927	99
26934	99
26946	99
26949	99
26962	99
26976	99
26981	99
27003	99
27017	99
27048	99
27057	99
27068	99
27102	99
27103	99
27105	99
27126	99
27128	99
27130	99
27140	99
27148	99
27154	99
27156	99
27171	99
27182	99
27190	99
27203	99
27226	99
27240	99
27242	99
27256	99
27270	99
27300	99
27311	99
27319	99
27321	99
27323	99
27324	99
27334	99
27357	99
27381	99
27384	99
27386	99
27408	99
27434	99
27445	99
27473	99
27484	99
27498	99
27526	99
27584	99
27611	99
27613	99
27614	99
27619	99
27645	99
27657	99
27663	99
27693	99
27707	99
27708	99
27727	99
27737	99
27738	99
27749	99
27760	99
27762	99
27769	99
27793	99
27799	99
27821	99
27826	99
27847	99
27851	99
27871	99
27887	99
27896	99
27902	99
27913	99
27925	99
27928	99
27933	99
27936	99
27941	99
27944	99
27945	99
27951	99
27965	99
28002	99
28031	99
28034	99
28037	99
28040	99
28043	99
28079	99
28080	99
28092	99
28103	99
28107	99
28143	99
28147	99
28150	99
28168	99
28172	99
28183	99
28188	99
28205	99
28206	99
28223	99
28226	99
28242	99
28256	99
28270	99
28282	99
28297	99
28313	99
28338	99
28347	99
28354	99
28371	99
28393	99
28397	99
28425	99
28428	99
28456	99
28467	99
28481	99
28482	99
28491	99
28494	99
28503	99
28548	99
28555	99
28564	99
28581	99
28594	99
28611	99
28619	99
28626	99
28639	99
28653	99
28660	99
28664	99
28678	99
28679	99
28680	99
28696	99
28697	99
28707	99
28709	99
28718	99
28721	99
28723	99
28735	99
28744	99
28748	99
28750	99
28764	99
28769	99
28787	99
28788	99
28789	99
28792	99
28798	99
28806	99
28817	99
28820	99
28827	99
28834	99
28838	99
28841	99
28848	99
28910	99
28911	99
28920	99
28923	99
28941	99
28947	99
28950	99
28962	99
28971	99
28977	99
28990	99
28991	99
29048	99
29049	99
29054	99
29063	99
29071	99
29089	99
29102	99
29126	99
29135	99
29139	99
29144	99
29151	99
29164	99
29185	99
29186	99
29190	99
29215	99
29217	99
29245	99
29284	99
29287	99
29303	99
29304	99
29305	99
29307	99
29347	99
29359	99
29362	99
29388	99
29402	99
29409	99
29414	99
29420	99
29423	99
29438	99
29451	99
29456	99
29459	99
29462	99
29477	99
29483	99
29499	99
29522	99
29528	99
29541	99
29558	99
29559	99
29562	99
29567	99
29606	99
29612	99
29613	99
29643	99
29649	99
29707	99
29714	99
29726	99
29728	99
29746	99
29762	99
29790	99
29816	99
29818	99
29822	99
29827	99
29839	99
29840	99
29847	99
29849	99
29856	99
29864	99
29898	99
29913	99
29917	99
29918	99
29921	99
29930	99
29943	99
29946	99
29958	99
29959	99
29962	99
29973	99
29981	99
29988	99
29995	99
30013	99
30017	99
30035	99
30037	99
30040	99
30055	99
30105	99
30131	99
30143	99
30158	99
30163	99
30179	99
30201	99
30212	99
30214	99
30226	99
30232	99
30242	99
30257	99
30280	99
30304	99
30310	99
30325	99
30358	99
30361	99
30390	99
30419	99
30420	99
30422	99
30432	99
30464	99
30475	99
30478	99
30484	99
30499	99
30513	99
30517	99
30535	99
30536	99
30539	99
30559	99
30561	99
30583	99
30627	99
30628	99
30645	99
30651	99
30659	99
30665	99
30667	99
30669	99
30673	99
30701	99
30715	99
30732	99
30734	99
30735	99
30752	99
30759	99
30778	99
30788	99
30818	99
30836	99
30854	99
30861	99
30863	99
30865	99
30871	99
30875	99
30878	99
30879	99
30880	99
30902	99
30911	99
30917	99
30956	99
30962	99
30968	99
31021	99
31025	99
31053	99
31057	99
31065	99
31069	99
31071	99
31079	99
31081	99
31087	99
31111	99
31132	99
31145	99
31177	99
31179	99
31200	99
31203	99
31204	99
31231	99
31244	99
31256	99
31263	99
31266	99
31280	99
31281	99
31282	99
31293	99
31294	99
31315	99
31316	99
31317	99
31337	99
31341	99
31344	99
31347	99
31356	99
31367	99
31409	99
31420	99
31426	99
31427	99
31444	99
31453	99
31457	99
31458	99
31480	99
31495	99
31515	99
31516	99
31518	99
31521	99
31522	99
31533	99
31541	99
31548	99
31563	99
31564	99
31572	99
31585	99
31586	99
31591	99
31594	99
31596	99
31606	99
31607	99
31614	99
31617	99
31621	99
31622	99
31628	99
31635	99
31644	99
31646	99
31654	99
31665	99
31667	99
31671	99
31680	99
31687	99
31702	99
31715	99
31729	99
31755	99
31773	99
31799	99
31837	99
31846	99
31857	99
31880	99
31920	99
31930	99
31931	99
31941	99
31966	99
31978	99
32018	99
32031	99
32045	99
32048	99
32058	99
32059	99
32060	99
32063	99
32064	99
32111	99
32119	99
32126	99
32135	99
32137	99
32138	99
32142	99
32152	99
32160	99
32164	99
32191	99
32215	99
32219	99
32248	99
32249	99
32251	99
32273	99
32278	99
32297	99
32316	99
32317	99
32328	99
32340	99
32356	99
32358	99
32362	99
32364	99
32368	99
32369	99
32370	99
32384	99
32385	99
32400	99
32405	99
32408	99
32443	99
32454	99
32464	99
32473	99
32480	99
32485	99
32494	99
32510	99
32527	99
32551	99
32585	99
32597	99
32598	99
32626	99
32634	99
32636	99
32642	99
32648	99
32650	99
32703	99
32704	99
32709	99
32721	99
32728	99
32733	99
32779	99
32782	99
32806	99
32837	99
32852	99
32853	99
32868	99
32875	99
32877	99
32882	99
32887	99
32891	99
32896	99
32918	99
32929	99
32943	99
32950	99
32955	99
32997	99
33001	99
33023	99
33024	99
33029	99
33045	99
33059	99
33071	99
33080	99
33088	99
33104	99
33108	99
33110	99
33117	99
33121	99
33142	99
33146	99
33150	99
33153	99
33160	99
33167	99
33195	99
33197	99
33212	99
33234	99
33243	99
33247	99
33269	99
33276	99
33292	99
33318	99
33320	99
33331	99
33348	99
33357	99
33364	99
33380	99
33394	99
33405	99
33412	99
33413	99
33414	99
33420	99
33426	99
33434	99
33435	99
33438	99
33458	99
33464	99
33477	99
33493	99
33499	99
33522	99
33529	99
33537	99
33543	99
33563	99
33589	99
33591	99
33627	99
33631	99
33632	99
33635	99
33655	99
33664	99
33668	99
33669	99
33688	99
33693	99
33694	99
33735	99
33754	99
33757	99
33758	99
33765	99
33771	99
33780	99
33782	99
33787	99
33797	99
33814	99
33817	99
33843	99
33853	99
33857	99
33871	99
33878	99
33891	99
33900	99
33915	99
33932	99
33936	99
33987	99
33993	99
33999	99
34016	99
34019	99
34021	99
34027	99
34039	99
34046	99
34056	99
34074	99
34088	99
34095	99
34104	99
34112	99
34114	99
34131	99
34147	99
34148	99
34156	99
34159	99
34168	99
34184	99
34188	99
34215	99
34216	99
34219	99
34228	99
34231	99
34235	99
34237	99
34247	99
34252	99
34271	99
34284	99
34298	99
34300	99
34310	99
34315	99
34316	99
34350	99
34361	99
34365	99
34397	99
34399	99
34404	99
34414	99
34415	99
34422	99
34426	99
34433	99
34434	99
34444	99
34447	99
34468	99
34469	99
34477	99
34479	99
34487	99
34503	99
34511	99
34523	99
34548	99
34559	99
34568	99
34580	99
34591	99
34610	99
34620	99
34630	99
34642	99
34645	99
34646	99
34650	99
34652	99
34667	99
34672	99
34673	99
34676	99
34686	99
34706	99
34708	99
34709	99
34717	99
34730	99
34742	99
34755	99
34787	99
34790	99
34793	99
34804	99
34812	99
34816	99
34841	99
34859	99
34862	99
34864	99
34866	99
34868	99
34874	99
34895	99
34901	99
34908	99
34914	99
34917	99
34918	99
34924	99
34938	99
34951	99
34959	99
34989	99
35014	99
35044	99
35058	99
35060	99
35095	99
35099	99
35101	99
35102	99
35114	99
35162	99
35184	99
35199	99
35211	99
35215	99
35223	99
35224	99
35232	99
35237	99
35240	99
35241	99
35254	99
35259	99
35262	99
35279	99
35287	99
35319	99
35343	99
35344	99
35351	99
35367	99
35386	99
35394	99
35400	99
35407	99
35420	99
35430	99
35434	99
35449	99
35464	99
35475	99
35487	99
35490	99
35502	99
35517	99
35539	99
35554	99
35559	99
35569	99
35578	99
35584	99
35588	99
35602	99
35658	99
35678	99
35684	99
35686	99
35687	99
35708	99
35710	99
35713	99
35754	99
35758	99
35759	99
35761	99
35768	99
35771	99
35810	99
35829	99
35850	99
35859	99
35866	99
35872	99
35897	99
35899	99
35903	99
35927	99
35943	99
35946	99
35989	99
35992	99
35993	99
36031	99
36038	99
36040	99
36043	99
36049	99
36051	99
36077	99
36088	99
36117	99
36143	99
36146	99
36157	99
36167	99
36173	99
36203	99
36208	99
36209	99
36219	99
36224	99
36233	99
36241	99
36252	99
36266	99
36270	99
36272	99
36276	99
36305	99
36315	99
36334	99
36338	99
36351	99
36354	99
36360	99
36368	99
36369	99
36380	99
36382	99
36385	99
36390	99
36398	99
36408	99
36412	99
36420	99
36443	99
36451	99
36454	99
36480	99
36492	99
36496	99
36502	99
36518	99
36529	99
36532	99
36538	99
36545	99
36558	99
36559	99
36561	99
36566	99
36580	99
36607	99
36638	99
36641	99
36648	99
36654	99
36656	99
36660	99
36669	99
36672	99
36682	99
36700	99
36708	99
36709	99
36728	99
36745	99
36747	99
36769	99
36777	99
36793	99
36810	99
36813	99
36831	99
36832	99
36837	99
36860	99
36882	99
36888	99
36889	99
36909	99
36921	99
36922	99
36923	99
36927	99
36951	99
36968	99
36981	99
36986	99
37006	99
37009	99
37010	99
37017	99
37025	99
37035	99
37076	99
37095	99
37097	99
37111	99
37128	99
37158	99
37165	99
37186	99
37240	99
37261	99
37266	99
37271	99
37293	99
37316	99
37318	99
37333	99
37351	99
37396	99
37437	99
37487	99
37488	99
37489	99
37492	99
37534	99
37538	99
37548	99
37558	99
37559	99
37563	99
37577	99
37589	99
37593	99
37598	99
37599	99
37614	99
37623	99
37635	99
37639	99
37648	99
37656	99
37661	99
37679	99
37683	99
37708	99
37720	99
37731	99
37740	99
37742	99
37763	99
37764	99
37771	99
37781	99
37802	99
37805	99
37820	99
37835	99
37845	99
37868	99
37870	99
37874	99
37881	99
37886	99
37931	99
37945	99
37966	99
37969	99
37970	99
37989	99
37995	99
38062	99
38063	99
38087	99
38101	99
38110	99
38142	99
38173	99
38177	99
38185	99
38214	99
38227	99
38229	99
38237	99
38241	99
38242	99
38255	99
38262	99
38288	99
38289	99
38300	99
38303	99
38305	99
38329	99
38337	99
38353	99
38358	99
38365	99
38369	99
38380	99
38385	99
38398	99
38414	99
38445	99
38448	99
38461	99
38462	99
38472	99
38474	99
38504	99
38518	99
38535	99
38536	99
38542	99
38547	99
38548	99
38570	99
38572	99
38576	99
38597	99
38599	99
38608	99
38626	99
38645	99
38652	99
38662	99
38683	99
38694	99
38705	99
38722	99
38740	99
38745	99
38748	99
38772	99
38781	99
38821	99
38823	99
38829	99
38839	99
38840	99
38842	99
38846	99
38850	99
38877	99
38880	99
38893	99
38897	99
38905	99
38907	99
38914	99
38927	99
38937	99
38945	99
38954	99
38964	99
38965	99
38980	99
38990	99
39000	99
39008	99
39012	99
39028	99
39036	99
39042	99
39062	99
39082	99
39088	99
39093	99
39095	99
39111	99
39114	99
39115	99
39171	99
39181	99
39197	99
39209	99
39228	99
39237	99
39242	99
39256	99
39258	99
39288	99
39293	99
39303	99
39345	99
39354	99
39368	99
39374	99
39385	99
39389	99
39406	99
39416	99
39430	99
39456	99
39467	99
39483	99
39487	99
39502	99
39507	99
39508	99
39518	99
39521	99
39579	99
39580	99
39588	99
39592	99
39598	99
39601	99
39636	99
39637	99
39639	99
39686	99
39693	99
39695	99
39698	99
39715	99
39739	99
39742	99
39746	99
39756	99
39766	99
39772	99
39785	99
39817	99
39820	99
39836	99
39845	99
39866	99
39888	99
39903	99
39905	99
39908	99
39928	99
39934	99
39941	99
39979	99
39981	99
40001	99
40005	99
40006	99
40035	99
40061	99
40091	99
40095	99
40104	99
40117	99
40150	99
40156	99
40160	99
40197	99
40198	99
40211	99
40228	99
40229	99
40242	99
40247	99
40260	99
40270	99
40277	99
40278	99
40281	99
40300	99
40304	99
40335	99
40339	99
40389	99
40396	99
40402	99
40413	99
40420	99
40452	99
40454	99
40464	99
40481	99
40486	99
40493	99
40501	99
40513	99
40531	99
40542	99
40548	99
40568	99
40595	99
40629	99
40632	99
40635	99
40639	99
40649	99
40667	99
40671	99
40674	99
40701	99
40705	99
40727	99
40731	99
40773	99
40776	99
40788	99
40799	99
40804	99
40833	99
40898	99
40900	99
40911	99
40913	99
40948	99
40954	99
40966	99
40975	99
40978	99
40984	99
40992	99
40998	99
41006	99
41008	99
41009	99
41023	99
41035	99
41048	99
41064	99
41121	99
41132	99
41137	99
41154	99
41158	99
41180	99
41207	99
41218	99
41221	99
41233	99
41245	99
41247	99
41273	99
41289	99
41292	99
41297	99
41321	99
41358	99
41369	99
41370	99
41385	99
41386	99
41387	99
41393	99
41400	99
41403	99
41406	99
41407	99
41420	99
41441	99
41458	99
41473	99
41475	99
41482	99
41498	99
41500	99
41527	99
41537	99
41547	99
41558	99
41560	99
41576	99
41578	99
41583	99
41610	99
41629	99
41658	99
41669	99
41677	99
41688	99
41716	99
41726	99
41730	99
41745	99
41753	99
41778	99
41780	99
41806	99
41817	99
41846	99
41865	99
41891	99
41919	99
41939	99
41965	99
41985	99
42002	99
42014	99
42024	99
42028	99
42030	99
42032	99
42040	99
42053	99
42056	99
42075	99
42118	99
42126	99
42134	99
42135	99
42142	99
42144	99
42170	99
42177	99
42182	99
42191	99
42195	99
42202	99
42219	99
42228	99
42235	99
42267	99
42283	99
42301	99
42308	99
42329	99
42352	99
42356	99
42373	99
42388	99
42404	99
42427	99
42437	99
42439	99
42446	99
42454	99
42509	99
42524	99
42559	99
42582	99
42588	99
42605	99
42623	99
42630	99
42641	99
42644	99
42646	99
42663	99
42668	99
42690	99
42700	99
42711	99
42713	99
42717	99
42730	99
42763	99
42782	99
42795	99
42832	99
42836	99
42838	99
42854	99
42864	99
42880	99
42901	99
42922	99
42938	99
42939	99
42943	99
42948	99
42972	99
42993	99
43018	99
43032	99
43051	99
43055	99
43056	99
43057	99
43059	99
43086	99
43108	99
43123	99
43127	99
43182	99
43191	99
43194	99
43196	99
43198	99
43217	99
43245	99
43248	99
43256	99
43260	99
43287	99
43294	99
43300	99
43311	99
43339	99
43348	99
43366	99
43379	99
43407	99
43410	99
43414	99
43450	99
43452	99
43472	99
43477	99
43499	99
43518	99
43524	99
43532	99
43534	99
43538	99
43540	99
43545	99
43546	99
43560	99
43569	99
43583	99
43606	99
43610	99
43650	99
43672	99
43680	99
43688	99
43693	99
43701	99
43720	99
43727	99
43733	99
43742	99
43766	99
43780	99
43803	99
43814	99
43835	99
43869	99
43874	99
43881	99
43888	99
43890	99
43917	99
43922	99
43949	99
43950	99
43969	99
43971	99
43987	99
43990	99
43996	99
44028	99
44037	99
44038	99
44042	99
44056	99
44059	99
44066	99
44083	99
44098	99
44100	99
44113	99
44131	99
44150	99
44172	99
44178	99
44195	99
44205	99
44214	99
44223	99
44224	99
44231	99
44237	99
44244	99
44250	99
44251	99
44254	99
44257	99
44268	99
44297	99
44298	99
44310	99
44316	99
44342	99
44360	99
44361	99
44370	99
44391	99
44400	99
44405	99
44431	99
44443	99
44463	99
44473	99
44474	99
44477	99
44506	99
44525	99
44539	99
44540	99
44542	99
44544	99
44545	99
44553	99
44569	99
44570	99
44597	99
44604	99
44611	99
44629	99
44630	99
44633	99
44636	99
44665	99
44666	99
44671	99
44675	99
44691	99
44729	99
44735	99
44737	99
44743	99
44765	99
44768	99
44769	99
44770	99
44776	99
44794	99
44801	99
44804	99
44817	99
44837	99
44838	99
44850	99
44851	99
44861	99
44868	99
44879	99
44881	99
44894	99
44904	99
44929	99
44951	99
44959	99
44999	99
45009	99
45012	99
45022	99
45026	99
45029	99
45054	99
45077	99
45104	99
45115	99
45126	99
45143	99
45157	99
45164	99
45182	99
45227	99
45230	99
45233	99
45245	99
45246	99
45272	99
45280	99
45287	99
45299	99
45309	99
45310	99
45315	99
45316	99
45319	99
45348	99
45351	99
45391	99
45404	99
45408	99
45409	99
45418	99
45419	99
45428	99
45433	99
45439	99
45443	99
45454	99
45491	99
45516	99
45527	99
45628	99
45629	99
45640	99
45656	99
45668	99
45679	99
45693	99
45694	99
45702	99
45703	99
45715	99
45716	99
45720	99
45722	99
45724	99
45735	99
45750	99
45769	99
45773	99
45774	99
45789	99
45798	99
45805	99
45811	99
45812	99
45817	99
45827	99
45846	99
45909	99
45923	99
45933	99
45938	99
45947	99
45958	99
45959	99
45970	99
45974	99
46009	99
46016	99
46022	99
46023	99
46032	99
46036	99
46038	99
46046	99
46066	99
46075	99
46076	99
46078	99
46083	99
46103	99
46184	99
46192	99
46215	99
46216	99
46218	99
46240	99
46253	99
46255	99
46260	99
46291	99
46309	99
46331	99
46333	99
46367	99
46379	99
46380	99
46382	99
46383	99
46388	99
46392	99
46400	99
46401	99
46404	99
46412	99
46423	99
46441	99
46446	99
46452	99
46455	99
46457	99
46459	99
46491	99
46503	99
46512	99
46542	99
46547	99
46554	99
46559	99
46563	99
46566	99
46578	99
46587	99
46602	99
46608	99
46620	99
46628	99
46630	99
46642	99
46661	99
46670	99
46688	99
46693	99
46708	99
46709	99
46712	99
46723	99
46737	99
46753	99
46762	99
46771	99
46776	99
46778	99
46783	99
46787	99
46799	99
46812	99
46814	99
46830	99
46842	99
46843	99
46856	99
46874	99
46888	99
46892	99
46906	99
46919	99
46920	99
46934	99
46969	99
46972	99
46985	99
47016	99
47036	99
47042	99
47050	99
47055	99
47068	99
47079	99
47082	99
47092	99
47095	99
47100	99
47104	99
47110	99
47135	99
47142	99
47186	99
47216	99
47280	99
47308	99
47334	99
47347	99
47359	99
47385	99
47402	99
47416	99
47431	99
47433	99
47474	99
47481	99
47486	99
47493	99
47498	99
47501	99
47520	99
47521	99
47529	99
47536	99
47540	99
47545	99
47546	99
47552	99
47581	99
47596	99
47599	99
47601	99
47626	99
47650	99
47651	99
47670	99
47671	99
47673	99
47718	99
47729	99
47756	99
47778	99
47794	99
47803	99
47855	99
47894	99
47929	99
47931	99
47960	99
47969	99
47975	99
47988	99
48006	99
48030	99
48034	99
48043	99
48046	99
48064	99
48067	99
48069	99
48080	99
48087	99
48092	99
48109	99
48145	99
48147	99
48155	99
48156	99
48158	99
48172	99
48179	99
48203	99
48206	99
48238	99
48257	99
48260	99
48286	99
48287	99
48294	99
48297	99
48317	99
48350	99
48370	99
48383	99
48399	99
48409	99
48428	99
48432	99
48433	99
48439	99
48441	99
48443	99
48447	99
48468	99
48474	99
48485	99
48498	99
48529	99
48537	99
48541	99
48549	99
48574	99
48590	99
48605	99
48621	99
48627	99
48649	99
48701	99
48710	99
48723	99
48733	99
48751	99
48759	99
48779	99
48800	99
48804	99
48809	99
48836	99
48847	99
48848	99
48871	99
48881	99
48906	99
48910	99
48926	99
48935	99
48937	99
48954	99
48957	99
48976	99
48982	99
48988	99
49018	99
49019	99
49020	99
49025	99
49028	99
49038	99
49071	99
49077	99
49103	99
49106	99
49154	99
49157	99
49159	99
49166	99
49183	99
49196	99
49211	99
49241	99
49263	99
49297	99
49302	99
49317	99
49340	99
49346	99
49348	99
49357	99
49359	99
49370	99
49377	99
49379	99
49381	99
49403	99
49405	99
49414	99
49415	99
49419	99
49423	99
49428	99
49429	99
49431	99
49435	99
49445	99
49450	99
49485	99
49488	99
49512	99
49515	99
49547	99
49548	99
49553	99
49554	99
49569	99
49595	99
49598	99
49599	99
49608	99
49612	99
49634	99
49656	99
49660	99
49683	99
49684	99
49687	99
49718	99
49739	99
49745	99
49765	99
49810	99
49818	99
49837	99
49858	99
49865	99
49869	99
49877	99
49896	99
49912	99
49914	99
49916	99
49920	99
49921	99
49932	99
49965	99
49966	99
49974	99
49987	99
22	98
26	98
30	98
35	98
36	98
47	98
76	98
124	98
133	98
151	98
169	98
181	98
203	98
210	98
235	98
237	98
245	98
246	98
255	98
261	98
281	98
306	98
376	98
404	98
405	98
428	98
432	98
452	98
463	98
471	98
498	98
512	98
523	98
528	98
543	98
548	98
551	98
570	98
598	98
608	98
625	98
636	98
640	98
646	98
669	98
695	98
705	98
728	98
732	98
734	98
745	98
748	98
752	98
755	98
770	98
772	98
800	98
809	98
819	98
847	98
853	98
863	98
864	98
880	98
891	98
899	98
910	98
923	98
934	98
943	98
950	98
951	98
959	98
969	98
974	98
982	98
994	98
1001	98
1004	98
1005	98
1009	98
1011	98
1013	98
1024	98
1027	98
1031	98
1036	98
1039	98
1044	98
1047	98
1053	98
1057	98
1064	98
1091	98
1092	98
1093	98
1108	98
1119	98
1129	98
1132	98
1136	98
1138	98
1143	98
1158	98
1160	98
1166	98
1169	98
1171	98
1183	98
1194	98
1205	98
1218	98
1221	98
1262	98
1269	98
1282	98
1285	98
1288	98
1298	98
1319	98
1321	98
1323	98
1353	98
1362	98
1370	98
1372	98
1377	98
1396	98
1403	98
1412	98
1416	98
1432	98
1439	98
1452	98
1463	98
1471	98
1498	98
1530	98
1558	98
1559	98
1576	98
1595	98
1601	98
1603	98
1616	98
1635	98
1644	98
1645	98
1647	98
1727	98
1734	98
1750	98
1768	98
1770	98
1771	98
1811	98
1828	98
1838	98
1847	98
1876	98
1878	98
1882	98
1887	98
1890	98
1905	98
1923	98
1941	98
1983	98
1989	98
2004	98
2013	98
2018	98
2019	98
2023	98
2028	98
2059	98
2069	98
2075	98
2087	98
2091	98
2131	98
2135	98
2151	98
2167	98
2169	98
2172	98
2173	98
2205	98
2227	98
2245	98
2254	98
2270	98
2279	98
2300	98
2329	98
2330	98
2335	98
2344	98
2349	98
2364	98
2385	98
2400	98
2414	98
2448	98
2460	98
2500	98
2518	98
2529	98
2595	98
2631	98
2665	98
2675	98
2692	98
2705	98
2712	98
2713	98
2724	98
2732	98
2737	98
2745	98
2769	98
2777	98
2778	98
2803	98
2804	98
2812	98
2822	98
2826	98
2830	98
2832	98
2850	98
2895	98
2916	98
2922	98
2934	98
2947	98
2986	98
3054	98
3056	98
3071	98
3078	98
3101	98
3126	98
3157	98
3166	98
3172	98
3178	98
3186	98
3194	98
3240	98
3254	98
3264	98
3266	98
3282	98
3305	98
3318	98
3323	98
3338	98
3344	98
3352	98
3388	98
3401	98
3411	98
3417	98
3431	98
3432	98
3443	98
3445	98
3458	98
3476	98
3495	98
3542	98
3552	98
3554	98
3558	98
3566	98
3567	98
3583	98
3597	98
3606	98
3609	98
3656	98
3679	98
3680	98
3693	98
3703	98
3717	98
3730	98
3758	98
3761	98
3788	98
3791	98
3798	98
3816	98
3824	98
3826	98
3839	98
3845	98
3876	98
3938	98
3946	98
3947	98
3954	98
3970	98
3975	98
3976	98
3993	98
4066	98
4070	98
4077	98
4083	98
4085	98
4116	98
4120	98
4130	98
4158	98
4180	98
4186	98
4190	98
4192	98
4198	98
4199	98
4240	98
4245	98
4293	98
4295	98
4296	98
4311	98
4323	98
4364	98
4368	98
4372	98
4383	98
4398	98
4410	98
4421	98
4430	98
4437	98
4474	98
4484	98
4491	98
4493	98
4523	98
4531	98
4550	98
4563	98
4571	98
4576	98
4606	98
4608	98
4613	98
4616	98
4625	98
4660	98
4666	98
4670	98
4672	98
4673	98
4674	98
4682	98
4683	98
4687	98
4710	98
4718	98
4804	98
4805	98
4837	98
4841	98
4848	98
4861	98
4864	98
4897	98
4907	98
4908	98
4914	98
4917	98
4930	98
4935	98
4951	98
4954	98
4971	98
5019	98
5038	98
5040	98
5050	98
5091	98
5099	98
5101	98
5143	98
5160	98
5178	98
5200	98
5209	98
5213	98
5218	98
5222	98
5252	98
5260	98
5282	98
5294	98
5309	98
5327	98
5334	98
5345	98
5347	98
5359	98
5361	98
5364	98
5401	98
5409	98
5414	98
5421	98
5452	98
5458	98
5462	98
5491	98
5493	98
5504	98
5522	98
5523	98
5548	98
5554	98
5557	98
5570	98
5587	98
5596	98
5606	98
5607	98
5609	98
5611	98
5614	98
5623	98
5634	98
5657	98
5660	98
5733	98
5734	98
5736	98
5742	98
5743	98
5752	98
5755	98
5764	98
5773	98
5782	98
5795	98
5797	98
5802	98
5805	98
5807	98
5828	98
5840	98
5844	98
5849	98
5866	98
5892	98
5912	98
5933	98
5946	98
5972	98
5981	98
5989	98
5995	98
6003	98
6008	98
6021	98
6044	98
6049	98
6050	98
6064	98
6070	98
6085	98
6089	98
6100	98
6110	98
6115	98
6116	98
6123	98
6151	98
6166	98
6175	98
6178	98
6181	98
6182	98
6185	98
6201	98
6232	98
6244	98
6253	98
6262	98
6274	98
6281	98
6307	98
6308	98
6313	98
6321	98
6340	98
6349	98
6356	98
6361	98
6369	98
6374	98
6380	98
6389	98
6400	98
6406	98
6409	98
6417	98
6426	98
6437	98
6440	98
6458	98
6466	98
6474	98
6475	98
6503	98
6567	98
6579	98
6584	98
6594	98
6636	98
6637	98
6656	98
6663	98
6680	98
6689	98
6690	98
6695	98
6714	98
6743	98
6750	98
6814	98
6831	98
6839	98
6852	98
6878	98
6901	98
6940	98
6946	98
6947	98
6954	98
6965	98
6969	98
6974	98
6979	98
6981	98
6996	98
7011	98
7020	98
7028	98
7038	98
7054	98
7059	98
7129	98
7151	98
7155	98
7187	98
7211	98
7235	98
7239	98
7242	98
7246	98
7265	98
7277	98
7283	98
7317	98
7356	98
7423	98
7444	98
7451	98
7471	98
7474	98
7511	98
7527	98
7528	98
7536	98
7548	98
7550	98
7575	98
7583	98
7609	98
7614	98
7618	98
7644	98
7650	98
7655	98
7660	98
7723	98
7725	98
7730	98
7749	98
7762	98
7764	98
7787	98
7806	98
7820	98
7835	98
7840	98
7850	98
7864	98
7867	98
7892	98
7894	98
7905	98
7919	98
7926	98
7957	98
7958	98
7970	98
7979	98
7982	98
8001	98
8011	98
8025	98
8032	98
8038	98
8040	98
8043	98
8048	98
8057	98
8058	98
8072	98
8081	98
8099	98
8118	98
8126	98
8132	98
8139	98
8163	98
8172	98
8204	98
8208	98
8214	98
8217	98
8223	98
8235	98
8242	98
8243	98
8253	98
8261	98
8263	98
8264	98
8268	98
8270	98
8277	98
8298	98
8334	98
8336	98
8341	98
8345	98
8352	98
8378	98
8383	98
8392	98
8408	98
8413	98
8415	98
8459	98
8523	98
8558	98
8560	98
8585	98
8588	98
8595	98
8599	98
8613	98
8614	98
8661	98
8670	98
8682	98
8730	98
8742	98
8750	98
8753	98
8771	98
8775	98
8780	98
8795	98
8833	98
8836	98
8839	98
8844	98
8855	98
8867	98
8868	98
8877	98
8879	98
8882	98
8898	98
8911	98
8923	98
8936	98
8941	98
8969	98
8984	98
8987	98
9011	98
9037	98
9039	98
9055	98
9077	98
9078	98
9085	98
9105	98
9134	98
9165	98
9188	98
9203	98
9204	98
9215	98
9217	98
9236	98
9260	98
9271	98
9276	98
9295	98
9296	98
9303	98
9325	98
9328	98
9329	98
9349	98
9355	98
9371	98
9375	98
9400	98
9430	98
9431	98
9437	98
9457	98
9466	98
9473	98
9483	98
9499	98
9515	98
9518	98
9546	98
9555	98
9581	98
9587	98
9591	98
9616	98
9635	98
9641	98
9645	98
9654	98
9675	98
9683	98
9723	98
9724	98
9726	98
9736	98
9738	98
9775	98
9778	98
9812	98
9816	98
9819	98
9829	98
9836	98
9860	98
9870	98
9871	98
9886	98
9896	98
9913	98
9915	98
9937	98
9941	98
9946	98
9949	98
9962	98
9974	98
9975	98
9980	98
9982	98
9996	98
9999	98
10001	98
10006	98
10009	98
10010	98
10013	98
10020	98
10035	98
10041	98
10044	98
10053	98
10057	98
10067	98
10104	98
10117	98
10118	98
10141	98
10143	98
10175	98
10178	98
10180	98
10190	98
10195	98
10214	98
10215	98
10234	98
10241	98
10263	98
10278	98
10279	98
10288	98
10306	98
10318	98
10322	98
10339	98
10350	98
10384	98
10391	98
10410	98
10422	98
10428	98
10449	98
10462	98
10469	98
10492	98
10503	98
10508	98
10525	98
10535	98
10572	98
10583	98
10586	98
10592	98
10593	98
10617	98
10652	98
10655	98
10664	98
10683	98
10706	98
10717	98
10730	98
10736	98
10764	98
10766	98
10801	98
10808	98
10810	98
10877	98
10892	98
10893	98
10896	98
10907	98
10918	98
10941	98
10945	98
10947	98
10987	98
10989	98
10993	98
10998	98
11021	98
11034	98
11036	98
11048	98
11055	98
11061	98
11063	98
11077	98
11146	98
11152	98
11164	98
11178	98
11184	98
11197	98
11202	98
11212	98
11225	98
11235	98
11246	98
11247	98
11267	98
11277	98
11296	98
11304	98
11350	98
11377	98
11426	98
11440	98
11446	98
11452	98
11459	98
11468	98
11473	98
11480	98
11509	98
11515	98
11565	98
11583	98
11587	98
11598	98
11601	98
11634	98
11653	98
11665	98
11684	98
11692	98
11705	98
11725	98
11729	98
11738	98
11754	98
11760	98
11821	98
11829	98
11830	98
11839	98
11851	98
11857	98
11869	98
11873	98
11879	98
11886	98
11897	98
11901	98
11902	98
11907	98
11925	98
11930	98
11931	98
11939	98
11941	98
11958	98
11963	98
11997	98
12027	98
12037	98
12072	98
12075	98
12083	98
12084	98
12087	98
12092	98
12094	98
12127	98
12134	98
12140	98
12143	98
12173	98
12191	98
12198	98
12229	98
12239	98
12245	98
12249	98
12250	98
12255	98
12295	98
12315	98
12318	98
12337	98
12353	98
12359	98
12367	98
12372	98
12380	98
12401	98
12407	98
12444	98
12446	98
12449	98
12453	98
12463	98
12466	98
12468	98
12515	98
12517	98
12519	98
12526	98
12538	98
12548	98
12549	98
12561	98
12570	98
12590	98
12602	98
12611	98
12615	98
12629	98
12636	98
12664	98
12665	98
12669	98
12673	98
12679	98
12690	98
12693	98
12730	98
12775	98
12776	98
12779	98
12799	98
12837	98
12851	98
12855	98
12859	98
12872	98
12874	98
12877	98
12895	98
12898	98
12912	98
12916	98
12935	98
12945	98
12997	98
13001	98
13004	98
13021	98
13028	98
13041	98
13096	98
13104	98
13115	98
13136	98
13147	98
13148	98
13186	98
13193	98
13221	98
13226	98
13229	98
13234	98
13245	98
13262	98
13282	98
13289	98
13316	98
13322	98
13342	98
13353	98
13357	98
13360	98
13373	98
13376	98
13381	98
13385	98
13404	98
13424	98
13437	98
13472	98
13474	98
13480	98
13489	98
13493	98
13515	98
13527	98
13530	98
13532	98
13543	98
13557	98
13563	98
13567	98
13568	98
13596	98
13597	98
13620	98
13639	98
13649	98
13660	98
13671	98
13677	98
13713	98
13734	98
13743	98
13764	98
13819	98
13821	98
13842	98
13860	98
13878	98
13879	98
13891	98
13896	98
13905	98
13909	98
13970	98
13977	98
13990	98
14038	98
14042	98
14052	98
14078	98
14093	98
14131	98
14133	98
14162	98
14166	98
14173	98
14213	98
14221	98
14242	98
14252	98
14269	98
14279	98
14280	98
14287	98
14315	98
14318	98
14328	98
14329	98
14333	98
14334	98
14345	98
14347	98
14372	98
14390	98
14396	98
14407	98
14439	98
14453	98
14454	98
14465	98
14505	98
14507	98
14513	98
14528	98
14532	98
14550	98
14552	98
14587	98
14612	98
14613	98
14660	98
14672	98
14678	98
14697	98
14699	98
14734	98
14751	98
14759	98
14763	98
14803	98
14813	98
14825	98
14830	98
14875	98
14880	98
14893	98
14898	98
14909	98
14912	98
14918	98
14931	98
14941	98
14945	98
14949	98
14965	98
14986	98
14993	98
15000	98
15003	98
15008	98
15034	98
15046	98
15057	98
15060	98
15070	98
15072	98
15074	98
15077	98
15097	98
15123	98
15138	98
15146	98
15178	98
15191	98
15202	98
15204	98
15212	98
15215	98
15238	98
15272	98
15291	98
15304	98
15323	98
15348	98
15352	98
15358	98
15387	98
15397	98
15431	98
15439	98
15452	98
15453	98
15479	98
15481	98
15484	98
15502	98
15509	98
15518	98
15526	98
15527	98
15529	98
15531	98
15560	98
15581	98
15594	98
15597	98
15611	98
15619	98
15625	98
15631	98
15636	98
15647	98
15659	98
15663	98
15685	98
15692	98
15706	98
15707	98
15725	98
15728	98
15735	98
15741	98
15755	98
15778	98
15782	98
15783	98
15788	98
15827	98
15849	98
15851	98
15862	98
15864	98
15869	98
15875	98
15887	98
15890	98
15912	98
15914	98
15951	98
15956	98
15960	98
15969	98
15973	98
15983	98
16021	98
16045	98
16050	98
16051	98
16056	98
16069	98
16071	98
16106	98
16138	98
16217	98
16230	98
16236	98
16238	98
16241	98
16250	98
16266	98
16277	98
16303	98
16313	98
16332	98
16333	98
16343	98
16346	98
16354	98
16386	98
16387	98
16406	98
16420	98
16478	98
16485	98
16569	98
16581	98
16588	98
16599	98
16624	98
16630	98
16636	98
16647	98
16661	98
16662	98
16671	98
16675	98
16677	98
16707	98
16719	98
16730	98
16747	98
16752	98
16754	98
16775	98
16788	98
16824	98
16832	98
16835	98
16851	98
16866	98
16874	98
16884	98
16894	98
16900	98
16915	98
16932	98
16933	98
16938	98
16947	98
16976	98
16985	98
16995	98
17003	98
17013	98
17024	98
17038	98
17040	98
17045	98
17050	98
17065	98
17097	98
17100	98
17102	98
17126	98
17141	98
17167	98
17174	98
17181	98
17207	98
17217	98
17236	98
17240	98
17246	98
17295	98
17305	98
17314	98
17332	98
17357	98
17381	98
17387	98
17402	98
17405	98
17433	98
17439	98
17447	98
17452	98
17465	98
17473	98
17498	98
17503	98
17512	98
17513	98
17519	98
17524	98
17531	98
17540	98
17546	98
17548	98
17555	98
17571	98
17585	98
17610	98
17614	98
17617	98
17618	98
17631	98
17635	98
17638	98
17650	98
17666	98
17674	98
17683	98
17691	98
17694	98
17742	98
17759	98
17778	98
17803	98
17814	98
17827	98
17834	98
17855	98
17917	98
17976	98
18019	98
18022	98
18024	98
18025	98
18050	98
18053	98
18071	98
18079	98
18122	98
18125	98
18141	98
18167	98
18179	98
18185	98
18197	98
18208	98
18219	98
18232	98
18236	98
18268	98
18269	98
18274	98
18280	98
18295	98
18308	98
18316	98
18317	98
18335	98
18336	98
18360	98
18363	98
18365	98
18380	98
18382	98
18403	98
18423	98
18425	98
18433	98
18450	98
18499	98
18503	98
18506	98
18510	98
18512	98
18529	98
18540	98
18541	98
18546	98
18554	98
18586	98
18599	98
18607	98
18620	98
18628	98
18633	98
18635	98
18644	98
18647	98
18650	98
18669	98
18675	98
18688	98
18691	98
18692	98
18704	98
18713	98
18745	98
18750	98
18762	98
18801	98
18811	98
18820	98
18822	98
18827	98
18830	98
18879	98
18884	98
18901	98
18906	98
18920	98
18921	98
18936	98
18948	98
18955	98
18968	98
18980	98
18982	98
18990	98
18996	98
18998	98
19014	98
19015	98
19026	98
19057	98
19110	98
19114	98
19129	98
19136	98
19139	98
19201	98
19206	98
19207	98
19210	98
19216	98
19219	98
19223	98
19239	98
19255	98
19264	98
19307	98
19312	98
19325	98
19333	98
19335	98
19339	98
19361	98
19370	98
19374	98
19378	98
19393	98
19399	98
19420	98
19426	98
19438	98
19439	98
19464	98
19562	98
19570	98
19602	98
19617	98
19635	98
19639	98
19707	98
19730	98
19737	98
19775	98
19778	98
19782	98
19798	98
19812	98
19833	98
19851	98
19855	98
19857	98
19870	98
19874	98
19879	98
19896	98
19902	98
19917	98
19921	98
19950	98
19969	98
20010	98
20012	98
20021	98
20034	98
20043	98
20050	98
20070	98
20081	98
20087	98
20088	98
20091	98
20106	98
20120	98
20147	98
20179	98
20189	98
20190	98
20197	98
20228	98
20251	98
20254	98
20265	98
20282	98
20283	98
20307	98
20321	98
20330	98
20363	98
20370	98
20372	98
20376	98
20379	98
20384	98
20399	98
20406	98
20408	98
20409	98
20410	98
20414	98
20431	98
20444	98
20448	98
20449	98
20452	98
20482	98
20487	98
20491	98
20494	98
20506	98
20519	98
20527	98
20542	98
20543	98
20545	98
20582	98
20589	98
20602	98
20606	98
20637	98
20673	98
20680	98
20697	98
20700	98
20702	98
20705	98
20716	98
20717	98
20729	98
20732	98
20739	98
20744	98
20752	98
20758	98
20790	98
20812	98
20818	98
20823	98
20831	98
20845	98
20871	98
20896	98
20906	98
20931	98
20940	98
20943	98
20985	98
21006	98
21022	98
21023	98
21053	98
21054	98
21090	98
21097	98
21123	98
21134	98
21143	98
21145	98
21196	98
21197	98
21208	98
21211	98
21217	98
21237	98
21238	98
21277	98
21314	98
21316	98
21339	98
21345	98
21352	98
21363	98
21365	98
21379	98
21389	98
21391	98
21402	98
21440	98
21447	98
21449	98
21465	98
21480	98
21483	98
21500	98
21501	98
21510	98
21513	98
21514	98
21531	98
21539	98
21544	98
21603	98
21604	98
21615	98
21620	98
21634	98
21647	98
21665	98
21668	98
21670	98
21673	98
21685	98
21691	98
21718	98
21721	98
21723	98
21741	98
21794	98
21810	98
21833	98
21841	98
21848	98
21853	98
21855	98
21888	98
21903	98
21929	98
21983	98
22007	98
22011	98
22018	98
22028	98
22042	98
22128	98
22141	98
22148	98
22172	98
22176	98
22199	98
22225	98
22226	98
22230	98
22244	98
22254	98
22255	98
22272	98
22276	98
22307	98
22312	98
22317	98
22318	98
22322	98
22336	98
22339	98
22341	98
22344	98
22370	98
22378	98
22384	98
22385	98
22393	98
22412	98
22415	98
22416	98
22417	98
22426	98
22432	98
22441	98
22453	98
22461	98
22467	98
22470	98
22483	98
22489	98
22522	98
22527	98
22530	98
22571	98
22573	98
22576	98
22580	98
22602	98
22623	98
22624	98
22645	98
22653	98
22665	98
22668	98
22674	98
22692	98
22712	98
22725	98
22735	98
22760	98
22762	98
22764	98
22804	98
22837	98
22849	98
22860	98
22881	98
22905	98
22928	98
22933	98
22984	98
23017	98
23031	98
23034	98
23035	98
23041	98
23048	98
23055	98
23059	98
23061	98
23075	98
23076	98
23142	98
23152	98
23154	98
23155	98
23180	98
23188	98
23204	98
23244	98
23247	98
23257	98
23288	98
23302	98
23307	98
23313	98
23316	98
23317	98
23337	98
23340	98
23341	98
23342	98
23389	98
23395	98
23407	98
23456	98
23466	98
23478	98
23489	98
23491	98
23496	98
23498	98
23515	98
23535	98
23539	98
23551	98
23559	98
23560	98
23594	98
23597	98
23613	98
23649	98
23659	98
23662	98
23672	98
23673	98
23710	98
23717	98
23725	98
23737	98
23740	98
23763	98
23778	98
23783	98
23792	98
23809	98
23816	98
23819	98
23823	98
23833	98
23853	98
23874	98
23887	98
23898	98
23900	98
23905	98
23921	98
23932	98
23943	98
23949	98
23952	98
23957	98
24007	98
24045	98
24053	98
24071	98
24084	98
24095	98
24111	98
24113	98
24128	98
24136	98
24139	98
24163	98
24196	98
24226	98
24234	98
24279	98
24313	98
24325	98
24327	98
24349	98
24359	98
24377	98
24388	98
24395	98
24403	98
24407	98
24411	98
24426	98
24444	98
24445	98
24453	98
24455	98
24463	98
24494	98
24517	98
24518	98
24526	98
24545	98
24567	98
24591	98
24594	98
24625	98
24626	98
24627	98
24635	98
24646	98
24650	98
24681	98
24682	98
24707	98
24719	98
24722	98
24730	98
24735	98
24737	98
24741	98
24744	98
24749	98
24781	98
24787	98
24850	98
24855	98
24857	98
24860	98
24883	98
24900	98
24920	98
24941	98
24955	98
24967	98
24971	98
24976	98
24991	98
25008	98
25031	98
25063	98
25079	98
25093	98
25094	98
25099	98
25101	98
25155	98
25176	98
25188	98
25213	98
25261	98
25272	98
25289	98
25292	98
25293	98
25295	98
25307	98
25339	98
25342	98
25351	98
25354	98
25370	98
25378	98
25381	98
25384	98
25409	98
25455	98
25462	98
25464	98
25474	98
25512	98
25560	98
25587	98
25605	98
25619	98
25628	98
25638	98
25678	98
25690	98
25697	98
25705	98
25708	98
25713	98
25721	98
25734	98
25792	98
25806	98
25816	98
25825	98
25838	98
25876	98
25890	98
25897	98
25912	98
25920	98
25929	98
25931	98
25960	98
25967	98
25980	98
25981	98
25998	98
26000	98
26012	98
26017	98
26030	98
26045	98
26066	98
26072	98
26075	98
26076	98
26099	98
26115	98
26122	98
26128	98
26129	98
26146	98
26148	98
26154	98
26175	98
26214	98
26219	98
26233	98
26237	98
26244	98
26263	98
26268	98
26298	98
26305	98
26322	98
26349	98
26352	98
26356	98
26384	98
26396	98
26402	98
26406	98
26416	98
26418	98
26419	98
26421	98
26426	98
26437	98
26449	98
26464	98
26487	98
26489	98
26491	98
26513	98
26518	98
26523	98
26547	98
26555	98
26558	98
26592	98
26595	98
26596	98
26612	98
26641	98
26681	98
26702	98
26703	98
26708	98
26727	98
26748	98
26761	98
26762	98
26794	98
26813	98
26818	98
26823	98
26862	98
26872	98
26885	98
26896	98
26919	98
26920	98
26936	98
26948	98
26993	98
27001	98
27008	98
27039	98
27046	98
27082	98
27087	98
27098	98
27107	98
27118	98
27125	98
27136	98
27147	98
27160	98
27184	98
27187	98
27201	98
27218	98
27222	98
27231	98
27251	98
27263	98
27288	98
27294	98
27307	98
27315	98
27318	98
27351	98
27391	98
27401	98
27402	98
27404	98
27428	98
27437	98
27461	98
27472	98
27519	98
27539	98
27549	98
27559	98
27562	98
27568	98
27592	98
27594	98
27620	98
27621	98
27624	98
27635	98
27659	98
27682	98
27729	98
27767	98
27778	98
27795	98
27819	98
27843	98
27844	98
27854	98
27859	98
27865	98
27892	98
27894	98
27904	98
27908	98
27929	98
27937	98
27958	98
27978	98
27981	98
28021	98
28035	98
28048	98
28104	98
28108	98
28117	98
28133	98
28134	98
28136	98
28138	98
28140	98
28142	98
28152	98
28161	98
28165	98
28173	98
28176	98
28203	98
28214	98
28216	98
28236	98
28247	98
28259	98
28260	98
28262	98
28272	98
28273	98
28278	98
28284	98
28286	98
28290	98
28299	98
28300	98
28301	98
28310	98
28318	98
28319	98
28329	98
28332	98
28333	98
28352	98
28360	98
28364	98
28365	98
28380	98
28396	98
28403	98
28455	98
28461	98
28469	98
28498	98
28501	98
28505	98
28507	98
28509	98
28515	98
28517	98
28556	98
28600	98
28631	98
28636	98
28649	98
28655	98
28683	98
28692	98
28704	98
28708	98
28724	98
28740	98
28770	98
28776	98
28816	98
28830	98
28862	98
28878	98
28903	98
28904	98
28922	98
28924	98
28929	98
28942	98
28943	98
28946	98
28958	98
28961	98
28965	98
28968	98
28972	98
28980	98
28981	98
28986	98
28999	98
29019	98
29030	98
29052	98
29084	98
29095	98
29106	98
29109	98
29115	98
29118	98
29138	98
29223	98
29250	98
29254	98
29260	98
29262	98
29267	98
29268	98
29278	98
29289	98
29290	98
29297	98
29332	98
29333	98
29342	98
29345	98
29355	98
29365	98
29372	98
29391	98
29392	98
29398	98
29400	98
29446	98
29475	98
29478	98
29487	98
29503	98
29513	98
29554	98
29578	98
29594	98
29614	98
29619	98
29648	98
29652	98
29659	98
29660	98
29669	98
29676	98
29679	98
29680	98
29686	98
29695	98
29700	98
29706	98
29708	98
29725	98
29757	98
29758	98
29769	98
29833	98
29885	98
29889	98
29895	98
29896	98
29901	98
29904	98
29909	98
29939	98
29944	98
29947	98
29994	98
30015	98
30021	98
30042	98
30051	98
30063	98
30071	98
30074	98
30089	98
30101	98
30124	98
30186	98
30188	98
30210	98
30233	98
30235	98
30270	98
30271	98
30276	98
30287	98
30300	98
30307	98
30328	98
30341	98
30356	98
30357	98
30388	98
30397	98
30402	98
30406	98
30416	98
30431	98
30452	98
30453	98
30454	98
30455	98
30456	98
30462	98
30474	98
30502	98
30510	98
30515	98
30529	98
30562	98
30567	98
30569	98
30589	98
30603	98
30607	98
30640	98
30642	98
30664	98
30681	98
30703	98
30704	98
30713	98
30736	98
30751	98
30753	98
30770	98
30791	98
30793	98
30795	98
30807	98
30808	98
30832	98
30834	98
30842	98
30858	98
30867	98
30877	98
30883	98
30885	98
30890	98
30892	98
30912	98
30915	98
30927	98
30979	98
30981	98
31013	98
31019	98
31040	98
31090	98
31091	98
31109	98
31119	98
31128	98
31131	98
31138	98
31160	98
31165	98
31169	98
31171	98
31195	98
31209	98
31216	98
31227	98
31250	98
31257	98
31261	98
31284	98
31285	98
31286	98
31301	98
31319	98
31334	98
31342	98
31343	98
31349	98
31370	98
31379	98
31380	98
31391	98
31395	98
31397	98
31398	98
31430	98
31441	98
31455	98
31456	98
31459	98
31460	98
31481	98
31492	98
31504	98
31512	98
31546	98
31558	98
31612	98
31613	98
31627	98
31636	98
31638	98
31674	98
31682	98
31691	98
31692	98
31699	98
31701	98
31705	98
31717	98
31722	98
31735	98
31759	98
31762	98
31765	98
31779	98
31785	98
31787	98
31788	98
31822	98
31835	98
31843	98
31860	98
31864	98
31876	98
31893	98
31894	98
31938	98
31955	98
31958	98
31998	98
32015	98
32023	98
32030	98
32043	98
32050	98
32051	98
32057	98
32061	98
32065	98
32076	98
32082	98
32084	98
32100	98
32115	98
32117	98
32139	98
32153	98
32171	98
32172	98
32173	98
32186	98
32194	98
32207	98
32227	98
32242	98
32260	98
32271	98
32280	98
32285	98
32299	98
32307	98
32323	98
32324	98
32336	98
32355	98
32380	98
32387	98
32395	98
32403	98
32409	98
32441	98
32449	98
32466	98
32503	98
32520	98
32534	98
32536	98
32537	98
32545	98
32546	98
32560	98
32563	98
32599	98
32606	98
32625	98
32631	98
32645	98
32670	98
32686	98
32689	98
32690	98
32693	98
32699	98
32706	98
32738	98
32746	98
32751	98
32759	98
32761	98
32776	98
32783	98
32797	98
32798	98
32799	98
32831	98
32832	98
32848	98
32855	98
32895	98
32907	98
32914	98
32931	98
32963	98
32976	98
32996	98
33000	98
33008	98
33011	98
33028	98
33037	98
33047	98
33060	98
33061	98
33074	98
33075	98
33116	98
33118	98
33158	98
33170	98
33173	98
33182	98
33185	98
33229	98
33235	98
33240	98
33252	98
33256	98
33259	98
33260	98
33268	98
33275	98
33284	98
33303	98
33308	98
33338	98
33355	98
33376	98
33385	98
33471	98
33475	98
33480	98
33483	98
33495	98
33496	98
33502	98
33507	98
33509	98
33523	98
33525	98
33535	98
33540	98
33542	98
33557	98
33561	98
33595	98
33597	98
33601	98
33606	98
33607	98
33652	98
33684	98
33687	98
33702	98
33705	98
33718	98
33740	98
33741	98
33747	98
33799	98
33803	98
33816	98
33822	98
33861	98
33904	98
33922	98
33923	98
33927	98
33929	98
33956	98
33962	98
33983	98
33984	98
34002	98
34026	98
34029	98
34030	98
34037	98
34052	98
34055	98
34067	98
34086	98
34094	98
34098	98
34106	98
34117	98
34153	98
34175	98
34180	98
34181	98
34183	98
34189	98
34193	98
34227	98
34266	98
34273	98
34279	98
34308	98
34314	98
34322	98
34335	98
34341	98
34342	98
34371	98
34373	98
34375	98
34379	98
34381	98
34405	98
34450	98
34452	98
34466	98
34482	98
34497	98
34504	98
34506	98
34515	98
34522	98
34540	98
34542	98
34576	98
34613	98
34617	98
34664	98
34665	98
34682	98
34727	98
34729	98
34732	98
34733	98
34734	98
34740	98
34746	98
34747	98
34749	98
34772	98
34789	98
34792	98
34808	98
34839	98
34849	98
34852	98
34855	98
34876	98
34886	98
34902	98
34937	98
34942	98
34961	98
34974	98
34982	98
34983	98
34988	98
34996	98
35001	98
35018	98
35023	98
35029	98
35039	98
35051	98
35075	98
35089	98
35098	98
35122	98
35138	98
35158	98
35169	98
35176	98
35191	98
35194	98
35209	98
35260	98
35274	98
35276	98
35306	98
35310	98
35320	98
35361	98
35362	98
35405	98
35424	98
35435	98
35437	98
35444	98
35452	98
35459	98
35469	98
35484	98
35485	98
35515	98
35521	98
35524	98
35534	98
35558	98
35560	98
35570	98
35573	98
35650	98
35656	98
35675	98
35715	98
35742	98
35744	98
35764	98
35781	98
35785	98
35806	98
35825	98
35843	98
35849	98
35855	98
35860	98
35865	98
35873	98
35874	98
35889	98
35891	98
35893	98
35917	98
35930	98
35933	98
35952	98
35954	98
35962	98
35964	98
35966	98
35977	98
35996	98
35997	98
36034	98
36044	98
36047	98
36048	98
36066	98
36087	98
36095	98
36108	98
36136	98
36137	98
36141	98
36164	98
36169	98
36181	98
36184	98
36189	98
36191	98
36221	98
36243	98
36256	98
36277	98
36284	98
36295	98
36318	98
36330	98
36341	98
36345	98
36366	98
36371	98
36374	98
36405	98
36456	98
36465	98
36499	98
36505	98
36510	98
36514	98
36541	98
36547	98
36549	98
36568	98
36571	98
36576	98
36591	98
36595	98
36598	98
36608	98
36610	98
36628	98
36635	98
36658	98
36681	98
36692	98
36731	98
36740	98
36742	98
36753	98
36756	98
36764	98
36790	98
36801	98
36858	98
36859	98
36861	98
36863	98
36864	98
36869	98
36886	98
36911	98
36934	98
36939	98
36941	98
36945	98
36957	98
37005	98
37019	98
37021	98
37039	98
37052	98
37058	98
37069	98
37073	98
37079	98
37092	98
37099	98
37113	98
37117	98
37119	98
37143	98
37152	98
37160	98
37178	98
37180	98
37210	98
37214	98
37227	98
37241	98
37256	98
37262	98
37288	98
37312	98
37330	98
37337	98
37338	98
37342	98
37345	98
37348	98
37358	98
37360	98
37370	98
37372	98
37377	98
37378	98
37393	98
37403	98
37416	98
37418	98
37425	98
37446	98
37448	98
37455	98
37461	98
37465	98
37494	98
37537	98
37560	98
37569	98
37576	98
37583	98
37584	98
37603	98
37605	98
37637	98
37651	98
37653	98
37671	98
37673	98
37713	98
37717	98
37749	98
37752	98
37753	98
37754	98
37759	98
37777	98
37782	98
37789	98
37791	98
37797	98
37866	98
37880	98
37908	98
37925	98
37926	98
37927	98
37930	98
37954	98
37964	98
37993	98
38006	98
38009	98
38020	98
38023	98
38037	98
38039	98
38061	98
38065	98
38081	98
38082	98
38088	98
38112	98
38138	98
38151	98
38156	98
38162	98
38182	98
38183	98
38186	98
38205	98
38217	98
38219	98
38225	98
38286	98
38293	98
38318	98
38324	98
38335	98
38338	98
38361	98
38389	98
38393	98
38394	98
38418	98
38427	98
38435	98
38439	98
38446	98
38466	98
38468	98
38479	98
38486	98
38490	98
38512	98
38513	98
38527	98
38538	98
38553	98
38586	98
38588	98
38601	98
38611	98
38633	98
38639	98
38654	98
38660	98
38674	98
38707	98
38711	98
38713	98
38760	98
38765	98
38769	98
38770	98
38791	98
38797	98
38806	98
38810	98
38827	98
38837	98
38858	98
38860	98
38869	98
38881	98
38888	98
38894	98
38904	98
38957	98
38960	98
38975	98
38999	98
39013	98
39015	98
39047	98
39056	98
39059	98
39061	98
39077	98
39101	98
39120	98
39153	98
39154	98
39186	98
39187	98
39203	98
39217	98
39234	98
39254	98
39271	98
39272	98
39282	98
39302	98
39316	98
39318	98
39350	98
39355	98
39356	98
39367	98
39378	98
39421	98
39435	98
39444	98
39455	98
39461	98
39465	98
39470	98
39515	98
39529	98
39534	98
39545	98
39547	98
39553	98
39571	98
39573	98
39574	98
39581	98
39584	98
39587	98
39590	98
39600	98
39625	98
39628	98
39661	98
39671	98
39679	98
39705	98
39707	98
39734	98
39747	98
39768	98
39787	98
39788	98
39815	98
39829	98
39830	98
39838	98
39867	98
39868	98
39874	98
39892	98
39897	98
39942	98
39944	98
39947	98
39952	98
39955	98
40010	98
40014	98
40023	98
40045	98
40069	98
40070	98
40087	98
40093	98
40107	98
40140	98
40145	98
40159	98
40168	98
40169	98
40180	98
40182	98
40221	98
40222	98
40244	98
40273	98
40276	98
40280	98
40322	98
40325	98
40338	98
40346	98
40360	98
40362	98
40372	98
40406	98
40415	98
40427	98
40433	98
40441	98
40447	98
40460	98
40466	98
40467	98
40495	98
40498	98
40515	98
40528	98
40541	98
40577	98
40589	98
40593	98
40597	98
40606	98
40637	98
40642	98
40684	98
40690	98
40694	98
40702	98
40721	98
40805	98
40810	98
40814	98
40820	98
40845	98
40850	98
40852	98
40862	98
40869	98
40870	98
40873	98
40880	98
40887	98
40901	98
40918	98
40924	98
40940	98
40946	98
40955	98
40959	98
40968	98
40981	98
40994	98
41013	98
41020	98
41033	98
41046	98
41059	98
41060	98
41065	98
41069	98
41080	98
41085	98
41104	98
41108	98
41126	98
41138	98
41142	98
41144	98
41171	98
41176	98
41213	98
41222	98
41236	98
41238	98
41272	98
41275	98
41283	98
41286	98
41305	98
41322	98
41324	98
41331	98
41349	98
41350	98
41352	98
41355	98
41365	98
41372	98
41375	98
41378	98
41383	98
41391	98
41401	98
41405	98
41440	98
41449	98
41450	98
41454	98
41486	98
41511	98
41515	98
41523	98
41538	98
41542	98
41556	98
41561	98
41573	98
41574	98
41594	98
41608	98
41619	98
41633	98
41644	98
41681	98
41683	98
41707	98
41718	98
41720	98
41729	98
41777	98
41784	98
41785	98
41789	98
41791	98
41814	98
41848	98
41855	98
41878	98
41885	98
41927	98
41943	98
41955	98
41956	98
41980	98
41993	98
41995	98
42001	98
42050	98
42059	98
42103	98
42113	98
42120	98
42171	98
42172	98
42194	98
42217	98
42223	98
42230	98
42233	98
42284	98
42286	98
42291	98
42311	98
42321	98
42330	98
42335	98
42366	98
42378	98
42379	98
42380	98
42391	98
42394	98
42401	98
42405	98
42408	98
42416	98
42449	98
42456	98
42458	98
42460	98
42474	98
42480	98
42493	98
42496	98
42497	98
42514	98
42526	98
42536	98
42538	98
42540	98
42561	98
42569	98
42571	98
42580	98
42592	98
42610	98
42612	98
42618	98
42648	98
42651	98
42653	98
42666	98
42672	98
42675	98
42676	98
42702	98
42703	98
42718	98
42741	98
42744	98
42749	98
42760	98
42783	98
42792	98
42794	98
42803	98
42807	98
42811	98
42818	98
42888	98
42930	98
42936	98
42978	98
42989	98
43006	98
43008	98
43023	98
43029	98
43045	98
43048	98
43054	98
43093	98
43106	98
43138	98
43149	98
43152	98
43158	98
43159	98
43163	98
43179	98
43185	98
43224	98
43237	98
43244	98
43254	98
43272	98
43285	98
43289	98
43334	98
43337	98
43344	98
43365	98
43367	98
43383	98
43420	98
43430	98
43434	98
43435	98
43440	98
43447	98
43454	98
43456	98
43466	98
43468	98
43478	98
43497	98
43535	98
43542	98
43549	98
43582	98
43613	98
43616	98
43624	98
43631	98
43641	98
43642	98
43666	98
43690	98
43712	98
43722	98
43748	98
43749	98
43757	98
43795	98
43798	98
43799	98
43826	98
43832	98
43834	98
43851	98
43876	98
43891	98
43899	98
43906	98
43913	98
43920	98
43958	98
43966	98
43986	98
43989	98
43995	98
44010	98
44033	98
44060	98
44068	98
44074	98
44093	98
44128	98
44132	98
44133	98
44136	98
44177	98
44179	98
44181	98
44186	98
44191	98
44192	98
44218	98
44256	98
44275	98
44278	98
44285	98
44287	98
44289	98
44293	98
44296	98
44305	98
44313	98
44317	98
44324	98
44325	98
44326	98
44331	98
44352	98
44365	98
44371	98
44379	98
44380	98
44384	98
44423	98
44435	98
44437	98
44440	98
44458	98
44461	98
44468	98
44472	98
44482	98
44491	98
44493	98
44515	98
44521	98
44535	98
44561	98
44579	98
44580	98
44587	98
44593	98
44616	98
44621	98
44672	98
44702	98
44704	98
44727	98
44754	98
44755	98
44773	98
44778	98
44790	98
44813	98
44831	98
44859	98
44880	98
44912	98
44925	98
44928	98
44957	98
44963	98
45035	98
45061	98
45082	98
45088	98
45098	98
45109	98
45127	98
45128	98
45134	98
45135	98
45162	98
45168	98
45178	98
45186	98
45242	98
45244	98
45247	98
45261	98
45277	98
45298	98
45313	98
45328	98
45329	98
45336	98
45399	98
45411	98
45414	98
45447	98
45452	98
45466	98
45468	98
45471	98
45484	98
45504	98
45518	98
45533	98
45537	98
45558	98
45562	98
45572	98
45578	98
45581	98
45585	98
45586	98
45589	98
45595	98
45596	98
45603	98
45607	98
45608	98
45610	98
45614	98
45633	98
45650	98
45651	98
45655	98
45683	98
45692	98
45727	98
45739	98
45741	98
45744	98
45756	98
45762	98
45767	98
45775	98
45787	98
45791	98
45807	98
45821	98
45833	98
45851	98
45869	98
45889	98
45895	98
45915	98
45917	98
45936	98
45964	98
45967	98
45968	98
45976	98
46106	98
46107	98
46138	98
46142	98
46156	98
46158	98
46165	98
46179	98
46185	98
46194	98
46198	98
46208	98
46209	98
46226	98
46229	98
46235	98
46248	98
46261	98
46267	98
46275	98
46278	98
46284	98
46296	98
46297	98
46318	98
46324	98
46337	98
46338	98
46340	98
46344	98
46349	98
46431	98
46436	98
46437	98
46458	98
46471	98
46478	98
46489	98
46495	98
46523	98
46526	98
46564	98
46577	98
46581	98
46585	98
46586	98
46600	98
46604	98
46625	98
46633	98
46637	98
46646	98
46650	98
46652	98
46675	98
46691	98
46692	98
46714	98
46739	98
46758	98
46779	98
46782	98
46813	98
46831	98
46853	98
46855	98
46870	98
46897	98
46904	98
46921	98
46942	98
46944	98
46947	98
46970	98
46973	98
46984	98
47004	98
47017	98
47039	98
47073	98
47074	98
47077	98
47086	98
47094	98
47096	98
47112	98
47115	98
47120	98
47126	98
47143	98
47145	98
47146	98
47175	98
47178	98
47188	98
47200	98
47206	98
47212	98
47219	98
47231	98
47234	98
47240	98
47251	98
47273	98
47274	98
47278	98
47285	98
47287	98
47300	98
47305	98
47306	98
47312	98
47317	98
47331	98
47361	98
47377	98
47399	98
47430	98
47438	98
47461	98
47471	98
47473	98
47503	98
47509	98
47517	98
47526	98
47538	98
47549	98
47562	98
47570	98
47571	98
47598	98
47613	98
47622	98
47630	98
47664	98
47666	98
47728	98
47730	98
47732	98
47747	98
47763	98
47783	98
47821	98
47833	98
47839	98
47843	98
47848	98
47852	98
47854	98
47876	98
47877	98
47882	98
47904	98
47934	98
47937	98
47940	98
47943	98
47948	98
47950	98
47979	98
47995	98
48013	98
48025	98
48031	98
48033	98
48037	98
48047	98
48070	98
48076	98
48082	98
48110	98
48118	98
48123	98
48152	98
48154	98
48175	98
48180	98
48210	98
48216	98
48220	98
48227	98
48232	98
48242	98
48245	98
48249	98
48252	98
48253	98
48258	98
48273	98
48290	98
48305	98
48309	98
48310	98
48311	98
48323	98
48334	98
48335	98
48354	98
48360	98
48410	98
48414	98
48418	98
48430	98
48460	98
48472	98
48489	98
48490	98
48492	98
48497	98
48532	98
48535	98
48544	98
48560	98
48561	98
48570	98
48576	98
48582	98
48598	98
48602	98
48610	98
48624	98
48632	98
48637	98
48640	98
48661	98
48677	98
48695	98
48707	98
48738	98
48750	98
48757	98
48790	98
48802	98
48813	98
48815	98
48819	98
48833	98
48861	98
48864	98
48865	98
48867	98
48870	98
48873	98
48877	98
48894	98
48908	98
48931	98
48932	98
48938	98
48943	98
49002	98
49004	98
49008	98
49013	98
49035	98
49039	98
49049	98
49059	98
49062	98
49074	98
49093	98
49099	98
49110	98
49116	98
49134	98
49140	98
49152	98
49179	98
49198	98
49210	98
49214	98
49221	98
49224	98
49233	98
49237	98
49242	98
49248	98
49250	98
49257	98
49264	98
49286	98
49294	98
49347	98
49353	98
49385	98
49388	98
49397	98
49406	98
49413	98
49425	98
49434	98
49441	98
49472	98
49479	98
49493	98
49501	98
49514	98
49530	98
49538	98
49540	98
49551	98
49626	98
49636	98
49639	98
49662	98
49670	98
49676	98
49730	98
49755	98
49763	98
49772	98
49784	98
49793	98
49794	98
49797	98
49806	98
49820	98
49822	98
49830	98
49840	98
49853	98
49890	98
49892	98
49902	98
49918	98
49956	98
49960	98
49983	98
27	97
41	97
45	97
84	97
86	97
88	97
101	97
149	97
153	97
158	97
178	97
191	97
193	97
212	97
288	97
297	97
299	97
314	97
388	97
399	97
411	97
414	97
415	97
418	97
421	97
424	97
484	97
490	97
497	97
503	97
524	97
529	97
535	97
561	97
562	97
585	97
631	97
647	97
653	97
672	97
690	97
723	97
740	97
760	97
782	97
783	97
830	97
840	97
909	97
956	97
992	97
1012	97
1016	97
1052	97
1109	97
1130	97
1137	97
1140	97
1148	97
1172	97
1176	97
1182	97
1191	97
1226	97
1249	97
1257	97
1260	97
1274	97
1280	97
1291	97
1292	97
1313	97
1333	97
1335	97
1346	97
1347	97
1352	97
1358	97
1367	97
1395	97
1407	97
1444	97
1451	97
1455	97
1468	97
1472	97
1483	97
1487	97
1488	97
1497	97
1517	97
1550	97
1557	97
1563	97
1609	97
1613	97
1623	97
1637	97
1648	97
1649	97
1656	97
1662	97
1666	97
1690	97
1720	97
1739	97
1760	97
1762	97
1787	97
1799	97
1804	97
1825	97
1836	97
1845	97
1855	97
1864	97
1884	97
1912	97
1920	97
1922	97
1926	97
1950	97
1954	97
1970	97
1973	97
1998	97
1999	97
2043	97
2046	97
2074	97
2124	97
2161	97
2179	97
2204	97
2211	97
2220	97
2233	97
2238	97
2261	97
2289	97
2301	97
2307	97
2337	97
2362	97
2392	97
2393	97
2395	97
2397	97
2398	97
2407	97
2410	97
2435	97
2444	97
2464	97
2471	97
2510	97
2545	97
2590	97
2617	97
2626	97
2633	97
2640	97
2648	97
2658	97
2664	97
2670	97
2702	97
2703	97
2714	97
2783	97
2817	97
2818	97
2851	97
2864	97
2881	97
2888	97
2899	97
2959	97
2969	97
3011	97
3016	97
3017	97
3021	97
3026	97
3030	97
3049	97
3051	97
3064	97
3072	97
3074	97
3084	97
3087	97
3091	97
3100	97
3128	97
3137	97
3138	97
3143	97
3173	97
3235	97
3236	97
3277	97
3289	97
3301	97
3332	97
3335	97
3356	97
3370	97
3380	97
3393	97
3407	97
3418	97
3460	97
3503	97
3516	97
3525	97
3529	97
3543	97
3553	97
3580	97
3587	97
3608	97
3612	97
3629	97
3634	97
3657	97
3674	97
3686	97
3687	97
3728	97
3737	97
3749	97
3772	97
3781	97
3784	97
3792	97
3795	97
3797	97
3803	97
3804	97
3852	97
3863	97
3866	97
3869	97
3873	97
3896	97
3930	97
3952	97
3965	97
3973	97
3994	97
3996	97
4003	97
4009	97
4014	97
4021	97
4024	97
4025	97
4045	97
4051	97
4052	97
4053	97
4056	97
4068	97
4075	97
4081	97
4082	97
4106	97
4113	97
4140	97
4156	97
4159	97
4160	97
4163	97
4195	97
4212	97
4232	97
4235	97
4236	97
4253	97
4263	97
4279	97
4288	97
4298	97
4300	97
4301	97
4315	97
4318	97
4321	97
4324	97
4333	97
4353	97
4376	97
4427	97
4429	97
4439	97
4441	97
4467	97
4477	97
4527	97
4538	97
4539	97
4553	97
4566	97
4579	97
4635	97
4642	97
4647	97
4651	97
4681	97
4725	97
4732	97
4740	97
4748	97
4750	97
4758	97
4759	97
4763	97
4788	97
4810	97
4812	97
4816	97
4827	97
4830	97
4872	97
4890	97
4894	97
4899	97
4906	97
4911	97
4923	97
4925	97
4941	97
4942	97
4950	97
4979	97
5008	97
5010	97
5012	97
5017	97
5027	97
5030	97
5051	97
5085	97
5086	97
5097	97
5102	97
5103	97
5106	97
5107	97
5128	97
5154	97
5158	97
5174	97
5187	97
5189	97
5236	97
5245	97
5249	97
5253	97
5256	97
5257	97
5258	97
5263	97
5267	97
5272	97
5275	97
5295	97
5303	97
5328	97
5339	97
5340	97
5349	97
5387	97
5393	97
5413	97
5427	97
5430	97
5436	97
5446	97
5484	97
5488	97
5496	97
5508	97
5560	97
5583	97
5595	97
5601	97
5624	97
5625	97
5707	97
5723	97
5727	97
5746	97
5761	97
5806	97
5816	97
5832	97
5841	97
5889	97
5891	97
5894	97
5901	97
5904	97
5929	97
5936	97
5942	97
5951	97
5957	97
5975	97
5986	97
5991	97
5996	97
6009	97
6010	97
6011	97
6013	97
6028	97
6030	97
6087	97
6091	97
6183	97
6231	97
6234	97
6255	97
6401	97
6414	97
6428	97
6451	97
6456	97
6472	97
6480	97
6485	97
6501	97
6506	97
6508	97
6543	97
6549	97
6565	97
6592	97
6603	97
6616	97
6640	97
6658	97
6681	97
6751	97
6765	97
6767	97
6775	97
6826	97
6835	97
6891	97
6898	97
6907	97
6916	97
6921	97
6985	97
6987	97
7003	97
7007	97
7015	97
7024	97
7025	97
7029	97
7034	97
7051	97
7053	97
7091	97
7093	97
7101	97
7116	97
7118	97
7135	97
7153	97
7162	97
7165	97
7167	97
7171	97
7173	97
7177	97
7178	97
7201	97
7217	97
7232	97
7271	97
7272	97
7273	97
7279	97
7280	97
7282	97
7316	97
7327	97
7348	97
7362	97
7369	97
7386	97
7405	97
7412	97
7435	97
7436	97
7442	97
7456	97
7473	97
7476	97
7477	97
7481	97
7525	97
7544	97
7559	97
7574	97
7578	97
7585	97
7601	97
7608	97
7616	97
7623	97
7648	97
7664	97
7676	97
7678	97
7688	97
7698	97
7713	97
7714	97
7715	97
7717	97
7731	97
7735	97
7738	97
7741	97
7755	97
7757	97
7790	97
7795	97
7796	97
7807	97
7818	97
7822	97
7842	97
7846	97
7859	97
7868	97
7886	97
7887	97
7891	97
7900	97
7925	97
7929	97
7932	97
7938	97
7941	97
7945	97
7952	97
7954	97
7972	97
7978	97
8006	97
8012	97
8017	97
8024	97
8044	97
8054	97
8063	97
8073	97
8083	97
8104	97
8125	97
8128	97
8155	97
8195	97
8211	97
8213	97
8276	97
8313	97
8325	97
8333	97
8358	97
8375	97
8397	97
8411	97
8430	97
8436	97
8451	97
8454	97
8471	97
8482	97
8485	97
8489	97
8496	97
8503	97
8504	97
8524	97
8527	97
8532	97
8549	97
8552	97
8554	97
8580	97
8606	97
8641	97
8644	97
8654	97
8655	97
8674	97
8676	97
8678	97
8679	97
8709	97
8721	97
8722	97
8739	97
8792	97
8804	97
8805	97
8809	97
8810	97
8831	97
8842	97
8857	97
8887	97
8891	97
8892	97
8914	97
8950	97
8955	97
8967	97
8981	97
9001	97
9012	97
9026	97
9031	97
9048	97
9051	97
9098	97
9104	97
9124	97
9130	97
9154	97
9199	97
9224	97
9266	97
9302	97
9308	97
9320	97
9333	97
9338	97
9379	97
9407	97
9413	97
9423	97
9426	97
9444	97
9465	97
9480	97
9485	97
9536	97
9540	97
9542	97
9551	97
9592	97
9615	97
9625	97
9634	97
9650	97
9660	97
9663	97
9669	97
9671	97
9673	97
9699	97
9721	97
9725	97
9730	97
9745	97
9747	97
9752	97
9757	97
9786	97
9788	97
9802	97
9822	97
9840	97
9843	97
9858	97
9890	97
9914	97
9930	97
9961	97
9967	97
10015	97
10027	97
10047	97
10062	97
10080	97
10083	97
10086	97
10119	97
10122	97
10136	97
10142	97
10152	97
10157	97
10168	97
10186	97
10230	97
10248	97
10250	97
10255	97
10256	97
10280	97
10282	97
10289	97
10292	97
10293	97
10308	97
10315	97
10320	97
10334	97
10338	97
10364	97
10372	97
10425	97
10431	97
10433	97
10436	97
10444	97
10459	97
10483	97
10486	97
10498	97
10501	97
10511	97
10516	97
10534	97
10551	97
10553	97
10597	97
10610	97
10643	97
10645	97
10667	97
10707	97
10774	97
10804	97
10818	97
10821	97
10829	97
10834	97
10837	97
10847	97
10856	97
10861	97
10871	97
10878	97
10911	97
10930	97
10936	97
10938	97
10946	97
10958	97
10965	97
10996	97
10997	97
11017	97
11018	97
11027	97
11060	97
11062	97
11098	97
11104	97
11144	97
11149	97
11151	97
11166	97
11181	97
11185	97
11221	97
11224	97
11226	97
11232	97
11233	97
11244	97
11260	97
11263	97
11279	97
11291	97
11297	97
11321	97
11339	97
11342	97
11349	97
11372	97
11378	97
11401	97
11429	97
11443	97
11456	97
11506	97
11524	97
11538	97
11569	97
11586	97
11588	97
11602	97
11644	97
11647	97
11648	97
11658	97
11673	97
11682	97
11696	97
11701	97
11704	97
11711	97
11731	97
11742	97
11743	97
11745	97
11746	97
11762	97
11808	97
11816	97
11822	97
11855	97
11862	97
11868	97
11870	97
11892	97
11922	97
11943	97
11966	97
11973	97
11978	97
11982	97
12003	97
12047	97
12048	97
12060	97
12070	97
12080	97
12090	97
12099	97
12101	97
12120	97
12158	97
12162	97
12184	97
12206	97
12240	97
12261	97
12268	97
12278	97
12281	97
12284	97
12296	97
12309	97
12328	97
12345	97
12396	97
12435	97
12457	97
12498	97
12507	97
12535	97
12537	97
12542	97
12557	97
12565	97
12579	97
12601	97
12607	97
12617	97
12646	97
12647	97
12668	97
12678	97
12686	97
12717	97
12725	97
12752	97
12760	97
12793	97
12814	97
12818	97
12832	97
12840	97
12842	97
12862	97
12868	97
12871	97
12888	97
12900	97
12906	97
12924	97
12958	97
12979	97
13002	97
13070	97
13079	97
13081	97
13086	97
13113	97
13158	97
13163	97
13192	97
13195	97
13203	97
13220	97
13223	97
13240	97
13251	97
13292	97
13300	97
13312	97
13314	97
13359	97
13374	97
13375	97
13391	97
13403	97
13425	97
13427	97
13431	97
13478	97
13486	97
13502	97
13510	97
13525	97
13528	97
13542	97
13575	97
13579	97
13627	97
13631	97
13636	97
13637	97
13655	97
13665	97
13695	97
13696	97
13698	97
13719	97
13720	97
13746	97
13751	97
13759	97
13785	97
13790	97
13794	97
13800	97
13803	97
13812	97
13814	97
13824	97
13847	97
13856	97
13868	97
13877	97
13883	97
13904	97
13921	97
13924	97
13935	97
13961	97
13982	97
13995	97
14013	97
14021	97
14048	97
14088	97
14091	97
14092	97
14105	97
14109	97
14119	97
14121	97
14153	97
14163	97
14182	97
14196	97
14211	97
14241	97
14243	97
14291	97
14304	97
14342	97
14350	97
14352	97
14380	97
14420	97
14438	97
14467	97
14469	97
14473	97
14482	97
14492	97
14498	97
14509	97
14536	97
14560	97
14568	97
14594	97
14618	97
14625	97
14656	97
14658	97
14667	97
14668	97
14671	97
14687	97
14700	97
14719	97
14729	97
14739	97
14758	97
14777	97
14793	97
14794	97
14796	97
14806	97
14823	97
14846	97
14853	97
14864	97
14866	97
14883	97
14888	97
14903	97
14921	97
14942	97
14943	97
14950	97
14957	97
14982	97
14990	97
14995	97
15005	97
15018	97
15030	97
15048	97
15050	97
15054	97
15059	97
15078	97
15086	97
15091	97
15100	97
15107	97
15112	97
15116	97
15132	97
15135	97
15147	97
15170	97
15173	97
15186	97
15189	97
15201	97
15203	97
15230	97
15250	97
15256	97
15261	97
15290	97
15307	97
15329	97
15372	97
15377	97
15384	97
15389	97
15396	97
15402	97
15426	97
15429	97
15432	97
15442	97
15456	97
15512	97
15521	97
15542	97
15550	97
15555	97
15563	97
15587	97
15596	97
15598	97
15627	97
15638	97
15640	97
15643	97
15652	97
15666	97
15669	97
15684	97
15690	97
15696	97
15700	97
15717	97
15753	97
15786	97
15810	97
15813	97
15815	97
15871	97
15894	97
15902	97
15905	97
15907	97
15918	97
15944	97
15947	97
15949	97
15954	97
15964	97
15972	97
15977	97
15987	97
15988	97
16032	97
16043	97
16072	97
16114	97
16125	97
16177	97
16246	97
16253	97
16283	97
16302	97
16304	97
16356	97
16366	97
16368	97
16371	97
16372	97
16407	97
16436	97
16446	97
16450	97
16477	97
16481	97
16508	97
16509	97
16516	97
16519	97
16530	97
16536	97
16557	97
16583	97
16593	97
16625	97
16665	97
16668	97
16693	97
16709	97
16716	97
16720	97
16758	97
16761	97
16768	97
16779	97
16793	97
16809	97
16814	97
16815	97
16826	97
16829	97
16837	97
16844	97
16845	97
16855	97
16858	97
16879	97
16880	97
16881	97
16891	97
16904	97
16908	97
16913	97
16944	97
16953	97
16969	97
16980	97
16994	97
17001	97
17015	97
17033	97
17035	97
17072	97
17073	97
17074	97
17132	97
17138	97
17160	97
17177	97
17191	97
17235	97
17258	97
17291	97
17364	97
17369	97
17370	97
17388	97
17396	97
17432	97
17441	97
17470	97
17494	97
17496	97
17521	97
17539	97
17554	97
17560	97
17561	97
17564	97
17576	97
17615	97
17633	97
17645	97
17659	97
17669	97
17677	97
17686	97
17693	97
17725	97
17729	97
17733	97
17739	97
17744	97
17747	97
17752	97
17754	97
17755	97
17766	97
17769	97
17777	97
17786	97
17828	97
17830	97
17839	97
17841	97
17842	97
17862	97
17877	97
17883	97
17885	97
17893	97
17900	97
17915	97
17930	97
17959	97
17983	97
18003	97
18009	97
18035	97
18043	97
18044	97
18068	97
18084	97
18086	97
18092	97
18107	97
18127	97
18146	97
18164	97
18188	97
18201	97
18218	97
18243	97
18249	97
18253	97
18263	97
18264	97
18272	97
18289	97
18304	97
18306	97
18321	97
18330	97
18371	97
18372	97
18383	97
18389	97
18391	97
18415	97
18420	97
18428	97
18446	97
18449	97
18522	97
18523	97
18525	97
18533	97
18548	97
18559	97
18564	97
18585	97
18590	97
18612	97
18630	97
18642	97
18646	97
18664	97
18690	97
18697	97
18726	97
18737	97
18756	97
18758	97
18786	97
18788	97
18800	97
18818	97
18831	97
18886	97
18891	97
18898	97
18908	97
18910	97
18915	97
18925	97
18942	97
18945	97
18950	97
18951	97
18959	97
18972	97
18983	97
19000	97
19003	97
19007	97
19020	97
19029	97
19045	97
19049	97
19087	97
19108	97
19109	97
19111	97
19120	97
19123	97
19124	97
19130	97
19149	97
19183	97
19198	97
19199	97
19230	97
19236	97
19242	97
19259	97
19267	97
19275	97
19293	97
19304	97
19321	97
19330	97
19336	97
19366	97
19401	97
19406	97
19410	97
19413	97
19425	97
19428	97
19472	97
19481	97
19494	97
19503	97
19504	97
19524	97
19528	97
19530	97
19547	97
19556	97
19579	97
19596	97
19613	97
19618	97
19632	97
19643	97
19651	97
19669	97
19686	97
19692	97
19694	97
19720	97
19752	97
19756	97
19781	97
19783	97
19789	97
19790	97
19824	97
19834	97
19877	97
19892	97
19926	97
19942	97
19945	97
19984	97
19985	97
19995	97
20002	97
20011	97
20051	97
20052	97
20060	97
20092	97
20112	97
20116	97
20125	97
20136	97
20200	97
20202	97
20213	97
20214	97
20249	97
20261	97
20287	97
20358	97
20360	97
20377	97
20387	97
20442	97
20445	97
20447	97
20455	97
20476	97
20510	97
20520	97
20533	97
20536	97
20555	97
20610	97
20631	97
20634	97
20638	97
20654	97
20658	97
20695	97
20707	97
20728	97
20745	97
20766	97
20776	97
20793	97
20813	97
20815	97
20824	97
20850	97
20902	97
20936	97
20939	97
20948	97
20957	97
20969	97
20980	97
20984	97
20991	97
21002	97
21008	97
21048	97
21061	97
21073	97
21101	97
21108	97
21131	97
21136	97
21167	97
21179	97
21191	97
21202	97
21214	97
21262	97
21265	97
21279	97
21292	97
21294	97
21305	97
21341	97
21344	97
21367	97
21372	97
21374	97
21412	97
21438	97
21451	97
21459	97
21461	97
21466	97
21491	97
21499	97
21509	97
21519	97
21527	97
21549	97
21550	97
21557	97
21566	97
21569	97
21570	97
21587	97
21662	97
21676	97
21677	97
21682	97
21690	97
21711	97
21785	97
21809	97
21828	97
21830	97
21849	97
21869	97
21886	97
21918	97
21919	97
21932	97
21935	97
21950	97
21951	97
22004	97
22009	97
22026	97
22074	97
22107	97
22109	97
22147	97
22151	97
22173	97
22192	97
22200	97
22219	97
22221	97
22231	97
22235	97
22238	97
22243	97
22260	97
22274	97
22277	97
22300	97
22304	97
22323	97
22340	97
22345	97
22360	97
22404	97
22424	97
22431	97
22438	97
22444	97
22452	97
22531	97
22549	97
22559	97
22567	97
22572	97
22589	97
22657	97
22675	97
22690	97
22697	97
22709	97
22714	97
22717	97
22718	97
22721	97
22724	97
22773	97
22801	97
22806	97
22808	97
22811	97
22819	97
22844	97
22876	97
22885	97
22904	97
22915	97
22920	97
22940	97
22944	97
22954	97
22961	97
22964	97
22974	97
22991	97
22993	97
23007	97
23013	97
23026	97
23040	97
23043	97
23051	97
23080	97
23094	97
23102	97
23128	97
23157	97
23173	97
23183	97
23192	97
23215	97
23221	97
23231	97
23255	97
23285	97
23310	97
23318	97
23319	97
23343	97
23376	97
23394	97
23410	97
23415	97
23430	97
23444	97
23445	97
23459	97
23493	97
23518	97
23540	97
23541	97
23558	97
23568	97
23570	97
23583	97
23643	97
23652	97
23653	97
23666	97
23693	97
23712	97
23765	97
23769	97
23791	97
23793	97
23800	97
23810	97
23811	97
23821	97
23828	97
23890	97
23909	97
23912	97
23918	97
23927	97
23933	97
23938	97
23958	97
23959	97
23994	97
23997	97
24036	97
24041	97
24066	97
24068	97
24096	97
24101	97
24102	97
24116	97
24131	97
24138	97
24145	97
24164	97
24166	97
24178	97
24184	97
24193	97
24204	97
24262	97
24280	97
24298	97
24330	97
24341	97
24344	97
24356	97
24368	97
24384	97
24399	97
24427	97
24437	97
24441	97
24460	97
24484	97
24495	97
24509	97
24522	97
24536	97
24560	97
24582	97
24585	97
24615	97
24620	97
24624	97
24628	97
24644	97
24651	97
24664	97
24679	97
24689	97
24704	97
24713	97
24720	97
24725	97
24748	97
24784	97
24786	97
24805	97
24836	97
24875	97
24893	97
24928	97
24932	97
24936	97
24954	97
24964	97
24972	97
24983	97
25027	97
25048	97
25058	97
25067	97
25091	97
25135	97
25141	97
25156	97
25211	97
25225	97
25231	97
25234	97
25251	97
25286	97
25288	97
25302	97
25310	97
25326	97
25330	97
25358	97
25374	97
25379	97
25385	97
25387	97
25391	97
25394	97
25397	97
25400	97
25405	97
25431	97
25435	97
25449	97
25454	97
25501	97
25503	97
25529	97
25535	97
25554	97
25593	97
25642	97
25646	97
25655	97
25675	97
25679	97
25704	97
25714	97
25758	97
25761	97
25766	97
25769	97
25794	97
25801	97
25813	97
25820	97
25830	97
25845	97
25850	97
25861	97
25867	97
25946	97
25961	97
25974	97
26019	97
26055	97
26068	97
26101	97
26139	97
26159	97
26174	97
26176	97
26181	97
26182	97
26184	97
26225	97
26229	97
26235	97
26245	97
26270	97
26301	97
26315	97
26319	97
26337	97
26354	97
26374	97
26414	97
26420	97
26434	97
26444	97
26475	97
26494	97
26516	97
26517	97
26520	97
26538	97
26551	97
26567	97
26585	97
26588	97
26600	97
26633	97
26675	97
26694	97
26695	97
26705	97
26706	97
26734	97
26735	97
26737	97
26741	97
26759	97
26763	97
26765	97
26767	97
26783	97
26808	97
26837	97
26841	97
26851	97
26867	97
26878	97
26917	97
26926	97
26941	97
26953	97
26960	97
27026	97
27034	97
27047	97
27049	97
27051	97
27054	97
27056	97
27058	97
27069	97
27071	97
27075	97
27076	97
27091	97
27114	97
27129	97
27144	97
27165	97
27166	97
27167	97
27169	97
27176	97
27180	97
27197	97
27212	97
27217	97
27229	97
27238	97
27290	97
27342	97
27345	97
27377	97
27388	97
27396	97
27432	97
27436	97
27466	97
27487	97
27503	97
27520	97
27537	97
27541	97
27569	97
27573	97
27607	97
27653	97
27673	97
27679	97
27681	97
27689	97
27699	97
27702	97
27704	97
27709	97
27759	97
27773	97
27776	97
27783	97
27804	97
27829	97
27836	97
27852	97
27858	97
27864	97
27868	97
27870	97
27872	97
27879	97
27903	97
27911	97
27914	97
27921	97
27940	97
27953	97
27954	97
27962	97
27986	97
27990	97
28003	97
28004	97
28023	97
28056	97
28063	97
28081	97
28085	97
28100	97
28115	97
28129	97
28141	97
28145	97
28149	97
28151	97
28153	97
28158	97
28204	97
28269	97
28279	97
28315	97
28316	97
28321	97
28344	97
28353	97
28370	97
28374	97
28432	97
28435	97
28436	97
28439	97
28454	97
28477	97
28508	97
28528	97
28575	97
28579	97
28608	97
28613	97
28617	97
28627	97
28658	97
28662	97
28667	97
28676	97
28681	97
28693	97
28695	97
28712	97
28729	97
28852	97
28979	97
28987	97
29005	97
29011	97
29013	97
29042	97
29043	97
29050	97
29065	97
29103	97
29112	97
29120	97
29122	97
29147	97
29156	97
29163	97
29166	97
29180	97
29181	97
29192	97
29200	97
29206	97
29208	97
29209	97
29222	97
29242	97
29256	97
29293	97
29317	97
29322	97
29327	97
29336	97
29352	97
29387	97
29404	97
29439	97
29445	97
29447	97
29455	97
29458	97
29476	97
29488	97
29489	97
29500	97
29510	97
29542	97
29545	97
29547	97
29577	97
29581	97
29582	97
29584	97
29635	97
29647	97
29654	97
29713	97
29737	97
29749	97
29771	97
29780	97
29814	97
29829	97
29848	97
29883	97
29905	97
29908	97
29945	97
29949	97
29960	97
30016	97
30026	97
30033	97
30067	97
30077	97
30087	97
30095	97
30100	97
30111	97
30112	97
30116	97
30118	97
30132	97
30133	97
30147	97
30182	97
30205	97
30208	97
30216	97
30225	97
30237	97
30239	97
30241	97
30248	97
30283	97
30286	97
30291	97
30295	97
30327	97
30329	97
30354	97
30373	97
30376	97
30378	97
30394	97
30400	97
30413	97
30433	97
30435	97
30444	97
30468	97
30480	97
30521	97
30527	97
30551	97
30568	97
30574	97
30593	97
30595	97
30622	97
30632	97
30644	97
30657	97
30711	97
30726	97
30741	97
30744	97
30762	97
30779	97
30782	97
30786	97
30822	97
30829	97
30830	97
30844	97
30855	97
30869	97
30884	97
30889	97
30899	97
30900	97
30904	97
30910	97
30922	97
30928	97
30938	97
30941	97
30949	97
30957	97
30959	97
30976	97
31004	97
31017	97
31018	97
31060	97
31061	97
31082	97
31112	97
31127	97
31133	97
31142	97
31152	97
31167	97
31214	97
31215	97
31230	97
31239	97
31267	97
31272	97
31277	97
31290	97
31308	97
31313	97
31321	97
31476	97
31488	97
31540	97
31550	97
31554	97
31556	97
31590	97
31600	97
31610	97
31615	97
31623	97
31670	97
31686	97
31703	97
31716	97
31732	97
31757	97
31793	97
31805	97
31810	97
31811	97
31821	97
31834	97
31844	97
31852	97
31855	97
31869	97
31904	97
31915	97
31928	97
31932	97
31948	97
31973	97
32046	97
32054	97
32080	97
32085	97
32086	97
32104	97
32167	97
32168	97
32169	97
32174	97
32183	97
32193	97
32201	97
32205	97
32222	97
32244	97
32253	97
32281	97
32290	97
32294	97
32298	97
32305	97
32310	97
32312	97
32326	97
32335	97
32338	97
32346	97
32361	97
32372	97
32379	97
32397	97
32398	97
32406	97
32421	97
32444	97
32455	97
32459	97
32471	97
32495	97
32505	97
32519	97
32528	97
32544	97
32564	97
32578	97
32580	97
32594	97
32603	97
32643	97
32646	97
32692	97
32694	97
32767	97
32772	97
32775	97
32786	97
32792	97
32800	97
32802	97
32803	97
32827	97
32836	97
32842	97
32843	97
32867	97
32881	97
32892	97
32916	97
32917	97
32930	97
32967	97
32970	97
32983	97
32990	97
32993	97
33030	97
33070	97
33089	97
33092	97
33102	97
33124	97
33145	97
33163	97
33166	97
33168	97
33183	97
33199	97
33223	97
33242	97
33266	97
33277	97
33281	97
33291	97
33295	97
33312	97
33314	97
33329	97
33333	97
33334	97
33343	97
33345	97
33356	97
33363	97
33373	97
33381	97
33396	97
33403	97
33410	97
33424	97
33425	97
33442	97
33452	97
33454	97
33488	97
33494	97
33521	97
33545	97
33560	97
33562	97
33592	97
33614	97
33623	97
33625	97
33704	97
33729	97
33738	97
33751	97
33752	97
33764	97
33775	97
33830	97
33832	97
33845	97
33852	97
33866	97
33868	97
33870	97
33880	97
33881	97
33933	97
33950	97
33964	97
33971	97
33972	97
33995	97
34013	97
34025	97
34035	97
34090	97
34092	97
34125	97
34129	97
34213	97
34229	97
34243	97
34248	97
34262	97
34274	97
34280	97
34291	97
34324	97
34353	97
34369	97
34419	97
34467	97
34483	97
34492	97
34514	97
34524	97
34528	97
34550	97
34555	97
34563	97
34566	97
34574	97
34575	97
34584	97
34585	97
34608	97
34609	97
34611	97
34614	97
34637	97
34641	97
34649	97
34658	97
34678	97
34715	97
34722	97
34744	97
34751	97
34761	97
34781	97
34784	97
34823	97
34825	97
34828	97
34863	97
34875	97
34897	97
34900	97
34944	97
35000	97
35016	97
35024	97
35028	97
35047	97
35053	97
35056	97
35063	97
35065	97
35078	97
35088	97
35110	97
35118	97
35126	97
35133	97
35151	97
35161	97
35180	97
35202	97
35204	97
35225	97
35244	97
35304	97
35311	97
35316	97
35321	97
35349	97
35365	97
35375	97
35387	97
35395	97
35396	97
35401	97
35418	97
35439	97
35445	97
35450	97
35451	97
35467	97
35474	97
35482	97
35510	97
35518	97
35531	97
35540	97
35561	97
35609	97
35616	97
35621	97
35623	97
35646	97
35652	97
35663	97
35681	97
35683	97
35689	97
35698	97
35737	97
35741	97
35783	97
35800	97
35804	97
35811	97
35819	97
35821	97
35852	97
35856	97
35861	97
35867	97
35868	97
35877	97
35892	97
35905	97
35908	97
35921	97
35934	97
35953	97
35963	97
35973	97
35995	97
36013	97
36016	97
36022	97
36035	97
36039	97
36042	97
36050	97
36086	97
36092	97
36111	97
36121	97
36130	97
36132	97
36135	97
36144	97
36150	97
36154	97
36155	97
36216	97
36223	97
36244	97
36248	97
36250	97
36294	97
36296	97
36319	97
36324	97
36325	97
36336	97
36358	97
36372	97
36393	97
36432	97
36434	97
36455	97
36458	97
36461	97
36469	97
36482	97
36494	97
36498	97
36500	97
36511	97
36526	97
36540	97
36552	97
36554	97
36578	97
36602	97
36613	97
36618	97
36646	97
36664	97
36670	97
36675	97
36678	97
36698	97
36749	97
36757	97
36758	97
36760	97
36785	97
36788	97
36789	97
36799	97
36804	97
36816	97
36817	97
36823	97
36826	97
36838	97
36903	97
36907	97
36912	97
36915	97
36962	97
36975	97
36989	97
37033	97
37055	97
37056	97
37061	97
37122	97
37139	97
37142	97
37159	97
37169	97
37191	97
37195	97
37196	97
37204	97
37207	97
37216	97
37222	97
37232	97
37235	97
37264	97
37268	97
37287	97
37291	97
37298	97
37323	97
37343	97
37352	97
37397	97
37417	97
37439	97
37464	97
37482	97
37502	97
37511	97
37515	97
37546	97
37572	97
37573	97
37587	97
37616	97
37617	97
37633	97
37664	97
37686	97
37707	97
37712	97
37714	97
37719	97
37725	97
37726	97
37728	97
37729	97
37732	97
37746	97
37767	97
37776	97
37786	97
37841	97
37852	97
37855	97
37861	97
37865	97
37878	97
37897	97
37923	97
37963	97
37987	97
37988	97
38032	97
38035	97
38044	97
38076	97
38089	97
38098	97
38099	97
38105	97
38106	97
38108	97
38123	97
38168	97
38178	97
38193	97
38194	97
38221	97
38234	97
38239	97
38243	97
38245	97
38261	97
38295	97
38306	97
38316	97
38348	97
38367	97
38387	97
38396	97
38402	97
38408	97
38412	97
38413	97
38441	97
38460	97
38483	97
38489	97
38509	97
38510	97
38524	97
38531	97
38539	97
38540	97
38546	97
38552	97
38556	97
38560	97
38594	97
38615	97
38642	97
38676	97
38686	97
38695	97
38715	97
38730	97
38774	97
38779	97
38803	97
38815	97
38885	97
38900	97
38901	97
38931	97
38939	97
38971	97
39006	97
39031	97
39034	97
39037	97
39046	97
39076	97
39106	97
39112	97
39129	97
39148	97
39214	97
39230	97
39232	97
39241	97
39252	97
39257	97
39269	97
39270	97
39273	97
39285	97
39296	97
39307	97
39324	97
39327	97
39341	97
39353	97
39381	97
39409	97
39426	97
39429	97
39431	97
39478	97
39486	97
39489	97
39495	97
39512	97
39514	97
39517	97
39519	97
39522	97
39525	97
39531	97
39550	97
39555	97
39563	97
39565	97
39572	97
39620	97
39632	97
39655	97
39659	97
39697	97
39721	97
39732	97
39745	97
39767	97
39812	97
39852	97
39864	97
39878	97
39887	97
39891	97
39895	97
39901	97
39922	97
39925	97
39936	97
39949	97
39963	97
40009	97
40016	97
40028	97
40034	97
40056	97
40062	97
40092	97
40116	97
40123	97
40126	97
40175	97
40186	97
40195	97
40203	97
40215	97
40219	97
40240	97
40251	97
40261	97
40286	97
40292	97
40298	97
40315	97
40317	97
40327	97
40334	97
40336	97
40337	97
40351	97
40364	97
40366	97
40374	97
40386	97
40398	97
40417	97
40430	97
40446	97
40448	97
40469	97
40476	97
40480	97
40535	97
40543	97
40559	97
40567	97
40613	97
40634	97
40641	97
40651	97
40662	97
40665	97
40673	97
40685	97
40699	97
40703	97
40715	97
40733	97
40738	97
40742	97
40744	97
40745	97
40774	97
40798	97
40802	97
40806	97
40811	97
40822	97
40832	97
40851	97
40867	97
40908	97
40938	97
40942	97
40945	97
40965	97
40974	97
40988	97
40996	97
41007	97
41026	97
41027	97
41034	97
41038	97
41055	97
41068	97
41081	97
41093	97
41094	97
41098	97
41099	97
41116	97
41119	97
41145	97
41160	97
41162	97
41193	97
41201	97
41208	97
41217	97
41232	97
41287	97
41311	97
41313	97
41333	97
41341	97
41344	97
41359	97
41402	97
41414	97
41417	97
41426	97
41435	97
41437	97
41483	97
41510	97
41575	97
41590	97
41598	97
41606	97
41614	97
41623	97
41624	97
41641	97
41664	97
41682	97
41685	97
41699	97
41705	97
41714	97
41731	97
41770	97
41776	97
41788	97
41790	97
41794	97
41800	97
41803	97
41810	97
41828	97
41834	97
41897	97
41921	97
41922	97
41923	97
41931	97
41947	97
41972	97
41996	97
42016	97
42045	97
42057	97
42072	97
42083	97
42092	97
42094	97
42098	97
42109	97
42136	97
42148	97
42150	97
42158	97
42162	97
42164	97
42173	97
42197	97
42211	97
42225	97
42240	97
42261	97
42278	97
42287	97
42306	97
42383	97
42429	97
42430	97
42453	97
42465	97
42471	97
42472	97
42485	97
42499	97
42510	97
42520	97
42525	97
42531	97
42535	97
42537	97
42542	97
42546	97
42549	97
42563	97
42578	97
42583	97
42607	97
42628	97
42662	97
42671	97
42677	97
42679	97
42687	97
42692	97
42728	97
42755	97
42764	97
42773	97
42776	97
42784	97
42801	97
42835	97
42837	97
42839	97
42853	97
42857	97
42858	97
42871	97
42892	97
42917	97
42925	97
42926	97
42934	97
42951	97
42977	97
42991	97
43000	97
43010	97
43021	97
43030	97
43037	97
43043	97
43078	97
43084	97
43092	97
43105	97
43110	97
43167	97
43178	97
43192	97
43201	97
43207	97
43216	97
43220	97
43229	97
43241	97
43269	97
43283	97
43296	97
43302	97
43309	97
43314	97
43324	97
43327	97
43375	97
43415	97
43442	97
43446	97
43480	97
43481	97
43486	97
43506	97
43507	97
43510	97
43514	97
43516	97
43526	97
43527	97
43551	97
43564	97
43573	97
43581	97
43586	97
43620	97
43647	97
43649	97
43663	97
43671	97
43673	97
43685	97
43686	97
43700	97
43709	97
43715	97
43719	97
43769	97
43788	97
43839	97
43841	97
43842	97
43856	97
43857	97
43865	97
43892	97
43905	97
43918	97
43924	97
43933	97
43954	97
43973	97
44005	97
44009	97
44049	97
44053	97
44057	97
44086	97
44092	97
44101	97
44129	97
44130	97
44144	97
44145	97
44162	97
44166	97
44174	97
44197	97
44235	97
44243	97
44332	97
44363	97
44381	97
44404	97
44406	97
44426	97
44490	97
44503	97
44548	97
44563	97
44595	97
44608	97
44618	97
44628	97
44645	97
44670	97
44680	97
44713	97
44717	97
44742	97
44756	97
44764	97
44786	97
44796	97
44816	97
44825	97
44847	97
44848	97
44863	97
44877	97
44908	97
44909	97
44915	97
44938	97
44946	97
44968	97
44970	97
44971	97
44996	97
44998	97
45031	97
45037	97
45039	97
45042	97
45050	97
45055	97
45064	97
45066	97
45067	97
45069	97
45094	97
45110	97
45121	97
45130	97
45149	97
45165	97
45167	97
45170	97
45274	97
45288	97
45290	97
45293	97
45294	97
45301	97
45302	97
45321	97
45325	97
45357	97
45359	97
45367	97
45386	97
45389	97
45393	97
45412	97
45430	97
45437	97
45474	97
45506	97
45525	97
45531	97
45551	97
45560	97
45565	97
45579	97
45611	97
45636	97
45645	97
45646	97
45666	97
45673	97
45674	97
45717	97
45723	97
45731	97
45754	97
45764	97
45777	97
45794	97
45803	97
45839	97
45852	97
45856	97
45857	97
45879	97
45881	97
45883	97
45896	97
45903	97
45924	97
45953	97
46006	97
46017	97
46042	97
46090	97
46094	97
46105	97
46120	97
46125	97
46141	97
46148	97
46162	97
46173	97
46188	97
46258	97
46268	97
46277	97
46305	97
46306	97
46310	97
46316	97
46321	97
46329	97
46345	97
46360	97
46403	97
46439	97
46447	97
46479	97
46492	97
46493	97
46498	97
46499	97
46501	97
46541	97
46548	97
46551	97
46561	97
46575	97
46589	97
46619	97
46624	97
46632	97
46636	97
46644	97
46703	97
46711	97
46716	97
46724	97
46735	97
46740	97
46743	97
46775	97
46785	97
46838	97
46879	97
46883	97
46907	97
46918	97
46936	97
46958	97
46960	97
46990	97
47006	97
47007	97
47009	97
47045	97
47051	97
47057	97
47061	97
47066	97
47070	97
47081	97
47123	97
47128	97
47133	97
47169	97
47174	97
47179	97
47181	97
47189	97
47199	97
47222	97
47228	97
47247	97
47254	97
47255	97
47257	97
47262	97
47271	97
47284	97
47302	97
47311	97
47316	97
47318	97
47320	97
47322	97
47335	97
47358	97
47370	97
47378	97
47380	97
47392	97
47395	97
47396	97
47404	97
47449	97
47453	97
47504	97
47505	97
47563	97
47567	97
47573	97
47577	97
47591	97
47612	97
47637	97
47643	97
47665	97
47674	97
47675	97
47680	97
47695	97
47701	97
47711	97
47741	97
47751	97
47760	97
47771	97
47801	97
47823	97
47853	97
47885	97
47886	97
47901	97
47954	97
47966	97
47971	97
47986	97
47992	97
48009	97
48036	97
48057	97
48066	97
48090	97
48101	97
48127	97
48161	97
48213	97
48218	97
48230	97
48272	97
48283	97
48285	97
48291	97
48295	97
48302	97
48331	97
48341	97
48345	97
48379	97
48392	97
48397	97
48406	97
48420	97
48436	97
48445	97
48456	97
48467	97
48499	97
48527	97
48534	97
48550	97
48557	97
48568	97
48589	97
48592	97
48626	97
48634	97
48646	97
48654	97
48690	97
48735	97
48754	97
48763	97
48769	97
48821	97
48843	97
48845	97
48856	97
48869	97
48872	97
48887	97
48900	97
48912	97
48915	97
48953	97
48963	97
48964	97
48977	97
48990	97
49033	97
49042	97
49053	97
49080	97
49109	97
49118	97
49127	97
49129	97
49131	97
49132	97
49144	97
49169	97
49201	97
49218	97
49225	97
49228	97
49256	97
49287	97
49309	97
49330	97
49350	97
49351	97
49352	97
49421	97
49446	97
49463	97
49467	97
49496	97
49497	97
49502	97
49504	97
49516	97
49526	97
49535	97
49563	97
49573	97
49576	97
49586	97
49596	97
49610	97
49617	97
49643	97
49675	97
49677	97
49681	97
49688	97
49696	97
49697	97
49699	97
49710	97
49719	97
49721	97
49733	97
49738	97
49740	97
49749	97
49766	97
49785	97
49798	97
49799	97
49838	97
49856	97
49872	97
49875	97
49885	97
49893	97
49977	97
49988	97
49991	97
49993	97
3	96
42	96
93	96
96	96
108	96
132	96
135	96
156	96
208	96
223	96
243	96
254	96
271	96
272	96
303	96
310	96
340	96
342	96
346	96
367	96
383	96
400	96
419	96
420	96
447	96
473	96
530	96
533	96
541	96
554	96
576	96
587	96
606	96
613	96
627	96
692	96
713	96
717	96
720	96
758	96
765	96
801	96
811	96
845	96
866	96
892	96
901	96
905	96
915	96
921	96
939	96
955	96
966	96
970	96
1000	96
1101	96
1103	96
1106	96
1107	96
1122	96
1159	96
1184	96
1203	96
1209	96
1243	96
1251	96
1283	96
1296	96
1304	96
1308	96
1315	96
1329	96
1343	96
1354	96
1359	96
1373	96
1375	96
1380	96
1400	96
1406	96
1417	96
1424	96
1429	96
1457	96
1491	96
1506	96
1535	96
1537	96
1542	96
1546	96
1549	96
1552	96
1556	96
1564	96
1581	96
1587	96
1591	96
1593	96
1625	96
1628	96
1629	96
1653	96
1680	96
1694	96
1765	96
1769	96
1786	96
1801	96
1824	96
1851	96
1865	96
1881	96
1886	96
1900	96
1906	96
1913	96
1916	96
1930	96
1944	96
1956	96
1971	96
1979	96
2003	96
2006	96
2014	96
2082	96
2112	96
2126	96
2133	96
2191	96
2210	96
2229	96
2232	96
2237	96
2257	96
2258	96
2269	96
2315	96
2322	96
2353	96
2361	96
2372	96
2384	96
2390	96
2391	96
2427	96
2433	96
2442	96
2459	96
2493	96
2507	96
2517	96
2561	96
2579	96
2614	96
2639	96
2642	96
2660	96
2682	96
2694	96
2719	96
2725	96
2729	96
2735	96
2760	96
2787	96
2790	96
2796	96
2816	96
2819	96
2831	96
2845	96
2884	96
2885	96
2906	96
2920	96
2929	96
2939	96
2951	96
2977	96
2978	96
2992	96
2993	96
3014	96
3023	96
3025	96
3036	96
3044	96
3059	96
3083	96
3111	96
3129	96
3130	96
3170	96
3187	96
3230	96
3258	96
3263	96
3272	96
3307	96
3333	96
3358	96
3373	96
3406	96
3414	96
3452	96
3453	96
3531	96
3555	96
3575	96
3582	96
3613	96
3619	96
3692	96
3701	96
3719	96
3811	96
3820	96
3841	96
3868	96
3871	96
3878	96
3901	96
3937	96
3941	96
3980	96
4011	96
4026	96
4087	96
4105	96
4108	96
4127	96
4136	96
4155	96
4162	96
4187	96
4193	96
4208	96
4223	96
4231	96
4234	96
4238	96
4294	96
4305	96
4312	96
4317	96
4359	96
4426	96
4435	96
4454	96
4501	96
4505	96
4518	96
4601	96
4609	96
4634	96
4650	96
4671	96
4677	96
4680	96
4704	96
4727	96
4737	96
4744	96
4757	96
4779	96
4785	96
4789	96
4832	96
4839	96
4857	96
4860	96
4885	96
4919	96
4966	96
4974	96
4985	96
5031	96
5044	96
5045	96
5062	96
5116	96
5122	96
5206	96
5217	96
5278	96
5283	96
5302	96
5315	96
5331	96
5358	96
5370	96
5372	96
5375	96
5400	96
5406	96
5473	96
5476	96
5514	96
5537	96
5539	96
5552	96
5562	96
5564	96
5571	96
5605	96
5637	96
5654	96
5669	96
5673	96
5702	96
5753	96
5774	96
5796	96
5813	96
5829	96
5855	96
5876	96
5952	96
5956	96
5963	96
5984	96
6018	96
6066	96
6146	96
6150	96
6157	96
6177	96
6180	96
6206	96
6230	96
6238	96
6240	96
6247	96
6279	96
6292	96
6299	96
6325	96
6341	96
6344	96
6348	96
6386	96
6407	96
6438	96
6448	96
6470	96
6486	96
6495	96
6525	96
6536	96
6575	96
6586	96
6587	96
6590	96
6602	96
6610	96
6611	96
6687	96
6717	96
6768	96
6772	96
6785	96
6841	96
6848	96
6857	96
6884	96
6890	96
6911	96
6912	96
6923	96
6932	96
6949	96
6955	96
6970	96
7008	96
7012	96
7014	96
7047	96
7052	96
7090	96
7097	96
7144	96
7218	96
7227	96
7253	96
7340	96
7380	96
7417	96
7491	96
7514	96
7518	96
7521	96
7522	96
7561	96
7582	96
7603	96
7666	96
7690	96
7756	96
7780	96
7782	96
7788	96
7830	96
7838	96
7917	96
7935	96
7942	96
7947	96
7966	96
8035	96
8060	96
8095	96
8102	96
8114	96
8117	96
8129	96
8148	96
8153	96
8160	96
8199	96
8225	96
8233	96
8250	96
8257	96
8258	96
8282	96
8299	96
8322	96
8344	96
8349	96
8365	96
8427	96
8439	96
8443	96
8453	96
8490	96
8511	96
8534	96
8575	96
8578	96
8594	96
8597	96
8609	96
8633	96
8666	96
8705	96
8716	96
8731	96
8774	96
8784	96
8793	96
8794	96
8803	96
8816	96
8832	96
8846	96
8878	96
8919	96
8952	96
8954	96
8956	96
8968	96
8996	96
9018	96
9057	96
9059	96
9064	96
9086	96
9089	96
9109	96
9122	96
9126	96
9141	96
9175	96
9178	96
9257	96
9270	96
9277	96
9289	96
9290	96
9316	96
9318	96
9346	96
9358	96
9364	96
9439	96
9443	96
9474	96
9493	96
9500	96
9502	96
9504	96
9510	96
9523	96
9529	96
9553	96
9626	96
9630	96
9647	96
9668	96
9690	96
9718	96
9733	96
9773	96
9781	96
9782	96
9791	96
9805	96
9821	96
9848	96
9902	96
9911	96
9917	96
9950	96
9952	96
9953	96
9954	96
9963	96
9971	96
10059	96
10077	96
10079	96
10082	96
10099	96
10128	96
10130	96
10146	96
10167	96
10179	96
10193	96
10227	96
10233	96
10237	96
10247	96
10254	96
10267	96
10299	96
10305	96
10309	96
10311	96
10362	96
10393	96
10426	96
10440	96
10445	96
10463	96
10478	96
10514	96
10519	96
10536	96
10550	96
10552	96
10555	96
10562	96
10582	96
10600	96
10605	96
10618	96
10635	96
10671	96
10675	96
10688	96
10689	96
10690	96
10699	96
10705	96
10738	96
10752	96
10785	96
10822	96
10855	96
10866	96
10867	96
10890	96
10898	96
10904	96
10935	96
10957	96
10971	96
11005	96
11010	96
11012	96
11014	96
11035	96
11041	96
11047	96
11085	96
11106	96
11114	96
11116	96
11118	96
11127	96
11148	96
11175	96
11216	96
11219	96
11251	96
11287	96
11302	96
11303	96
11310	96
11314	96
11329	96
11330	96
11341	96
11346	96
11386	96
11389	96
11400	96
11425	96
11491	96
11493	96
11550	96
11567	96
11582	96
11603	96
11606	96
11625	96
11631	96
11661	96
11662	96
11674	96
11708	96
11709	96
11716	96
11779	96
11790	96
11823	96
11850	96
11877	96
11918	96
11960	96
11961	96
11968	96
11993	96
11994	96
12009	96
12056	96
12073	96
12085	96
12088	96
12130	96
12132	96
12176	96
12178	96
12182	96
12197	96
12200	96
12209	96
12223	96
12241	96
12251	96
12283	96
12289	96
12290	96
12298	96
12325	96
12333	96
12334	96
12374	96
12379	96
12388	96
12405	96
12432	96
12462	96
12481	96
12496	96
12569	96
12578	96
12583	96
12614	96
12616	96
12624	96
12671	96
12685	96
12692	96
12696	96
12699	96
12703	96
12724	96
12777	96
12798	96
12810	96
12829	96
12830	96
12841	96
12846	96
12849	96
12870	96
12887	96
12914	96
12921	96
12922	96
12929	96
12931	96
12959	96
12972	96
12983	96
12993	96
13029	96
13030	96
13044	96
13047	96
13062	96
13117	96
13166	96
13216	96
13238	96
13275	96
13277	96
13287	96
13367	96
13387	96
13398	96
13415	96
13439	96
13448	96
13449	96
13453	96
13477	96
13506	96
13507	96
13529	96
13536	96
13556	96
13561	96
13562	96
13574	96
13576	96
13610	96
13614	96
13617	96
13664	96
13675	96
13679	96
13708	96
13750	96
13756	96
13760	96
13796	96
13806	96
13830	96
13835	96
13855	96
13880	96
13892	96
13895	96
13903	96
13923	96
13939	96
13959	96
13965	96
13966	96
13993	96
14017	96
14018	96
14041	96
14056	96
14075	96
14084	96
14122	96
14145	96
14174	96
14179	96
14184	96
14188	96
14191	96
14201	96
14249	96
14254	96
14255	96
14258	96
14262	96
14309	96
14341	96
14422	96
14478	96
14486	96
14487	96
14511	96
14531	96
14585	96
14596	96
14601	96
14608	96
14644	96
14645	96
14646	96
14649	96
14685	96
14698	96
14701	96
14705	96
14715	96
14732	96
14754	96
14762	96
14776	96
14801	96
14808	96
14810	96
14811	96
14815	96
14827	96
14854	96
14857	96
14874	96
14877	96
14879	96
14894	96
14897	96
14955	96
14974	96
14983	96
14985	96
15044	96
15071	96
15085	96
15094	96
15103	96
15125	96
15127	96
15131	96
15133	96
15151	96
15156	96
15160	96
15171	96
15187	96
15193	96
15206	96
15209	96
15235	96
15253	96
15257	96
15260	96
15271	96
15285	96
15292	96
15309	96
15338	96
15351	96
15354	96
15368	96
15430	96
15443	96
15462	96
15473	96
15482	96
15485	96
15508	96
15522	96
15528	96
15544	96
15553	96
15571	96
15589	96
15609	96
15648	96
15686	96
15719	96
15721	96
15740	96
15772	96
15773	96
15797	96
15809	96
15860	96
15870	96
15877	96
15900	96
15908	96
15910	96
15922	96
15925	96
15927	96
15943	96
15959	96
15976	96
15982	96
15996	96
16046	96
16048	96
16068	96
16079	96
16092	96
16100	96
16129	96
16160	96
16161	96
16198	96
16204	96
16225	96
16300	96
16327	96
16340	96
16355	96
16358	96
16362	96
16398	96
16415	96
16427	96
16434	96
16439	96
16459	96
16468	96
16488	96
16538	96
16551	96
16559	96
16565	96
16577	96
16597	96
16637	96
16666	96
16674	96
16685	96
16689	96
16727	96
16739	96
16748	96
16763	96
16765	96
16783	96
16808	96
16810	96
16820	96
16841	96
16861	96
16877	96
16878	96
16889	96
16893	96
16901	96
16924	96
16945	96
16951	96
16964	96
17000	96
17004	96
17020	96
17022	96
17029	96
17039	96
17051	96
17062	96
17070	96
17083	96
17086	96
17116	96
17120	96
17165	96
17166	96
17176	96
17182	96
17194	96
17196	96
17201	96
17214	96
17249	96
17259	96
17260	96
17274	96
17290	96
17327	96
17329	96
17363	96
17377	96
17382	96
17431	96
17437	96
17480	96
17485	96
17490	96
17507	96
17514	96
17522	96
17535	96
17543	96
17566	96
17600	96
17602	96
17609	96
17620	96
17622	96
17651	96
17652	96
17661	96
17665	96
17708	96
17741	96
17761	96
17764	96
17772	96
17801	96
17808	96
17811	96
17836	96
17876	96
17913	96
17921	96
17926	96
17951	96
17985	96
17999	96
18020	96
18130	96
18174	96
18190	96
18227	96
18266	96
18267	96
18293	96
18333	96
18334	96
18339	96
18344	96
18358	96
18368	96
18388	96
18416	96
18471	96
18476	96
18488	96
18504	96
18507	96
18515	96
18532	96
18537	96
18539	96
18558	96
18563	96
18569	96
18597	96
18626	96
18654	96
18655	96
18699	96
18734	96
18757	96
18765	96
18767	96
18783	96
18813	96
18871	96
18909	96
18918	96
18999	96
19016	96
19025	96
19043	96
19059	96
19061	96
19067	96
19076	96
19077	96
19084	96
19145	96
19153	96
19172	96
19197	96
19211	96
19231	96
19286	96
19309	96
19328	96
19358	96
19369	96
19388	96
19445	96
19451	96
19462	96
19492	96
19499	96
19519	96
19568	96
19573	96
19592	96
19637	96
19678	96
19689	96
19696	96
19701	96
19711	96
19713	96
19716	96
19738	96
19745	96
19755	96
19761	96
19762	96
19791	96
19802	96
19825	96
19840	96
19852	96
19864	96
19876	96
19880	96
19881	96
19899	96
19912	96
19935	96
19943	96
19957	96
19967	96
19976	96
19977	96
19990	96
20026	96
20049	96
20055	96
20072	96
20073	96
20086	96
20096	96
20099	96
20107	96
20110	96
20111	96
20114	96
20128	96
20148	96
20183	96
20217	96
20223	96
20225	96
20237	96
20257	96
20297	96
20300	96
20302	96
20328	96
20350	96
20364	96
20373	96
20412	96
20426	96
20432	96
20433	96
20435	96
20439	96
20457	96
20458	96
20469	96
20509	96
20511	96
20558	96
20571	96
20585	96
20629	96
20633	96
20664	96
20670	96
20689	96
20726	96
20734	96
20778	96
20809	96
20887	96
20897	96
20905	96
20941	96
20946	96
20955	96
20990	96
21000	96
21009	96
21052	96
21058	96
21059	96
21098	96
21112	96
21119	96
21141	96
21142	96
21204	96
21281	96
21296	96
21304	96
21307	96
21313	96
21315	96
21321	96
21323	96
21333	96
21362	96
21405	96
21418	96
21476	96
21482	96
21494	96
21498	96
21503	96
21515	96
21533	96
21543	96
21545	96
21573	96
21595	96
21607	96
21623	96
21632	96
21640	96
21667	96
21672	96
21681	96
21737	96
21740	96
21752	96
21753	96
21757	96
21803	96
21816	96
21825	96
21845	96
21859	96
21881	96
21891	96
21895	96
21896	96
21898	96
21901	96
21938	96
21963	96
21968	96
21998	96
22031	96
22049	96
22057	96
22058	96
22070	96
22076	96
22158	96
22164	96
22170	96
22174	96
22175	96
22189	96
22211	96
22246	96
22269	96
22320	96
22343	96
22350	96
22355	96
22409	96
22413	96
22447	96
22454	96
22501	96
22535	96
22545	96
22548	96
22575	96
22581	96
22592	96
22594	96
22617	96
22646	96
22649	96
22650	96
22667	96
22679	96
22684	96
22685	96
22720	96
22749	96
22785	96
22809	96
22828	96
22830	96
22847	96
22886	96
22907	96
22930	96
22932	96
22935	96
22936	96
22937	96
22939	96
22952	96
22986	96
22994	96
22995	96
23021	96
23025	96
23086	96
23095	96
23103	96
23106	96
23113	96
23119	96
23123	96
23137	96
23138	96
23158	96
23185	96
23199	96
23209	96
23227	96
23235	96
23238	96
23243	96
23251	96
23275	96
23276	96
23303	96
23347	96
23352	96
23364	96
23373	96
23403	96
23408	96
23418	96
23419	96
23431	96
23446	96
23479	96
23507	96
23519	96
23532	96
23536	96
23542	96
23544	96
23549	96
23593	96
23604	96
23620	96
23638	96
23651	96
23670	96
23681	96
23698	96
23746	96
23748	96
23749	96
23795	96
23851	96
23894	96
23902	96
23911	96
23923	96
23929	96
23939	96
23948	96
23971	96
23973	96
23993	96
24025	96
24059	96
24079	96
24088	96
24092	96
24098	96
24149	96
24206	96
24231	96
24241	96
24264	96
24267	96
24345	96
24355	96
24385	96
24387	96
24396	96
24424	96
24473	96
24492	96
24503	96
24513	96
24514	96
24529	96
24548	96
24595	96
24598	96
24654	96
24670	96
24676	96
24697	96
24711	96
24752	96
24755	96
24768	96
24824	96
24827	96
24828	96
24839	96
24840	96
24894	96
24899	96
24913	96
24930	96
24951	96
24962	96
24994	96
25004	96
25007	96
25023	96
25029	96
25096	96
25110	96
25144	96
25149	96
25161	96
25178	96
25198	96
25199	96
25200	96
25204	96
25207	96
25232	96
25241	96
25244	96
25255	96
25260	96
25291	96
25303	96
25306	96
25311	96
25331	96
25332	96
25336	96
25367	96
25417	96
25430	96
25439	96
25440	96
25452	96
25459	96
25472	96
25475	96
25506	96
25517	96
25522	96
25561	96
25563	96
25573	96
25597	96
25603	96
25633	96
25666	96
25674	96
25692	96
25715	96
25720	96
25737	96
25768	96
25810	96
25840	96
25866	96
25887	96
25919	96
25924	96
25936	96
25938	96
26005	96
26009	96
26018	96
26033	96
26036	96
26040	96
26081	96
26096	96
26105	96
26153	96
26162	96
26167	96
26188	96
26213	96
26261	96
26266	96
26269	96
26273	96
26289	96
26294	96
26299	96
26309	96
26312	96
26316	96
26332	96
26367	96
26372	96
26381	96
26395	96
26415	96
26468	96
26528	96
26550	96
26564	96
26568	96
26576	96
26579	96
26610	96
26635	96
26678	96
26709	96
26728	96
26738	96
26764	96
26769	96
26773	96
26805	96
26815	96
26829	96
26839	96
26854	96
26866	96
26869	96
26943	96
26956	96
26970	96
26978	96
26982	96
26986	96
26990	96
26996	96
27022	96
27024	96
27031	96
27033	96
27044	96
27053	96
27073	96
27078	96
27089	96
27100	96
27116	96
27121	96
27158	96
27188	96
27192	96
27224	96
27234	96
27236	96
27243	96
27266	96
27364	96
27398	96
27425	96
27457	96
27464	96
27476	96
27527	96
27556	96
27574	96
27576	96
27577	96
27581	96
27598	96
27603	96
27609	96
27617	96
27629	96
27648	96
27655	96
27660	96
27668	96
27669	96
27670	96
27711	96
27743	96
27750	96
27768	96
27770	96
27774	96
27790	96
27797	96
27845	96
27861	96
27866	96
27905	96
27923	96
27947	96
27973	96
27984	96
27997	96
27999	96
28001	96
28014	96
28033	96
28067	96
28106	96
28112	96
28131	96
28146	96
28162	96
28180	96
28192	96
28197	96
28210	96
28215	96
28217	96
28225	96
28227	96
28238	96
28254	96
28263	96
28267	96
28275	96
28287	96
28291	96
28302	96
28307	96
28334	96
28348	96
28363	96
28377	96
28382	96
28384	96
28404	96
28409	96
28419	96
28452	96
28468	96
28542	96
28550	96
28573	96
28577	96
28589	96
28616	96
28618	96
28634	96
28654	96
28666	96
28673	96
28687	96
28706	96
28715	96
28734	96
28755	96
28796	96
28797	96
28829	96
28854	96
28856	96
28865	96
28888	96
28902	96
28913	96
28925	96
28989	96
28994	96
28998	96
29036	96
29057	96
29060	96
29061	96
29064	96
29075	96
29078	96
29090	96
29110	96
29195	96
29202	96
29220	96
29224	96
29229	96
29249	96
29257	96
29269	96
29311	96
29371	96
29373	96
29437	96
29442	96
29461	96
29466	96
29467	96
29471	96
29484	96
29511	96
29539	96
29574	96
29588	96
29590	96
29599	96
29610	96
29627	96
29637	96
29665	96
29682	96
29715	96
29717	96
29735	96
29759	96
29763	96
29772	96
29803	96
29807	96
29824	96
29831	96
29844	96
29867	96
29887	96
29897	96
29927	96
29928	96
29940	96
29941	96
29952	96
29970	96
29976	96
29998	96
30003	96
30005	96
30048	96
30054	96
30078	96
30082	96
30090	96
30109	96
30114	96
30128	96
30155	96
30187	96
30196	96
30209	96
30220	96
30227	96
30284	96
30289	96
30294	96
30315	96
30337	96
30352	96
30383	96
30404	96
30426	96
30428	96
30466	96
30481	96
30485	96
30506	96
30520	96
30526	96
30548	96
30557	96
30563	96
30571	96
30572	96
30590	96
30611	96
30635	96
30674	96
30686	96
30694	96
30729	96
30743	96
30750	96
30776	96
30780	96
30790	96
30817	96
30828	96
30840	96
30860	96
30886	96
30921	96
30929	96
30931	96
30946	96
30947	96
30969	96
30990	96
30991	96
31003	96
31020	96
31024	96
31027	96
31036	96
31047	96
31048	96
31088	96
31096	96
31107	96
31114	96
31124	96
31144	96
31155	96
31159	96
31168	96
31194	96
31221	96
31224	96
31225	96
31232	96
31292	96
31299	96
31318	96
31336	96
31339	96
31364	96
31382	96
31386	96
31390	96
31399	96
31446	96
31454	96
31490	96
31519	96
31536	96
31543	96
31549	96
31562	96
31571	96
31577	96
31609	96
31641	96
31642	96
31683	96
31695	96
31709	96
31746	96
31747	96
31752	96
31766	96
31772	96
31826	96
31829	96
31833	96
31838	96
31841	96
31850	96
31851	96
31866	96
31874	96
31885	96
31898	96
31906	96
31909	96
31922	96
31939	96
31986	96
31992	96
31995	96
32001	96
32012	96
32013	96
32070	96
32118	96
32122	96
32123	96
32149	96
32158	96
32197	96
32204	96
32235	96
32257	96
32276	96
32300	96
32303	96
32327	96
32389	96
32391	96
32393	96
32413	96
32436	96
32440	96
32460	96
32461	96
32472	96
32475	96
32489	96
32501	96
32535	96
32579	96
32593	96
32620	96
32637	96
32659	96
32664	96
32683	96
32695	96
32698	96
32712	96
32720	96
32723	96
32739	96
32745	96
32756	96
32771	96
32780	96
32794	96
32838	96
32840	96
32898	96
32922	96
32949	96
32961	96
32977	96
32979	96
32992	96
33010	96
33021	96
33038	96
33065	96
33073	96
33086	96
33095	96
33097	96
33123	96
33147	96
33184	96
33187	96
33205	96
33231	96
33246	96
33251	96
33293	96
33323	96
33340	96
33352	96
33379	96
33388	96
33421	96
33429	96
33432	96
33457	96
33473	96
33501	96
33505	96
33511	96
33514	96
33517	96
33527	96
33530	96
33538	96
33554	96
33559	96
33575	96
33596	96
33602	96
33628	96
33653	96
33673	96
33677	96
33698	96
33717	96
33720	96
33725	96
33727	96
33728	96
33750	96
33761	96
33770	96
33789	96
33792	96
33794	96
33798	96
33827	96
33835	96
33842	96
33850	96
33855	96
33902	96
33906	96
33916	96
33942	96
33948	96
33954	96
33977	96
34000	96
34034	96
34050	96
34053	96
34070	96
34093	96
34101	96
34103	96
34119	96
34126	96
34137	96
34140	96
34171	96
34174	96
34178	96
34217	96
34255	96
34257	96
34261	96
34263	96
34297	96
34299	96
34329	96
34330	96
34337	96
34340	96
34374	96
34387	96
34417	96
34436	96
34439	96
34464	96
34472	96
34484	96
34486	96
34495	96
34499	96
34531	96
34535	96
34554	96
34557	96
34573	96
34607	96
34638	96
34710	96
34737	96
34738	96
34750	96
34795	96
34850	96
34891	96
34910	96
34926	96
34935	96
34936	96
34940	96
35006	96
35009	96
35021	96
35025	96
35040	96
35059	96
35062	96
35082	96
35109	96
35113	96
35127	96
35137	96
35144	96
35149	96
35160	96
35168	96
35187	96
35196	96
35214	96
35248	96
35269	96
35275	96
35307	96
35326	96
35334	96
35377	96
35378	96
35385	96
35389	96
35413	96
35414	96
35432	96
35442	96
35447	96
35455	96
35476	96
35513	96
35514	96
35523	96
35529	96
35536	96
35546	96
35575	96
35579	96
35596	96
35618	96
35620	96
35648	96
35653	96
35688	96
35718	96
35722	96
35724	96
35725	96
35728	96
35729	96
35750	96
35763	96
35784	96
35798	96
35814	96
35831	96
35841	96
35844	96
35871	96
35880	96
35894	96
35918	96
35939	96
35970	96
35981	96
35985	96
35987	96
36002	96
36003	96
36010	96
36011	96
36052	96
36069	96
36084	96
36093	96
36100	96
36113	96
36140	96
36147	96
36175	96
36179	96
36206	96
36238	96
36255	96
36260	96
36287	96
36300	96
36314	96
36339	96
36392	96
36419	96
36430	96
36436	96
36446	96
36463	96
36501	96
36508	96
36523	96
36536	96
36582	96
36600	96
36612	96
36629	96
36652	96
36699	96
36718	96
36724	96
36741	96
36770	96
36771	96
36821	96
36822	96
36851	96
36890	96
36916	96
36919	96
36920	96
36925	96
36930	96
36973	96
37034	96
37036	96
37037	96
37083	96
37084	96
37088	96
37101	96
37103	96
37104	96
37107	96
37134	96
37138	96
37144	96
37155	96
37197	96
37203	96
37234	96
37254	96
37255	96
37274	96
37278	96
37284	96
37292	96
37311	96
37322	96
37324	96
37339	96
37350	96
37354	96
37359	96
37367	96
37368	96
37387	96
37389	96
37394	96
37406	96
37435	96
37440	96
37452	96
37472	96
37484	96
37495	96
37517	96
37528	96
37533	96
37555	96
37556	96
37568	96
37571	96
37600	96
37610	96
37638	96
37645	96
37663	96
37667	96
37670	96
37710	96
37715	96
37718	96
37808	96
37842	96
37872	96
37891	96
37892	96
37894	96
37924	96
37952	96
37985	96
38001	96
38004	96
38024	96
38029	96
38051	96
38055	96
38057	96
38077	96
38090	96
38109	96
38111	96
38129	96
38130	96
38150	96
38153	96
38157	96
38211	96
38224	96
38247	96
38248	96
38294	96
38296	96
38311	96
38312	96
38315	96
38322	96
38349	96
38363	96
38374	96
38375	96
38409	96
38416	96
38456	96
38464	96
38481	96
38549	96
38555	96
38571	96
38598	96
38603	96
38618	96
38635	96
38653	96
38661	96
38670	96
38677	96
38681	96
38698	96
38710	96
38719	96
38757	96
38759	96
38761	96
38771	96
38804	96
38805	96
38811	96
38822	96
38835	96
38890	96
38910	96
38983	96
38985	96
38986	96
38989	96
39011	96
39019	96
39099	96
39103	96
39105	96
39119	96
39127	96
39151	96
39155	96
39172	96
39174	96
39177	96
39196	96
39213	96
39244	96
39250	96
39292	96
39300	96
39321	96
39342	96
39346	96
39361	96
39364	96
39387	96
39390	96
39395	96
39407	96
39414	96
39441	96
39445	96
39451	96
39459	96
39463	96
39497	96
39506	96
39526	96
39540	96
39557	96
39602	96
39612	96
39617	96
39641	96
39666	96
39669	96
39676	96
39690	96
39701	96
39708	96
39765	96
39798	96
39802	96
39834	96
39843	96
39851	96
39853	96
39873	96
39910	96
39929	96
39933	96
39945	96
39964	96
39968	96
39977	96
40018	96
40022	96
40046	96
40048	96
40049	96
40050	96
40122	96
40132	96
40136	96
40142	96
40163	96
40204	96
40210	96
40212	96
40214	96
40255	96
40284	96
40288	96
40313	96
40340	96
40341	96
40343	96
40349	96
40355	96
40361	96
40363	96
40365	96
40379	96
40388	96
40391	96
40397	96
40421	96
40426	96
40444	96
40459	96
40475	96
40487	96
40500	96
40512	96
40545	96
40553	96
40563	96
40582	96
40588	96
40596	96
40605	96
40625	96
40652	96
40654	96
40696	96
40718	96
40729	96
40732	96
40740	96
40794	96
40848	96
40861	96
40872	96
40886	96
40896	96
40952	96
40953	96
40983	96
41001	96
41015	96
41031	96
41037	96
41039	96
41042	96
41067	96
41074	96
41136	96
41140	96
41141	96
41194	96
41199	96
41205	96
41219	96
41229	96
41231	96
41239	96
41281	96
41303	96
41308	96
41326	96
41345	96
41366	96
41382	96
41411	96
41413	96
41424	96
41439	96
41442	96
41456	96
41457	96
41462	96
41469	96
41480	96
41490	96
41503	96
41535	96
41551	96
41562	96
41627	96
41628	96
41652	96
41684	96
41702	96
41767	96
41799	96
41833	96
41851	96
41875	96
41899	96
41915	96
41958	96
41960	96
41974	96
41977	96
42007	96
42020	96
42027	96
42037	96
42043	96
42051	96
42069	96
42081	96
42101	96
42122	96
42143	96
42190	96
42226	96
42237	96
42244	96
42250	96
42273	96
42280	96
42290	96
42304	96
42319	96
42355	96
42362	96
42389	96
42422	96
42436	96
42442	96
42470	96
42513	96
42516	96
42521	96
42523	96
42534	96
42572	96
42584	96
42587	96
42611	96
42617	96
42621	96
42622	96
42640	96
42649	96
42659	96
42689	96
42705	96
42710	96
42712	96
42714	96
42715	96
42716	96
42729	96
42734	96
42737	96
42742	96
42745	96
42746	96
42819	96
42833	96
42855	96
42879	96
42914	96
42920	96
42929	96
42965	96
42968	96
42970	96
42975	96
43041	96
43042	96
43049	96
43068	96
43069	96
43079	96
43111	96
43112	96
43118	96
43126	96
43132	96
43134	96
43139	96
43141	96
43143	96
43154	96
43157	96
43160	96
43176	96
43177	96
43181	96
43218	96
43250	96
43264	96
43278	96
43280	96
43286	96
43319	96
43351	96
43355	96
43356	96
43400	96
43405	96
43422	96
43426	96
43429	96
43436	96
43451	96
43460	96
43522	96
43531	96
43533	96
43541	96
43547	96
43553	96
43557	96
43576	96
43599	96
43611	96
43612	96
43621	96
43622	96
43643	96
43659	96
43689	96
43692	96
43713	96
43721	96
43739	96
43743	96
43745	96
43765	96
43805	96
43825	96
43836	96
43847	96
43850	96
43855	96
43868	96
43870	96
43878	96
43915	96
43929	96
43960	96
43963	96
43967	96
43974	96
43975	96
44014	96
44036	96
44052	96
44055	96
44067	96
44096	96
44112	96
44173	96
44196	96
44203	96
44220	96
44227	96
44230	96
44247	96
44294	96
44299	96
44301	96
44302	96
44362	96
44369	96
44373	96
44429	96
44441	96
44484	96
44512	96
44523	96
44529	96
44532	96
44538	96
44571	96
44572	96
44582	96
44609	96
44655	96
44681	96
44685	96
44700	96
44711	96
44719	96
44752	96
44774	96
44788	96
44789	96
44803	96
44840	96
44842	96
44845	96
44866	96
44885	96
44898	96
44901	96
44906	96
44920	96
44939	96
44940	96
44956	96
44972	96
44980	96
44997	96
45002	96
45006	96
45023	96
45043	96
45045	96
45074	96
45106	96
45136	96
45144	96
45166	96
45199	96
45218	96
45232	96
45252	96
45259	96
45263	96
45270	96
45276	96
45286	96
45337	96
45346	96
45352	96
45373	96
45383	96
45384	96
45390	96
45436	96
45475	96
45496	96
45515	96
45521	96
45528	96
45541	96
45555	96
45559	96
45584	96
45591	96
45618	96
45647	96
45649	96
45653	96
45686	96
45712	96
45721	96
45729	96
45734	96
45747	96
45757	96
45759	96
45780	96
45792	96
45828	96
45830	96
45842	96
45850	96
45860	96
45871	96
45875	96
45900	96
45908	96
45910	96
45926	96
45934	96
45955	96
45982	96
45987	96
45990	96
45994	96
45999	96
46034	96
46037	96
46054	96
46104	96
46133	96
46171	96
46186	96
46195	96
46197	96
46204	96
46206	96
46241	96
46295	96
46326	96
46328	96
46355	96
46362	96
46365	96
46370	96
46386	96
46393	96
46395	96
46407	96
46417	96
46420	96
46429	96
46430	96
46434	96
46438	96
46505	96
46507	96
46514	96
46525	96
46543	96
46545	96
46579	96
46594	96
46609	96
46656	96
46668	96
46681	96
46696	96
46728	96
46745	96
46751	96
46757	96
46763	96
46784	96
46796	96
46800	96
46802	96
46815	96
46823	96
46824	96
46836	96
46857	96
46871	96
46872	96
46937	96
46971	96
46991	96
47005	96
47026	96
47031	96
47047	96
47093	96
47101	96
47105	96
47130	96
47139	96
47140	96
47150	96
47153	96
47158	96
47227	96
47232	96
47236	96
47253	96
47281	96
47283	96
47286	96
47295	96
47297	96
47301	96
47303	96
47309	96
47326	96
47338	96
47343	96
47351	96
47355	96
47369	96
47374	96
47375	96
47408	96
47411	96
47437	96
47445	96
47447	96
47456	96
47460	96
47468	96
47470	96
47502	96
47507	96
47511	96
47513	96
47525	96
47528	96
47550	96
47580	96
47608	96
47617	96
47708	96
47713	96
47744	96
47745	96
47746	96
47805	96
47829	96
47836	96
47837	96
47865	96
47869	96
47871	96
47879	96
47888	96
47911	96
47915	96
47917	96
47923	96
47927	96
47939	96
47946	96
47956	96
47976	96
47981	96
47990	96
48001	96
48081	96
48091	96
48098	96
48122	96
48136	96
48168	96
48170	96
48174	96
48221	96
48244	96
48256	96
48259	96
48268	96
48277	96
48336	96
48338	96
48339	96
48361	96
48364	96
48390	96
48395	96
48404	96
48417	96
48427	96
48446	96
48466	96
48486	96
48502	96
48505	96
48519	96
48546	96
48566	96
48591	96
48603	96
48616	96
48643	96
48648	96
48683	96
48699	96
48703	96
48730	96
48736	96
48760	96
48764	96
48782	96
48801	96
48810	96
48828	96
48850	96
48851	96
48862	96
48880	96
48890	96
48898	96
48917	96
48919	96
48933	96
48939	96
48955	96
48956	96
48958	96
48959	96
48961	96
49040	96
49052	96
49055	96
49069	96
49107	96
49121	96
49126	96
49130	96
49135	96
49158	96
49184	96
49192	96
49204	96
49220	96
49235	96
49244	96
49245	96
49253	96
49255	96
49268	96
49270	96
49276	96
49285	96
49288	96
49298	96
49305	96
49311	96
49318	96
49432	96
49536	96
49546	96
49549	96
49550	96
49571	96
49584	96
49587	96
49602	96
49611	96
49631	96
49635	96
49649	96
49663	96
49706	96
49732	96
49761	96
49764	96
49790	96
49801	96
49832	96
49868	96
49888	96
49891	96
49899	96
49913	96
49949	96
49955	96
49968	96
49981	96
49985	96
10	95
33	95
56	95
90	95
112	95
122	95
155	95
170	95
218	95
225	95
316	95
341	95
370	95
381	95
393	95
397	95
422	95
483	95
487	95
534	95
596	95
610	95
634	95
641	95
704	95
721	95
730	95
735	95
750	95
773	95
779	95
793	95
831	95
832	95
867	95
889	95
907	95
932	95
933	95
971	95
1010	95
1032	95
1034	95
1042	95
1049	95
1067	95
1084	95
1088	95
1115	95
1125	95
1141	95
1142	95
1163	95
1170	95
1180	95
1185	95
1204	95
1212	95
1215	95
1219	95
1229	95
1281	95
1286	95
1287	95
1309	95
1316	95
1327	95
1366	95
1379	95
1402	95
1410	95
1420	95
1423	95
1436	95
1443	95
1446	95
1494	95
1509	95
1560	95
1572	95
1632	95
1640	95
1646	95
1730	95
1773	95
1775	95
1788	95
1816	95
1839	95
1943	95
1959	95
1984	95
1997	95
2047	95
2058	95
2101	95
2107	95
2117	95
2159	95
2175	95
2178	95
2187	95
2224	95
2252	95
2338	95
2350	95
2373	95
2403	95
2413	95
2421	95
2431	95
2461	95
2467	95
2473	95
2476	95
2492	95
2498	95
2513	95
2538	95
2543	95
2546	95
2574	95
2612	95
2622	95
2655	95
2669	95
2674	95
2698	95
2711	95
2744	95
2750	95
2834	95
2857	95
2861	95
2911	95
2912	95
2918	95
2956	95
2990	95
3027	95
3037	95
3068	95
3077	95
3133	95
3221	95
3260	95
3270	95
3275	95
3283	95
3324	95
3361	95
3430	95
3473	95
3480	95
3500	95
3510	95
3517	95
3538	95
3540	95
3541	95
3550	95
3616	95
3628	95
3633	95
3645	95
3650	95
3661	95
3663	95
3677	95
3711	95
3724	95
3756	95
3769	95
3783	95
3787	95
3812	95
3823	95
3842	95
3844	95
3907	95
3918	95
3932	95
3948	95
3998	95
4030	95
4054	95
4079	95
4126	95
4143	95
4166	95
4184	95
4197	95
4201	95
4246	95
4255	95
4256	95
4261	95
4262	95
4267	95
4284	95
4304	95
4331	95
4390	95
4416	95
4470	95
4473	95
4497	95
4520	95
4540	95
4557	95
4559	95
4564	95
4567	95
4587	95
4588	95
4599	95
4600	95
4694	95
4741	95
4752	95
4755	95
4764	95
4780	95
4798	95
4820	95
4828	95
4834	95
4844	95
4888	95
4993	95
4994	95
5023	95
5032	95
5046	95
5084	95
5093	95
5105	95
5119	95
5165	95
5166	95
5183	95
5186	95
5196	95
5276	95
5296	95
5316	95
5326	95
5381	95
5404	95
5420	95
5426	95
5440	95
5448	95
5455	95
5465	95
5470	95
5480	95
5524	95
5543	95
5546	95
5549	95
5661	95
5687	95
5694	95
5710	95
5732	95
5788	95
5800	95
5808	95
5810	95
5838	95
5882	95
5890	95
5908	95
5927	95
5931	95
5960	95
5965	95
5969	95
5985	95
6056	95
6057	95
6062	95
6067	95
6068	95
6098	95
6102	95
6119	95
6125	95
6134	95
6142	95
6156	95
6169	95
6190	95
6215	95
6221	95
6237	95
6239	95
6243	95
6264	95
6276	95
6288	95
6296	95
6327	95
6351	95
6391	95
6465	95
6585	95
6606	95
6621	95
6691	95
6704	95
6708	95
6726	95
6760	95
6793	95
6810	95
6823	95
6834	95
6856	95
6870	95
6879	95
6880	95
6906	95
6950	95
6977	95
6990	95
7001	95
7018	95
7089	95
7102	95
7105	95
7143	95
7182	95
7189	95
7199	95
7243	95
7258	95
7264	95
7267	95
7278	95
7281	95
7349	95
7358	95
7360	95
7438	95
7479	95
7485	95
7508	95
7534	95
7537	95
7551	95
7580	95
7593	95
7633	95
7635	95
7657	95
7671	95
7672	95
7699	95
7724	95
7739	95
7763	95
7772	95
7775	95
7797	95
7810	95
7834	95
7839	95
7848	95
7883	95
7884	95
7898	95
7918	95
7983	95
8021	95
8026	95
8075	95
8100	95
8105	95
8112	95
8140	95
8176	95
8182	95
8198	95
8279	95
8280	95
8284	95
8308	95
8309	95
8339	95
8351	95
8361	95
8364	95
8366	95
8373	95
8385	95
8402	95
8416	95
8432	95
8433	95
8434	95
8448	95
8484	95
8515	95
8539	95
8559	95
8622	95
8662	95
8672	95
8675	95
8701	95
8706	95
8744	95
8758	95
8843	95
8874	95
8875	95
8912	95
8913	95
8918	95
8928	95
8940	95
8963	95
8964	95
8966	95
8971	95
8988	95
9072	95
9106	95
9140	95
9153	95
9213	95
9250	95
9299	95
9309	95
9319	95
9337	95
9339	95
9340	95
9345	95
9361	95
9377	95
9391	95
9404	95
9408	95
9448	95
9456	95
9503	95
9520	95
9526	95
9537	95
9544	95
9547	95
9548	95
9593	95
9595	95
9638	95
9666	95
9680	95
9704	95
9708	95
9722	95
9740	95
9749	95
9758	95
9762	95
9766	95
9793	95
9842	95
9852	95
9853	95
9855	95
9859	95
9887	95
9888	95
9912	95
9926	95
9933	95
9957	95
10016	95
10049	95
10090	95
10139	95
10151	95
10161	95
10165	95
10222	95
10232	95
10245	95
10246	95
10266	95
10295	95
10336	95
10341	95
10363	95
10398	95
10401	95
10450	95
10474	95
10515	95
10518	95
10520	95
10540	95
10609	95
10623	95
10629	95
10632	95
10637	95
10640	95
10659	95
10661	95
10668	95
10726	95
10831	95
10833	95
10891	95
10928	95
10974	95
11056	95
11064	95
11083	95
11133	95
11187	95
11223	95
11286	95
11325	95
11355	95
11410	95
11469	95
11500	95
11503	95
11512	95
11548	95
11592	95
11643	95
11672	95
11675	95
11697	95
11710	95
11757	95
11781	95
11784	95
11791	95
11807	95
11843	95
11849	95
11852	95
11954	95
11957	95
12023	95
12053	95
12058	95
12063	95
12066	95
12077	95
12086	95
12107	95
12121	95
12133	95
12147	95
12157	95
12213	95
12227	95
12230	95
12247	95
12269	95
12294	95
12319	95
12358	95
12360	95
12390	95
12406	95
12454	95
12465	95
12494	95
12511	95
12540	95
12543	95
12553	95
12560	95
12596	95
12599	95
12625	95
12626	95
12701	95
12727	95
12755	95
12765	95
12786	95
12787	95
12789	95
12803	95
12858	95
12923	95
12927	95
12967	95
12973	95
12996	95
12999	95
13027	95
13089	95
13093	95
13108	95
13127	95
13150	95
13154	95
13167	95
13171	95
13172	95
13190	95
13244	95
13263	95
13304	95
13354	95
13355	95
13365	95
13366	95
13371	95
13372	95
13416	95
13454	95
13462	95
13469	95
13490	95
13496	95
13523	95
13547	95
13588	95
13643	95
13674	95
13676	95
13721	95
13728	95
13774	95
13775	95
13782	95
13783	95
13787	95
13807	95
13816	95
13817	95
13843	95
13850	95
13872	95
13884	95
13894	95
13898	95
13899	95
13915	95
13943	95
13960	95
13962	95
13972	95
14000	95
14002	95
14005	95
14016	95
14061	95
14079	95
14085	95
14100	95
14112	95
14115	95
14130	95
14195	95
14220	95
14225	95
14238	95
14251	95
14285	95
14293	95
14296	95
14303	95
14314	95
14337	95
14346	95
14366	95
14397	95
14409	95
14444	95
14489	95
14490	95
14499	95
14518	95
14542	95
14581	95
14620	95
14628	95
14666	95
14682	95
14710	95
14713	95
14834	95
14859	95
14862	95
14932	95
14934	95
14944	95
14978	95
14997	95
15012	95
15022	95
15023	95
15038	95
15109	95
15113	95
15130	95
15142	95
15180	95
15214	95
15229	95
15279	95
15341	95
15350	95
15373	95
15382	95
15386	95
15441	95
15450	95
15454	95
15489	95
15554	95
15556	95
15557	95
15569	95
15656	95
15657	95
15710	95
15718	95
15730	95
15736	95
15780	95
15785	95
15794	95
15805	95
15814	95
15859	95
15882	95
15909	95
15963	95
15975	95
16000	95
16044	95
16077	95
16080	95
16081	95
16086	95
16116	95
16121	95
16174	95
16190	95
16194	95
16213	95
16295	95
16314	95
16319	95
16350	95
16379	95
16380	95
16410	95
16413	95
16414	95
16433	95
16494	95
16496	95
16544	95
16575	95
16582	95
16592	95
16634	95
16635	95
16653	95
16679	95
16724	95
16742	95
16756	95
16821	95
16831	95
16836	95
16838	95
16902	95
16926	95
16942	95
16971	95
16990	95
17019	95
17064	95
17066	95
17075	95
17095	95
17112	95
17131	95
17135	95
17203	95
17206	95
17245	95
17256	95
17266	95
17271	95
17272	95
17276	95
17282	95
17299	95
17319	95
17337	95
17346	95
17352	95
17376	95
17379	95
17456	95
17471	95
17475	95
17502	95
17558	95
17570	95
17591	95
17598	95
17608	95
17656	95
17670	95
17676	95
17678	95
17722	95
17743	95
17756	95
17758	95
17760	95
17774	95
17785	95
17816	95
17845	95
17872	95
17886	95
17905	95
17945	95
17977	95
17992	95
17996	95
18042	95
18052	95
18054	95
18063	95
18067	95
18105	95
18112	95
18114	95
18133	95
18143	95
18155	95
18191	95
18192	95
18233	95
18259	95
18277	95
18374	95
18387	95
18393	95
18397	95
18409	95
18445	95
18461	95
18464	95
18469	95
18477	95
18478	95
18543	95
18547	95
18562	95
18618	95
18663	95
18684	95
18696	95
18708	95
18719	95
18747	95
18773	95
18779	95
18782	95
18793	95
18803	95
18817	95
18839	95
18883	95
18914	95
18952	95
19013	95
19027	95
19037	95
19071	95
19090	95
19152	95
19157	95
19161	95
19193	95
19209	95
19228	95
19229	95
19249	95
19284	95
19299	95
19301	95
19318	95
19351	95
19356	95
19419	95
19430	95
19471	95
19475	95
19483	95
19508	95
19509	95
19516	95
19517	95
19521	95
19561	95
19564	95
19583	95
19615	95
19657	95
19691	95
19729	95
19732	95
19739	95
19779	95
19844	95
19859	95
19860	95
19888	95
19901	95
19916	95
19922	95
19933	95
20033	95
20061	95
20064	95
20067	95
20103	95
20104	95
20135	95
20139	95
20153	95
20177	95
20221	95
20222	95
20244	95
20289	95
20295	95
20368	95
20443	95
20450	95
20474	95
20478	95
20515	95
20516	95
20577	95
20594	95
20617	95
20656	95
20696	95
20711	95
20751	95
20763	95
20834	95
20841	95
20876	95
20892	95
20895	95
20916	95
20972	95
20992	95
20996	95
21001	95
21007	95
21026	95
21029	95
21030	95
21043	95
21045	95
21069	95
21070	95
21081	95
21087	95
21092	95
21093	95
21140	95
21146	95
21149	95
21155	95
21156	95
21189	95
21201	95
21283	95
21322	95
21346	95
21387	95
21413	95
21518	95
21522	95
21638	95
21663	95
21666	95
21686	95
21708	95
21731	95
21732	95
21755	95
21779	95
21812	95
21868	95
21877	95
21912	95
21915	95
21921	95
21944	95
21954	95
21965	95
21970	95
21974	95
21987	95
22024	95
22036	95
22083	95
22088	95
22182	95
22190	95
22194	95
22210	95
22249	95
22264	95
22278	95
22279	95
22281	95
22297	95
22309	95
22324	95
22357	95
22362	95
22369	95
22387	95
22428	95
22477	95
22491	95
22497	95
22503	95
22551	95
22554	95
22590	95
22606	95
22611	95
22654	95
22691	95
22733	95
22744	95
22765	95
22781	95
22805	95
22825	95
22842	95
22845	95
22866	95
22906	95
22916	95
22955	95
22972	95
23001	95
23027	95
23054	95
23056	95
23064	95
23087	95
23125	95
23141	95
23156	95
23167	95
23175	95
23182	95
23207	95
23222	95
23223	95
23236	95
23298	95
23344	95
23357	95
23396	95
23398	95
23412	95
23420	95
23422	95
23423	95
23424	95
23441	95
23442	95
23447	95
23455	95
23468	95
23474	95
23502	95
23508	95
23552	95
23591	95
23614	95
23617	95
23628	95
23632	95
23658	95
23671	95
23699	95
23709	95
23777	95
23797	95
23858	95
23865	95
23870	95
23873	95
23886	95
23893	95
23942	95
24021	95
24047	95
24090	95
24091	95
24100	95
24104	95
24165	95
24182	95
24186	95
24190	95
24194	95
24245	95
24274	95
24277	95
24278	95
24285	95
24291	95
24326	95
24362	95
24378	95
24391	95
24413	95
24435	95
24466	95
24480	95
24543	95
24557	95
24563	95
24576	95
24608	95
24638	95
24659	95
24669	95
24683	95
24810	95
24814	95
24821	95
24823	95
24826	95
24846	95
24853	95
24887	95
24903	95
24909	95
24917	95
24922	95
25038	95
25044	95
25070	95
25131	95
25187	95
25189	95
25203	95
25205	95
25250	95
25265	95
25287	95
25300	95
25301	95
25318	95
25334	95
25363	95
25366	95
25383	95
25410	95
25436	95
25461	95
25463	95
25491	95
25495	95
25505	95
25534	95
25538	95
25543	95
25548	95
25565	95
25571	95
25626	95
25677	95
25725	95
25738	95
25744	95
25776	95
25797	95
25819	95
25859	95
25873	95
25877	95
25878	95
25950	95
25978	95
25979	95
26051	95
26080	95
26126	95
26127	95
26143	95
26150	95
26169	95
26192	95
26206	95
26239	95
26253	95
26277	95
26293	95
26297	95
26304	95
26318	95
26320	95
26346	95
26361	95
26364	95
26376	95
26383	95
26453	95
26472	95
26478	95
26490	95
26499	95
26500	95
26515	95
26533	95
26571	95
26604	95
26606	95
26644	95
26658	95
26715	95
26743	95
26744	95
26766	95
26782	95
26806	95
26809	95
26891	95
26901	95
26913	95
26940	95
26942	95
26971	95
26972	95
26980	95
27029	95
27038	95
27067	95
27077	95
27112	95
27152	95
27153	95
27175	95
27193	95
27205	95
27207	95
27208	95
27216	95
27220	95
27235	95
27239	95
27265	95
27268	95
27279	95
27287	95
27302	95
27373	95
27390	95
27455	95
27492	95
27494	95
27561	95
27578	95
27583	95
27639	95
27674	95
27696	95
27710	95
27726	95
27771	95
27782	95
27802	95
27810	95
27823	95
27827	95
27828	95
27869	95
27897	95
27920	95
27948	95
27970	95
27976	95
28012	95
28016	95
28049	95
28072	95
28088	95
28093	95
28094	95
28119	95
28123	95
28124	95
28126	95
28178	95
28191	95
28199	95
28246	95
28253	95
28257	95
28294	95
28314	95
28351	95
28355	95
28388	95
28389	95
28429	95
28450	95
28478	95
28479	95
28499	95
28512	95
28554	95
28580	95
28732	95
28746	95
28747	95
28754	95
28767	95
28781	95
28794	95
28819	95
28837	95
28861	95
28872	95
28940	95
29037	95
29066	95
29079	95
29087	95
29101	95
29111	95
29119	95
29158	95
29173	95
29177	95
29178	95
29216	95
29243	95
29244	95
29302	95
29318	95
29329	95
29331	95
29334	95
29348	95
29351	95
29381	95
29403	95
29415	95
29425	95
29444	95
29457	95
29493	95
29502	95
29537	95
29565	95
29631	95
29657	95
29694	95
29703	95
29722	95
29740	95
29744	95
29756	95
29809	95
29854	95
29882	95
29891	95
29912	95
29920	95
29966	95
29989	95
29999	95
30022	95
30106	95
30110	95
30160	95
30162	95
30164	95
30190	95
30222	95
30229	95
30254	95
30285	95
30298	95
30306	95
30309	95
30330	95
30333	95
30345	95
30349	95
30374	95
30423	95
30544	95
30545	95
30555	95
30606	95
30616	95
30689	95
30708	95
30730	95
30731	95
30740	95
30754	95
30769	95
30777	95
30809	95
30841	95
30857	95
30916	95
30920	95
30937	95
30953	95
30972	95
31026	95
31046	95
31066	95
31078	95
31146	95
31154	95
31161	95
31174	95
31185	95
31206	95
31247	95
31279	95
31289	95
31312	95
31332	95
31360	95
31374	95
31451	95
31493	95
31496	95
31581	95
31589	95
31648	95
31672	95
31690	95
31706	95
31736	95
31741	95
31748	95
31751	95
31753	95
31794	95
31800	95
31816	95
31840	95
31879	95
31889	95
31963	95
32000	95
32002	95
32071	95
32094	95
32101	95
32105	95
32125	95
32140	95
32151	95
32180	95
32182	95
32195	95
32202	95
32232	95
32279	95
32301	95
32332	95
32357	95
32388	95
32404	95
32420	95
32458	95
32483	95
32484	95
32491	95
32509	95
32526	95
32582	95
32629	95
32632	95
32684	95
32749	95
32757	95
32789	95
32835	95
32846	95
32880	95
32884	95
32919	95
32934	95
32954	95
32960	95
32971	95
32984	95
32999	95
33004	95
33016	95
33020	95
33056	95
33062	95
33064	95
33083	95
33188	95
33248	95
33263	95
33264	95
33300	95
33311	95
33317	95
33327	95
33341	95
33361	95
33384	95
33389	95
33401	95
33411	95
33417	95
33427	95
33445	95
33446	95
33461	95
33558	95
33579	95
33599	95
33636	95
33639	95
33643	95
33665	95
33683	95
33711	95
33731	95
33746	95
33760	95
33786	95
33801	95
33807	95
33812	95
33821	95
33888	95
33909	95
33926	95
33935	95
33970	95
34014	95
34015	95
34017	95
34018	95
34028	95
34032	95
34036	95
34043	95
34047	95
34054	95
34059	95
34077	95
34079	95
34083	95
34110	95
34142	95
34144	95
34170	95
34190	95
34269	95
34275	95
34286	95
34295	95
34336	95
34370	95
34421	95
34423	95
34458	95
34461	95
34488	95
34532	95
34541	95
34597	95
34651	95
34669	95
34683	95
34685	95
34707	95
34731	95
34770	95
34810	95
34871	95
34892	95
34913	95
34949	95
34956	95
34967	95
34985	95
35069	95
35104	95
35121	95
35134	95
35148	95
35154	95
35173	95
35246	95
35258	95
35280	95
35294	95
35295	95
35315	95
35332	95
35363	95
35371	95
35374	95
35379	95
35398	95
35446	95
35471	95
35481	95
35492	95
35496	95
35503	95
35520	95
35562	95
35580	95
35585	95
35591	95
35603	95
35615	95
35625	95
35657	95
35662	95
35711	95
35721	95
35752	95
35820	95
35846	95
35898	95
35925	95
35951	95
35957	95
35974	95
35984	95
36000	95
36036	95
36097	95
36106	95
36110	95
36145	95
36163	95
36195	95
36197	95
36201	95
36217	95
36227	95
36234	95
36242	95
36247	95
36322	95
36332	95
36340	95
36365	95
36375	95
36411	95
36417	95
36437	95
36464	95
36471	95
36503	95
36535	95
36583	95
36603	95
36614	95
36632	95
36651	95
36665	95
36674	95
36683	95
36686	95
36689	95
36701	95
36772	95
36782	95
36812	95
36819	95
36846	95
36870	95
36893	95
36914	95
36959	95
37008	95
37015	95
37022	95
37082	95
37089	95
37132	95
37168	95
37181	95
37189	95
37208	95
37225	95
37244	95
37263	95
37280	95
37308	95
37340	95
37371	95
37410	95
37441	95
37442	95
37445	95
37449	95
37476	95
37483	95
37561	95
37564	95
37578	95
37640	95
37682	95
37694	95
37738	95
37751	95
37761	95
37774	95
37794	95
37839	95
37847	95
37871	95
37875	95
37876	95
37889	95
37895	95
37907	95
37928	95
37944	95
37973	95
37979	95
37990	95
37991	95
38012	95
38027	95
38033	95
38045	95
38054	95
38079	95
38083	95
38091	95
38102	95
38115	95
38139	95
38166	95
38172	95
38190	95
38232	95
38240	95
38260	95
38336	95
38347	95
38359	95
38423	95
38451	95
38453	95
38471	95
38495	95
38533	95
38565	95
38655	95
38656	95
38664	95
38680	95
38709	95
38721	95
38727	95
38731	95
38773	95
38794	95
38802	95
38808	95
38917	95
38932	95
38934	95
39005	95
39014	95
39054	95
39080	95
39089	95
39117	95
39142	95
39201	95
39259	95
39278	95
39308	95
39357	95
39377	95
39382	95
39400	95
39466	95
39491	95
39513	95
39532	95
39549	95
39559	95
39621	95
39635	95
39653	95
39656	95
39662	95
39703	95
39780	95
39786	95
39810	95
39822	95
39823	95
39826	95
39827	95
39832	95
39846	95
39856	95
39869	95
39881	95
39882	95
39883	95
39894	95
39937	95
39943	95
39975	95
40012	95
40017	95
40020	95
40024	95
40027	95
40037	95
40040	95
40064	95
40065	95
40072	95
40078	95
40079	95
40084	95
40108	95
40120	95
40125	95
40154	95
40172	95
40176	95
40191	95
40196	95
40201	95
40218	95
40234	95
40235	95
40274	95
40353	95
40395	95
40408	95
40414	95
40418	95
40457	95
40471	95
40473	95
40494	95
40503	95
40514	95
40523	95
40562	95
40570	95
40621	95
40623	95
40669	95
40679	95
40700	95
40704	95
40706	95
40726	95
40757	95
40771	95
40785	95
40791	95
40801	95
40856	95
40936	95
40941	95
41011	95
41040	95
41070	95
41087	95
41088	95
41092	95
41107	95
41114	95
41146	95
41151	95
41156	95
41167	95
41235	95
41251	95
41268	95
41271	95
41282	95
41298	95
41335	95
41343	95
41397	95
41431	95
41455	95
41472	95
41570	95
41593	95
41636	95
41653	95
41691	95
41732	95
41741	95
41797	95
41813	95
41825	95
41839	95
41840	95
41856	95
41882	95
41894	95
41901	95
41913	95
41926	95
41935	95
41945	95
41948	95
41986	95
41990	95
41997	95
42005	95
42006	95
42065	95
42088	95
42090	95
42132	95
42180	95
42209	95
42224	95
42238	95
42247	95
42256	95
42337	95
42365	95
42419	95
42424	95
42443	95
42450	95
42489	95
42529	95
42530	95
42545	95
42553	95
42562	95
42577	95
42586	95
42601	95
42629	95
42631	95
42636	95
42661	95
42673	95
42684	95
42708	95
42727	95
42731	95
42743	95
42750	95
42762	95
42786	95
42815	95
42863	95
42890	95
42908	95
42940	95
42945	95
42956	95
43007	95
43097	95
43103	95
43113	95
43114	95
43120	95
43121	95
43125	95
43146	95
43170	95
43171	95
43188	95
43211	95
43226	95
43235	95
43274	95
43320	95
43360	95
43374	95
43384	95
43398	95
43409	95
43421	95
43437	95
43444	95
43455	95
43459	95
43491	95
43530	95
43562	95
43566	95
43588	95
43602	95
43607	95
43614	95
43637	95
43648	95
43656	95
43660	95
43694	95
43708	95
43728	95
43732	95
43776	95
43898	95
43907	95
43909	95
43916	95
43980	95
43983	95
43992	95
43993	95
44017	95
44022	95
44064	95
44070	95
44071	95
44077	95
44124	95
44125	95
44149	95
44193	95
44211	95
44215	95
44242	95
44270	95
44280	95
44288	95
44448	95
44450	95
44475	95
44483	95
44485	95
44488	95
44509	95
44516	95
44522	95
44543	95
44551	95
44564	95
44566	95
44578	95
44581	95
44614	95
44619	95
44635	95
44637	95
44643	95
44647	95
44648	95
44654	95
44657	95
44684	95
44690	95
44693	95
44712	95
44759	95
44761	95
44787	95
44835	95
44967	95
45049	95
45072	95
45090	95
45096	95
45103	95
45105	95
45124	95
45145	95
45147	95
45150	95
45176	95
45214	95
45264	95
45291	95
45295	95
45340	95
45370	95
45376	95
45379	95
45385	95
45396	95
45478	95
45546	95
45574	95
45599	95
45613	95
45617	95
45623	95
45665	95
45672	95
45676	95
45697	95
45700	95
45718	95
45761	95
45772	95
45776	95
45785	95
45822	95
45864	95
45914	95
45925	95
45935	95
45949	95
45957	95
45969	95
45997	95
46000	95
46002	95
46020	95
46033	95
46044	95
46052	95
46065	95
46093	95
46101	95
46136	95
46175	95
46196	95
46244	95
46282	95
46287	95
46314	95
46319	95
46330	95
46357	95
46358	95
46435	95
46449	95
46454	95
46472	95
46486	95
46496	95
46511	95
46521	95
46529	95
46534	95
46576	95
46584	95
46615	95
46616	95
46631	95
46639	95
46741	95
46749	95
46761	95
46765	95
46789	95
46793	95
46798	95
46827	95
46832	95
46840	95
46850	95
46866	95
46873	95
46915	95
46946	95
47023	95
47035	95
47089	95
47127	95
47144	95
47155	95
47159	95
47161	95
47180	95
47183	95
47201	95
47225	95
47238	95
47296	95
47336	95
47350	95
47363	95
47429	95
47524	95
47541	95
47584	95
47621	95
47632	95
47646	95
47686	95
47704	95
47715	95
47780	95
47790	95
47802	95
47814	95
47841	95
47847	95
47883	95
47977	95
48011	95
48021	95
48042	95
48062	95
48089	95
48102	95
48132	95
48135	95
48223	95
48337	95
48348	95
48353	95
48389	95
48391	95
48396	95
48453	95
48476	95
48504	95
48514	95
48516	95
48543	95
48597	95
48613	95
48635	95
48647	95
48663	95
48666	95
48670	95
48686	95
48717	95
48728	95
48753	95
48770	95
48783	95
48832	95
48844	95
48853	95
48875	95
48882	95
48904	95
48916	95
48918	95
49001	95
49057	95
49078	95
49084	95
49124	95
49189	95
49213	95
49227	95
49261	95
49289	95
49290	95
49291	95
49295	95
49324	95
49336	95
49341	95
49358	95
49373	95
49398	95
49418	95
49460	95
49465	95
49506	95
49524	95
49559	95
49560	95
49592	95
49615	95
49637	95
49638	95
49722	95
49742	95
49746	95
49773	95
49802	95
49817	95
49834	95
49841	95
49845	95
49851	95
49863	95
49881	95
49883	95
49923	95
49936	95
49948	95
49971	95
5	94
18	94
49	94
58	94
68	94
120	94
144	94
148	94
182	94
192	94
219	94
252	94
256	94
265	94
280	94
304	94
345	94
350	94
354	94
440	94
468	94
501	94
531	94
617	94
628	94
660	94
680	94
683	94
686	94
696	94
714	94
729	94
743	94
744	94
756	94
777	94
784	94
804	94
821	94
842	94
844	94
860	94
862	94
879	94
888	94
890	94
919	94
937	94
953	94
958	94
965	94
979	94
1102	94
1144	94
1167	94
1186	94
1198	94
1214	94
1235	94
1248	94
1258	94
1263	94
1268	94
1299	94
1422	94
1466	94
1500	94
1502	94
1503	94
1538	94
1548	94
1586	94
1668	94
1736	94
1738	94
1782	94
1791	94
1793	94
1831	94
1899	94
1932	94
1939	94
2057	94
2065	94
2073	94
2076	94
2092	94
2097	94
2120	94
2209	94
2241	94
2255	94
2370	94
2449	94
2455	94
2465	94
2506	94
2580	94
2592	94
2615	94
2618	94
2628	94
2649	94
2755	94
2758	94
2767	94
2780	94
2792	94
2823	94
2824	94
2839	94
2842	94
2849	94
2854	94
2890	94
2901	94
2913	94
2965	94
3097	94
3104	94
3154	94
3199	94
3223	94
3237	94
3247	94
3276	94
3278	94
3297	94
3353	94
3381	94
3398	94
3405	94
3409	94
3419	94
3448	94
3475	94
3499	94
3515	94
3607	94
3610	94
3631	94
3664	94
3671	94
3684	94
3707	94
3754	94
3763	94
3773	94
3828	94
3829	94
3838	94
3848	94
3864	94
3898	94
3909	94
3972	94
4041	94
4042	94
4076	94
4129	94
4150	94
4173	94
4237	94
4271	94
4339	94
4401	94
4412	94
4431	94
4443	94
4455	94
4457	94
4469	94
4475	94
4534	94
4570	94
4615	94
4753	94
4769	94
4771	94
4815	94
4870	94
4904	94
4916	94
4926	94
4928	94
4944	94
4949	94
4959	94
4998	94
5043	94
5060	94
5108	94
5150	94
5193	94
5224	94
5229	94
5230	94
5233	94
5261	94
5270	94
5285	94
5290	94
5317	94
5342	94
5346	94
5386	94
5425	94
5457	94
5483	94
5495	94
5509	94
5521	94
5547	94
5576	94
5633	94
5643	94
5686	94
5699	94
5708	94
5790	94
5798	94
5835	94
5863	94
5920	94
5949	94
5998	94
6015	94
6036	94
6039	94
6058	94
6117	94
6118	94
6148	94
6168	94
6170	94
6192	94
6193	94
6245	94
6287	94
6298	94
6312	94
6331	94
6376	94
6383	94
6385	94
6392	94
6422	94
6443	94
6510	94
6554	94
6560	94
6733	94
6758	94
6771	94
6784	94
6802	94
6806	94
6807	94
6813	94
6842	94
6863	94
6877	94
6915	94
6931	94
6933	94
6934	94
6958	94
6994	94
7002	94
7010	94
7035	94
7064	94
7071	94
7092	94
7115	94
7134	94
7139	94
7208	94
7214	94
7289	94
7318	94
7373	94
7418	94
7422	94
7469	94
7510	94
7531	94
7541	94
7568	94
7592	94
7622	94
7626	94
7645	94
7687	94
7694	94
7696	94
7701	94
7740	94
7752	94
7773	94
7777	94
7857	94
7875	94
7890	94
7901	94
7904	94
7933	94
7998	94
8018	94
8022	94
8028	94
8034	94
8062	94
8085	94
8119	94
8145	94
8151	94
8179	94
8186	94
8226	94
8231	94
8315	94
8316	94
8343	94
8359	94
8412	94
8431	94
8460	94
8464	94
8469	94
8473	94
8475	94
8498	94
8517	94
8530	94
8577	94
8582	94
8593	94
8617	94
8729	94
8770	94
8800	94
8815	94
8818	94
8841	94
8873	94
8880	94
8896	94
8926	94
8930	94
8944	94
9080	94
9100	94
9123	94
9159	94
9216	94
9219	94
9234	94
9272	94
9294	94
9301	94
9312	94
9314	94
9367	94
9369	94
9390	94
9398	94
9419	94
9425	94
9460	94
9472	94
9549	94
9569	94
9607	94
9695	94
9697	94
9743	94
9761	94
9809	94
9850	94
9875	94
9883	94
9970	94
10028	94
10031	94
10060	94
10070	94
10107	94
10144	94
10149	94
10172	94
10196	94
10212	94
10243	94
10284	94
10296	94
10313	94
10316	94
10324	94
10344	94
10399	94
10402	94
10418	94
10424	94
10457	94
10521	94
10545	94
10548	94
10561	94
10563	94
10569	94
10615	94
10630	94
10649	94
10669	94
10672	94
10684	94
10693	94
10697	94
10703	94
10714	94
10724	94
10750	94
10767	94
10790	94
10875	94
10887	94
10922	94
10999	94
11003	94
11025	94
11037	94
11050	94
11110	94
11128	94
11154	94
11168	94
11253	94
11270	94
11338	94
11343	94
11402	94
11407	94
11415	94
11436	94
11450	94
11475	94
11478	94
11504	94
11530	94
11570	94
11573	94
11639	94
11677	94
11694	94
11706	94
11712	94
11718	94
11721	94
11776	94
11789	94
11863	94
11914	94
11927	94
11936	94
12011	94
12021	94
12079	94
12102	94
12103	94
12159	94
12174	94
12238	94
12273	94
12280	94
12323	94
12324	94
12342	94
12346	94
12420	94
12470	94
12516	94
12555	94
12559	94
12563	94
12667	94
12672	94
12675	94
12688	94
12739	94
12756	94
12762	94
12800	94
12861	94
12879	94
12904	94
12946	94
12950	94
12977	94
13012	94
13055	94
13138	94
13225	94
13253	94
13306	94
13321	94
13442	94
13491	94
13560	94
13662	94
13680	94
13684	94
13690	94
13701	94
13715	94
13766	94
13798	94
13831	94
13886	94
13919	94
13942	94
13980	94
13981	94
13984	94
14006	94
14020	94
14057	94
14060	94
14070	94
14074	94
14081	94
14095	94
14111	94
14147	94
14186	94
14189	94
14203	94
14210	94
14216	94
14226	94
14270	94
14299	94
14317	94
14362	94
14369	94
14370	94
14376	94
14383	94
14395	94
14428	94
14429	94
14441	94
14466	94
14510	94
14523	94
14534	94
14562	94
14569	94
14576	94
14577	94
14610	94
14622	94
14639	94
14665	94
14686	94
14723	94
14742	94
14746	94
14748	94
14756	94
14766	94
14775	94
14778	94
14779	94
14783	94
14819	94
14820	94
14839	94
14940	94
15002	94
15007	94
15024	94
15061	94
15092	94
15095	94
15098	94
15114	94
15115	94
15145	94
15182	94
15239	94
15249	94
15255	94
15275	94
15286	94
15288	94
15300	94
15310	94
15314	94
15315	94
15320	94
15339	94
15401	94
15407	94
15409	94
15413	94
15449	94
15451	94
15458	94
15459	94
15487	94
15541	94
15561	94
15592	94
15607	94
15620	94
15623	94
15737	94
15748	94
15863	94
15911	94
15917	94
16003	94
16007	94
16013	94
16016	94
16026	94
16042	94
16053	94
16062	94
16154	94
16164	94
16178	94
16186	94
16199	94
16224	94
16254	94
16281	94
16305	94
16328	94
16338	94
16370	94
16383	94
16391	94
16423	94
16435	94
16479	94
16480	94
16520	94
16579	94
16612	94
16664	94
16684	94
16712	94
16721	94
16736	94
16785	94
16801	94
16804	94
16811	94
16834	94
16853	94
16867	94
16931	94
16936	94
16999	94
17026	94
17080	94
17161	94
17187	94
17188	94
17193	94
17213	94
17315	94
17328	94
17349	94
17393	94
17411	94
17419	94
17426	94
17427	94
17458	94
17466	94
17476	94
17525	94
17623	94
17709	94
17719	94
17721	94
17843	94
17846	94
17873	94
17884	94
17894	94
17929	94
17953	94
17980	94
18006	94
18041	94
18077	94
18116	94
18118	94
18132	94
18134	94
18150	94
18207	94
18210	94
18284	94
18305	94
18381	94
18386	94
18401	94
18431	94
18443	94
18451	94
18498	94
18509	94
18582	94
18583	94
18593	94
18614	94
18638	94
18677	94
18706	94
18721	94
18724	94
18742	94
18749	94
18751	94
18815	94
18825	94
18834	94
18842	94
18848	94
18878	94
18882	94
18890	94
18893	94
18895	94
18961	94
19024	94
19044	94
19048	94
19050	94
19054	94
19065	94
19089	94
19113	94
19121	94
19128	94
19168	94
19175	94
19178	94
19310	94
19311	94
19314	94
19349	94
19362	94
19364	94
19371	94
19383	94
19436	94
19457	94
19493	94
19534	94
19548	94
19553	94
19571	94
19576	94
19580	94
19593	94
19630	94
19705	94
19722	94
19744	94
19758	94
19773	94
19854	94
19884	94
19890	94
19914	94
19927	94
19974	94
19988	94
19994	94
20003	94
20005	94
20006	94
20029	94
20188	94
20196	94
20203	94
20233	94
20306	94
20326	94
20348	94
20385	94
20397	94
20415	94
20422	94
20451	94
20456	94
20481	94
20528	94
20541	94
20615	94
20683	94
20735	94
20759	94
20817	94
20827	94
20843	94
20904	94
20944	94
20983	94
21028	94
21047	94
21089	94
21105	94
21128	94
21154	94
21206	94
21233	94
21241	94
21256	94
21309	94
21350	94
21360	94
21386	94
21398	94
21434	94
21435	94
21439	94
21442	94
21516	94
21530	94
21536	94
21537	94
21540	94
21553	94
21559	94
21715	94
21720	94
21800	94
21811	94
21838	94
21865	94
21884	94
21905	94
22001	94
22006	94
22061	94
22098	94
22130	94
22139	94
22140	94
22155	94
22181	94
22201	94
22214	94
22241	94
22293	94
22296	94
22302	94
22367	94
22377	94
22383	94
22396	94
22398	94
22402	94
22403	94
22435	94
22466	94
22493	94
22509	94
22524	94
22539	94
22557	94
22563	94
22601	94
22610	94
22614	94
22615	94
22627	94
22701	94
22707	94
22740	94
22757	94
22789	94
22797	94
22846	94
22880	94
22890	94
22891	94
22923	94
22980	94
23000	94
23032	94
23046	94
23063	94
23110	94
23164	94
23172	94
23176	94
23279	94
23286	94
23291	94
23293	94
23311	94
23338	94
23349	94
23409	94
23421	94
23438	94
23460	94
23563	94
23581	94
23611	94
23623	94
23637	94
23674	94
23677	94
23688	94
23704	94
23714	94
23750	94
23799	94
23804	94
23817	94
23875	94
23880	94
23916	94
23947	94
23987	94
24000	94
24022	94
24040	94
24076	94
24132	94
24152	94
24157	94
24169	94
24171	94
24181	94
24212	94
24214	94
24216	94
24221	94
24257	94
24332	94
24333	94
24338	94
24398	94
24410	94
24496	94
24559	94
24566	94
24568	94
24619	94
24641	94
24642	94
24661	94
24677	94
24690	94
24721	94
24747	94
24764	94
24778	94
24809	94
24835	94
24849	94
24856	94
24867	94
24882	94
24914	94
24944	94
24959	94
24974	94
24977	94
25014	94
25037	94
25039	94
25057	94
25090	94
25105	94
25118	94
25124	94
25140	94
25142	94
25173	94
25196	94
25240	94
25264	94
25279	94
25298	94
25347	94
25368	94
25377	94
25414	94
25446	94
25542	94
25582	94
25601	94
25624	94
25641	94
25716	94
25719	94
25741	94
25752	94
25777	94
25791	94
25802	94
25808	94
25817	94
25853	94
25898	94
25903	94
25930	94
25949	94
25975	94
26002	94
26028	94
26042	94
26090	94
26120	94
26137	94
26141	94
26164	94
26191	94
26209	94
26215	94
26256	94
26257	94
26271	94
26279	94
26292	94
26348	94
26386	94
26447	94
26484	94
26506	94
26519	94
26580	94
26584	94
26621	94
26626	94
26634	94
26638	94
26654	94
26656	94
26665	94
26752	94
26786	94
26798	94
26817	94
26832	94
26848	94
26853	94
26882	94
26886	94
26904	94
26947	94
26991	94
26998	94
27000	94
27005	94
27018	94
27043	94
27052	94
27066	94
27081	94
27097	94
27124	94
27137	94
27227	94
27241	94
27264	94
27269	94
27296	94
27313	94
27343	94
27355	94
27369	94
27375	94
27447	94
27448	94
27450	94
27474	94
27499	94
27507	94
27533	94
27579	94
27585	94
27641	94
27651	94
27662	94
27692	94
27723	94
27733	94
27755	94
27758	94
27817	94
27822	94
27853	94
27863	94
27884	94
27886	94
27891	94
27943	94
27956	94
27992	94
28005	94
28006	94
28052	94
28062	94
28120	94
28128	94
28148	94
28160	94
28169	94
28170	94
28231	94
28285	94
28346	94
28349	94
28412	94
28413	94
28483	94
28567	94
28603	94
28630	94
28640	94
28645	94
28652	94
28671	94
28686	94
28691	94
28699	94
28738	94
28756	94
28768	94
28774	94
28791	94
28812	94
28824	94
28828	94
28844	94
28845	94
28863	94
28875	94
28890	94
28891	94
28898	94
28952	94
29007	94
29045	94
29056	94
29069	94
29142	94
29189	94
29194	94
29354	94
29361	94
29366	94
29378	94
29379	94
29408	94
29515	94
29533	94
29573	94
29605	94
29609	94
29625	94
29628	94
29800	94
29815	94
29841	94
29850	94
29862	94
29863	94
29872	94
29884	94
29935	94
30020	94
30027	94
30036	94
30038	94
30080	94
30137	94
30159	94
30166	94
30167	94
30168	94
30197	94
30247	94
30260	94
30261	94
30263	94
30299	94
30335	94
30340	94
30411	94
30412	94
30424	94
30427	94
30442	94
30457	94
30476	94
30497	94
30511	94
30512	94
30528	94
30531	94
30564	94
30587	94
30625	94
30630	94
30631	94
30638	94
30641	94
30692	94
30720	94
30738	94
30739	94
30746	94
30787	94
30813	94
30820	94
30868	94
30888	94
30898	94
30909	94
30925	94
30932	94
30935	94
30939	94
30951	94
30977	94
30996	94
31035	94
31130	94
31175	94
31182	94
31183	94
31309	94
31311	94
31375	94
31410	94
31428	94
31475	94
31505	94
31529	94
31532	94
31534	94
31588	94
31593	94
31603	94
31662	94
31688	94
31700	94
31704	94
31758	94
31760	94
31769	94
31780	94
31824	94
31872	94
31901	94
31925	94
31956	94
31990	94
31999	94
32019	94
32022	94
32072	94
32075	94
32078	94
32090	94
32110	94
32156	94
32190	94
32192	94
32212	94
32221	94
32321	94
32341	94
32344	94
32377	94
32412	94
32540	94
32556	94
32562	94
32573	94
32584	94
32595	94
32624	94
32630	94
32682	94
32691	94
32701	94
32741	94
32748	94
32808	94
32822	94
32866	94
32879	94
32890	94
32900	94
32901	94
32936	94
32958	94
32987	94
33005	94
33084	94
33093	94
33099	94
33101	94
33115	94
33122	94
33156	94
33209	94
33273	94
33302	94
33316	94
33324	94
33339	94
33342	94
33358	94
33362	94
33406	94
33470	94
33547	94
33584	94
33675	94
33682	94
33689	94
33719	94
33768	94
33773	94
33831	94
33911	94
33934	94
33946	94
33963	94
34068	94
34201	94
34209	94
34250	94
34321	94
34326	94
34333	94
34388	94
34431	94
34521	94
34586	94
34588	94
34599	94
34679	94
34697	94
34700	94
34711	94
34741	94
34752	94
34759	94
34873	94
34884	94
34885	94
34890	94
34907	94
34922	94
34927	94
34928	94
34957	94
34973	94
35097	94
35353	94
35366	94
35372	94
35381	94
35408	94
35454	94
35491	94
35493	94
35506	94
35606	94
35617	94
35624	94
35654	94
35655	94
35726	94
35751	94
35773	94
35787	94
35796	94
35797	94
35817	94
35839	94
35857	94
35878	94
35881	94
35882	94
35887	94
35915	94
35932	94
35947	94
35968	94
35979	94
36017	94
36057	94
36122	94
36134	94
36161	94
36162	94
36196	94
36225	94
36262	94
36289	94
36326	94
36331	94
36363	94
36381	94
36386	94
36410	94
36413	94
36421	94
36462	94
36490	94
36530	94
36543	94
36562	94
36616	94
36626	94
36633	94
36639	94
36666	94
36711	94
36713	94
36714	94
36787	94
36811	94
36818	94
36841	94
36843	94
36933	94
36960	94
37031	94
37042	94
37044	94
37050	94
37062	94
37098	94
37108	94
37110	94
37205	94
37218	94
37228	94
37259	94
37277	94
37281	94
37294	94
37296	94
37314	94
37334	94
37356	94
37385	94
37407	94
37419	94
37429	94
37443	94
37451	94
37463	94
37478	94
37530	94
37550	94
37607	94
37626	94
37630	94
37631	94
37655	94
37691	94
37706	94
37739	94
37800	94
37807	94
37812	94
37819	94
37840	94
37851	94
37873	94
37901	94
37905	94
37909	94
37968	94
37984	94
38011	94
38019	94
38021	94
38036	94
38050	94
38060	94
38071	94
38092	94
38113	94
38118	94
38154	94
38189	94
38204	94
38207	94
38216	94
38222	94
38250	94
38269	94
38313	94
38327	94
38355	94
38407	94
38417	94
38433	94
38436	94
38444	94
38467	94
38498	94
38503	94
38508	94
38567	94
38646	94
38724	94
38725	94
38741	94
38776	94
38777	94
38778	94
38782	94
38789	94
38847	94
38855	94
38862	94
38883	94
38946	94
38996	94
39010	94
39018	94
39124	94
39147	94
39169	94
39183	94
39260	94
39419	94
39464	94
39473	94
39492	94
39498	94
39538	94
39544	94
39626	94
39648	94
39652	94
39674	94
39678	94
39685	94
39709	94
39718	94
39740	94
39758	94
39807	94
39814	94
39816	94
39821	94
39842	94
39884	94
39886	94
39902	94
39939	94
39957	94
39958	94
39971	94
39995	94
40033	94
40051	94
40059	94
40081	94
40101	94
40139	94
40166	94
40181	94
40231	94
40252	94
40312	94
40319	94
40326	94
40344	94
40352	94
40378	94
40393	94
40411	94
40435	94
40437	94
40438	94
40552	94
40576	94
40640	94
40645	94
40693	94
40767	94
40777	94
40781	94
40815	94
40818	94
40834	94
40888	94
40899	94
40921	94
40925	94
40926	94
40956	94
40958	94
40991	94
40993	94
41005	94
41010	94
41019	94
41028	94
41124	94
41148	94
41192	94
41202	94
41211	94
41227	94
41234	94
41261	94
41288	94
41296	94
41353	94
41379	94
41384	94
41566	94
41577	94
41632	94
41654	94
41661	94
41663	94
41667	94
41675	94
41712	94
41722	94
41738	94
41749	94
41751	94
41760	94
41768	94
41783	94
41792	94
41809	94
41835	94
41847	94
41858	94
41870	94
41895	94
41900	94
41932	94
41934	94
41967	94
41975	94
41979	94
41999	94
42004	94
42022	94
42031	94
42038	94
42039	94
42048	94
42058	94
42082	94
42091	94
42138	94
42157	94
42184	94
42206	94
42221	94
42242	94
42310	94
42315	94
42350	94
42364	94
42414	94
42423	94
42500	94
42548	94
42585	94
42665	94
42669	94
42681	94
42761	94
42768	94
42859	94
42862	94
42865	94
43020	94
43047	94
43099	94
43151	94
43270	94
43282	94
43342	94
43359	94
43372	94
43376	94
43394	94
43484	94
43512	94
43525	94
43529	94
43575	94
43579	94
43632	94
43683	94
43684	94
43784	94
43802	94
43804	94
43819	94
43829	94
43833	94
43900	94
43927	94
43928	94
43942	94
44013	94
44034	94
44048	94
44141	94
44147	94
44154	94
44160	94
44204	94
44253	94
44262	94
44303	94
44304	94
44336	94
44377	94
44388	94
44393	94
44427	94
44430	94
44467	94
44495	94
44502	94
44504	94
44510	94
44534	94
44546	94
44556	94
44584	94
44586	94
44606	94
44617	94
44631	94
44677	94
44679	94
44692	94
44697	94
44701	94
44715	94
44723	94
44725	94
44730	94
44734	94
44781	94
44815	94
44823	94
44860	94
44864	94
44890	94
44923	94
44931	94
44990	94
45010	94
45015	94
45021	94
45081	94
45116	94
45160	94
45223	94
45266	94
45307	94
45317	94
45320	94
45334	94
45354	94
45424	94
45445	94
45462	94
45490	94
45495	94
45501	94
45503	94
45513	94
45524	94
45556	94
45567	94
45587	94
45626	94
45657	94
45662	94
45677	94
45682	94
45685	94
45696	94
45709	94
45733	94
45748	94
45782	94
45801	94
45810	94
45824	94
45872	94
45919	94
45943	94
45954	94
45960	94
45988	94
46013	94
46027	94
46031	94
46041	94
46087	94
46102	94
46113	94
46122	94
46130	94
46152	94
46155	94
46167	94
46302	94
46313	94
46332	94
46359	94
46389	94
46391	94
46427	94
46450	94
46484	94
46531	94
46546	94
46651	94
46663	94
46679	94
46848	94
46858	94
46881	94
46922	94
46923	94
46939	94
46965	94
47003	94
47040	94
47125	94
47187	94
47233	94
47241	94
47329	94
47332	94
47339	94
47354	94
47401	94
47415	94
47424	94
47482	94
47510	94
47535	94
47569	94
47618	94
47636	94
47644	94
47652	94
47653	94
47679	94
47738	94
47764	94
47800	94
47887	94
47896	94
47945	94
47957	94
48003	94
48008	94
48049	94
48050	94
48055	94
48063	94
48131	94
48189	94
48194	94
48246	94
48332	94
48340	94
48342	94
48442	94
48458	94
48471	94
48493	94
48526	94
48530	94
48587	94
48614	94
48631	94
48673	94
48684	94
48689	94
48691	94
48725	94
48732	94
48740	94
48747	94
48752	94
48789	94
48793	94
48803	94
48825	94
48896	94
48946	94
48960	94
48962	94
48971	94
48994	94
48995	94
48997	94
49011	94
49030	94
49064	94
49065	94
49096	94
49097	94
49114	94
49138	94
49163	94
49173	94
49205	94
49314	94
49333	94
49349	94
49391	94
49409	94
49433	94
49458	94
49475	94
49520	94
49580	94
49652	94
49653	94
49673	94
49686	94
49729	94
49754	94
49762	94
49800	94
49809	94
49846	94
49884	94
49887	94
49937	94
49947	94
2	93
43	93
126	93
130	93
213	93
215	93
217	93
259	93
275	93
285	93
296	93
464	93
493	93
522	93
579	93
649	93
677	93
706	93
707	93
712	93
805	93
813	93
814	93
822	93
877	93
902	93
904	93
925	93
938	93
1021	93
1040	93
1066	93
1085	93
1087	93
1099	93
1111	93
1190	93
1192	93
1231	93
1240	93
1253	93
1261	93
1267	93
1322	93
1389	93
1390	93
1433	93
1445	93
1462	93
1485	93
1504	93
1520	93
1526	93
1539	93
1575	93
1638	93
1689	93
1728	93
1741	93
1781	93
1783	93
1794	93
1802	93
1821	93
1866	93
1891	93
1914	93
1929	93
1961	93
2020	93
2034	93
2037	93
2071	93
2089	93
2145	93
2147	93
2149	93
2158	93
2171	93
2213	93
2223	93
2274	93
2277	93
2295	93
2304	93
2305	93
2309	93
2360	93
2380	93
2423	93
2440	93
2445	93
2463	93
2497	93
2520	93
2591	93
2597	93
2605	93
2678	93
2691	93
2695	93
2785	93
2908	93
2940	93
2975	93
2994	93
3048	93
3092	93
3102	93
3115	93
3121	93
3127	93
3140	93
3148	93
3215	93
3217	93
3241	93
3326	93
3378	93
3389	93
3457	93
3459	93
3487	93
3519	93
3537	93
3564	93
3576	93
3586	93
3654	93
3709	93
3736	93
3786	93
3832	93
3872	93
3894	93
3899	93
3926	93
4013	93
4065	93
4178	93
4213	93
4226	93
4252	93
4269	93
4283	93
4303	93
4308	93
4313	93
4319	93
4356	93
4366	93
4375	93
4380	93
4395	93
4396	93
4418	93
4451	93
4504	93
4507	93
4533	93
4535	93
4597	93
4643	93
4675	93
4746	93
4749	93
4787	93
4791	93
4792	93
4797	93
4840	93
4858	93
4920	93
4978	93
5002	93
5067	93
5069	93
5111	93
5144	93
5149	93
5168	93
5199	93
5251	93
5396	93
5408	93
5441	93
5542	93
5551	93
5589	93
5613	93
5620	93
5757	93
5758	93
5815	93
5836	93
5842	93
5847	93
5932	93
5954	93
5970	93
5997	93
5999	93
6040	93
6072	93
6112	93
6147	93
6171	93
6176	93
6265	93
6293	93
6311	93
6353	93
6365	93
6393	93
6434	93
6452	93
6504	93
6520	93
6532	93
6550	93
6569	93
6650	93
6683	93
6725	93
6732	93
6759	93
6761	93
6766	93
6789	93
6819	93
6824	93
6833	93
6847	93
6871	93
6885	93
6900	93
6976	93
6982	93
7060	93
7061	93
7078	93
7113	93
7230	93
7259	93
7331	93
7383	93
7414	93
7499	93
7505	93
7526	93
7555	93
7573	93
7591	93
7634	93
7640	93
7641	93
7661	93
7668	93
7716	93
7776	93
7801	93
7808	93
7815	93
7816	93
7865	93
7931	93
7948	93
7963	93
7974	93
8042	93
8134	93
8143	93
8267	93
8272	93
8304	93
8310	93
8312	93
8320	93
8324	93
8377	93
8396	93
8420	93
8428	93
8429	93
8452	93
8462	93
8506	93
8525	93
8569	93
8603	93
8639	93
8665	93
8711	93
8740	93
8796	93
8801	93
8825	93
8826	93
8840	93
8850	93
8854	93
8905	93
9000	93
9024	93
9025	93
9042	93
9058	93
9073	93
9087	93
9117	93
9119	93
9127	93
9146	93
9147	93
9185	93
9245	93
9246	93
9253	93
9256	93
9273	93
9344	93
9360	93
9381	93
9382	93
9440	93
9467	93
9571	93
9575	93
9580	93
9610	93
9678	93
9711	93
9717	93
9764	93
9806	93
9824	93
9833	93
9849	93
9872	93
9879	93
9885	93
10046	93
10052	93
10058	93
10064	93
10094	93
10105	93
10155	93
10182	93
10312	93
10345	93
10373	93
10376	93
10383	93
10432	93
10446	93
10448	93
10456	93
10460	93
10468	93
10647	93
10731	93
10765	93
10789	93
10803	93
10853	93
10857	93
10868	93
10888	93
10967	93
10976	93
10980	93
11006	93
11019	93
11071	93
11099	93
11117	93
11136	93
11373	93
11406	93
11416	93
11418	93
11479	93
11577	93
11608	93
11620	93
11633	93
11635	93
11686	93
11713	93
11717	93
11720	93
11767	93
11820	93
11854	93
11875	93
11887	93
11899	93
11911	93
11964	93
12015	93
12022	93
12046	93
12081	93
12119	93
12125	93
12164	93
12180	93
12188	93
12216	93
12308	93
12414	93
12471	93
12575	93
12600	93
12641	93
12695	93
12700	93
12726	93
12729	93
12746	93
12792	93
12869	93
12926	93
12984	93
13006	93
13094	93
13155	93
13185	93
13230	93
13235	93
13272	93
13331	93
13363	93
13435	93
13451	93
13461	93
13475	93
13479	93
13481	93
13485	93
13503	93
13518	93
13531	93
13669	93
13672	93
13678	93
13707	93
13716	93
13724	93
13745	93
13767	93
13791	93
13828	93
13910	93
13918	93
13941	93
14022	93
14101	93
14157	93
14165	93
14257	93
14311	93
14340	93
14365	93
14421	93
14426	93
14431	93
14458	93
14468	93
14470	93
14479	93
14504	93
14539	93
14565	93
14567	93
14640	93
14653	93
14818	93
14826	93
14896	93
14904	93
14913	93
14923	93
14926	93
14960	93
15014	93
15089	93
15190	93
15242	93
15264	93
15267	93
15324	93
15332	93
15342	93
15381	93
15410	93
15457	93
15477	93
15567	93
15578	93
15586	93
15588	93
15637	93
15774	93
15775	93
15776	93
15779	93
15824	93
15832	93
15876	93
15892	93
15931	93
15965	93
15978	93
16008	93
16017	93
16063	93
16090	93
16103	93
16126	93
16130	93
16137	93
16141	93
16207	93
16286	93
16292	93
16351	93
16352	93
16447	93
16463	93
16476	93
16535	93
16563	93
16619	93
16638	93
16702	93
16767	93
16796	93
16823	93
16865	93
16883	93
16898	93
16917	93
16920	93
16949	93
16957	93
16958	93
16974	93
16982	93
17005	93
17036	93
17060	93
17094	93
17149	93
17158	93
17172	93
17190	93
17225	93
17251	93
17273	93
17342	93
17367	93
17389	93
17482	93
17553	93
17572	93
17592	93
17601	93
17749	93
17757	93
17768	93
17781	93
17783	93
17805	93
17838	93
17844	93
17902	93
17911	93
17937	93
17955	93
17958	93
17967	93
17981	93
18110	93
18182	93
18220	93
18225	93
18251	93
18337	93
18340	93
18343	93
18352	93
18514	93
18520	93
18527	93
18610	93
18611	93
18619	93
18641	93
18660	93
18661	93
18694	93
18700	93
18707	93
18712	93
18731	93
18736	93
18840	93
18876	93
18894	93
18900	93
18953	93
18966	93
18986	93
19023	93
19053	93
19133	93
19140	93
19154	93
19186	93
19191	93
19194	93
19212	93
19215	93
19260	93
19294	93
19357	93
19395	93
19423	93
19424	93
19441	93
19447	93
19452	93
19453	93
19466	93
19512	93
19520	93
19523	93
19575	93
19624	93
19676	93
19698	93
19706	93
19714	93
19751	93
19769	93
19800	93
19832	93
19895	93
19938	93
19948	93
19979	93
20014	93
20098	93
20130	93
20168	93
20170	93
20193	93
20252	93
20266	93
20286	93
20318	93
20333	93
20461	93
20540	93
20551	93
20556	93
20572	93
20608	93
20613	93
20626	93
20667	93
20768	93
20849	93
20856	93
20864	93
20878	93
20886	93
21011	93
21020	93
21034	93
21150	93
21163	93
21194	93
21227	93
21228	93
21251	93
21254	93
21299	93
21334	93
21348	93
21406	93
21490	93
21541	93
21551	93
21600	93
21617	93
21643	93
21660	93
21713	93
21729	93
21733	93
21735	93
21745	93
21773	93
21787	93
21822	93
21862	93
21863	93
21985	93
22022	93
22082	93
22108	93
22110	93
22143	93
22150	93
22177	93
22203	93
22252	93
22421	93
22442	93
22462	93
22529	93
22532	93
22553	93
22591	93
22643	93
22745	93
22748	93
22756	93
22902	93
22922	93
22965	93
22976	93
23036	93
23042	93
23091	93
23187	93
23208	93
23249	93
23252	93
23260	93
23290	93
23320	93
23328	93
23332	93
23361	93
23393	93
23461	93
23470	93
23483	93
23511	93
23554	93
23557	93
23600	93
23605	93
23629	93
23644	93
23660	93
23664	93
23707	93
23722	93
23729	93
23736	93
23739	93
23759	93
23764	93
23808	93
23830	93
23843	93
23885	93
23903	93
23962	93
23965	93
23967	93
24032	93
24046	93
24061	93
24070	93
24170	93
24173	93
24202	93
24207	93
24222	93
24287	93
24295	93
24299	93
24319	93
24382	93
24400	93
24501	93
24507	93
24511	93
24516	93
24525	93
24588	93
24601	93
24643	93
24688	93
24750	93
24765	93
24806	93
24864	93
24874	93
24933	93
24950	93
24990	93
25069	93
25086	93
25113	93
25126	93
25134	93
25165	93
25192	93
25201	93
25277	93
25341	93
25372	93
25393	93
25412	93
25421	93
25432	93
25437	93
25521	93
25525	93
25531	93
25556	93
25572	93
25617	93
25620	93
25664	93
25684	93
25699	93
25732	93
25774	93
25815	93
25823	93
25837	93
25910	93
25989	93
25995	93
25996	93
26001	93
26016	93
26021	93
26041	93
26046	93
26114	93
26283	93
26306	93
26328	93
26336	93
26358	93
26366	93
26380	93
26462	93
26480	93
26545	93
26565	93
26652	93
26664	93
26684	93
26704	93
26865	93
26873	93
26876	93
26906	93
26938	93
26950	93
27037	93
27161	93
27213	93
27272	93
27411	93
27435	93
27456	93
27468	93
27512	93
27517	93
27518	93
27616	93
27676	93
27754	93
27812	93
27831	93
27849	93
27877	93
27975	93
27991	93
27996	93
28008	93
28024	93
28027	93
28041	93
28057	93
28064	93
28099	93
28132	93
28185	93
28369	93
28406	93
28448	93
28493	93
28544	93
28551	93
28562	93
28574	93
28578	93
28591	93
28604	93
28628	93
28736	93
28846	93
28871	93
28879	93
28882	93
28899	93
28932	93
28933	93
28938	93
28951	93
28983	93
29000	93
29033	93
29041	93
29072	93
29074	93
29128	93
29149	93
29160	93
29170	93
29207	93
29213	93
29259	93
29273	93
29286	93
29291	93
29316	93
29396	93
29421	93
29472	93
29479	93
29491	93
29497	93
29504	93
29509	93
29621	93
29653	93
29663	93
29718	93
29732	93
29741	93
29778	93
29830	93
29870	93
29929	93
29985	93
29997	93
30081	93
30093	93
30094	93
30130	93
30142	93
30211	93
30243	93
30253	93
30255	93
30296	93
30385	93
30386	93
30471	93
30543	93
30584	93
30592	93
30605	93
30609	93
30612	93
30661	93
30693	93
30710	93
30850	93
30882	93
30894	93
30908	93
30986	93
31075	93
31098	93
31220	93
31226	93
31260	93
31262	93
31363	93
31372	93
31396	93
31415	93
31465	93
31500	93
31501	93
31507	93
31535	93
31560	93
31655	93
31712	93
31782	93
31882	93
31884	93
31917	93
31980	93
32016	93
32044	93
32108	93
32145	93
32155	93
32223	93
32234	93
32247	93
32319	93
32320	93
32345	93
32425	93
32438	93
32478	93
32549	93
32640	93
32651	93
32753	93
32805	93
32807	93
32865	93
32909	93
32911	93
32923	93
32924	93
32933	93
32940	93
32941	93
33018	93
33078	93
33105	93
33129	93
33135	93
33172	93
33180	93
33193	93
33200	93
33217	93
33218	93
33222	93
33238	93
33253	93
33262	93
33299	93
33359	93
33390	93
33433	93
33437	93
33453	93
33571	93
33642	93
33660	93
33714	93
33721	93
33779	93
33829	93
33834	93
33849	93
33862	93
33865	93
33897	93
33903	93
33940	93
33943	93
33952	93
33967	93
33994	93
34081	93
34085	93
34089	93
34118	93
34123	93
34124	93
34127	93
34151	93
34154	93
34212	93
34236	93
34311	93
34331	93
34408	93
34409	93
34413	93
34441	93
34474	93
34517	93
34546	93
34547	93
34615	93
34677	93
34701	93
34753	93
34774	93
34807	93
34867	93
34923	93
34930	93
34933	93
34947	93
34958	93
34968	93
34971	93
34986	93
34994	93
35002	93
35004	93
35034	93
35035	93
35057	93
35112	93
35242	93
35243	93
35249	93
35264	93
35339	93
35359	93
35373	93
35388	93
35402	93
35429	93
35470	93
35472	93
35488	93
35499	93
35501	93
35549	93
35586	93
35590	93
35641	93
35670	93
35702	93
35743	93
35746	93
35815	93
35870	93
35875	93
35926	93
36029	93
36063	93
36071	93
36123	93
36170	93
36205	93
36235	93
36237	93
36291	93
36311	93
36427	93
36439	93
36452	93
36485	93
36569	93
36589	93
36627	93
36792	93
36809	93
36820	93
36853	93
36906	93
36947	93
36970	93
36972	93
36996	93
37013	93
37072	93
37075	93
37085	93
37086	93
37136	93
37154	93
37167	93
37198	93
37258	93
37364	93
37411	93
37421	93
37497	93
37508	93
37512	93
37521	93
37532	93
37542	93
37551	93
37565	93
37606	93
37621	93
37665	93
37709	93
37737	93
37745	93
37768	93
37770	93
37772	93
37803	93
37824	93
37827	93
37910	93
37911	93
37961	93
37994	93
37996	93
38000	93
38010	93
38043	93
38080	93
38128	93
38203	93
38299	93
38331	93
38332	93
38339	93
38342	93
38354	93
38395	93
38404	93
38415	93
38420	93
38424	93
38506	93
38544	93
38640	93
38679	93
38734	93
38739	93
38750	93
38785	93
38817	93
38844	93
38856	93
38925	93
38950	93
39020	93
39035	93
39041	93
39072	93
39087	93
39094	93
39136	93
39164	93
39205	93
39227	93
39243	93
39245	93
39306	93
39310	93
39312	93
39314	93
39319	93
39404	93
39439	93
39448	93
39449	93
39536	93
39607	93
39658	93
39687	93
39688	93
39720	93
39725	93
39727	93
39801	93
39904	93
39921	93
39930	93
39931	93
39946	93
39973	93
39991	93
40000	93
40025	93
40036	93
40080	93
40085	93
40103	93
40106	93
40141	93
40205	93
40207	93
40236	93
40369	93
40432	93
40439	93
40491	93
40527	93
40579	93
40630	93
40672	93
40708	93
40735	93
40746	93
40749	93
40783	93
40807	93
40855	93
40917	93
40922	93
40929	93
40937	93
40977	93
41131	93
41153	93
41175	93
41179	93
41215	93
41244	93
41249	93
41279	93
41368	93
41415	93
41451	93
41522	93
41548	93
41549	93
41557	93
41563	93
41569	93
41579	93
41651	93
41763	93
41765	93
41772	93
41779	93
41801	93
41811	93
41836	93
41867	93
41868	93
41952	93
41978	93
42163	93
42216	93
42433	93
42476	93
42491	93
42518	93
42568	93
42635	93
42778	93
42790	93
42823	93
42878	93
42882	93
42944	93
42955	93
43014	93
43019	93
43039	93
43070	93
43080	93
43090	93
43101	93
43122	93
43124	93
43155	93
43164	93
43174	93
43184	93
43202	93
43252	93
43259	93
43299	93
43340	93
43350	93
43363	93
43428	93
43461	93
43467	93
43508	93
43596	93
43623	93
43627	93
43664	93
43696	93
43711	93
43760	93
43767	93
43773	93
43778	93
43808	93
44031	93
44040	93
44143	93
44171	93
44198	93
44234	93
44246	93
44273	93
44283	93
44307	93
44309	93
44327	93
44343	93
44367	93
44386	93
44389	93
44498	93
44505	93
44527	93
44615	93
44659	93
44660	93
44720	93
44728	93
44740	93
44745	93
44775	93
44810	93
44834	93
44888	93
44917	93
44949	93
44991	93
45048	93
45133	93
45163	93
45172	93
45192	93
45206	93
45210	93
45213	93
45224	93
45231	93
45304	93
45339	93
45350	93
45444	93
45451	93
45457	93
45483	93
45499	93
45535	93
45539	93
45577	93
45634	93
45897	93
45907	93
45972	93
45979	93
46007	93
46071	93
46128	93
46132	93
46134	93
46151	93
46163	93
46166	93
46212	93
46221	93
46251	93
46256	93
46373	93
46451	93
46490	93
46528	93
46605	93
46618	93
46640	93
46647	93
46673	93
46700	93
46732	93
46752	93
46811	93
46851	93
46864	93
46926	93
46975	93
46976	93
47015	93
47027	93
47041	93
47063	93
47097	93
47109	93
47119	93
47154	93
47162	93
47173	93
47192	93
47195	93
47207	93
47264	93
47266	93
47275	93
47277	93
47282	93
47368	93
47419	93
47436	93
47451	93
47476	93
47484	93
47506	93
47519	93
47532	93
47564	93
47565	93
47588	93
47629	93
47640	93
47659	93
47685	93
47705	93
47716	93
47753	93
47758	93
47811	93
47828	93
47849	93
47870	93
47889	93
47902	93
47941	93
48027	93
48103	93
48107	93
48153	93
48207	93
48215	93
48251	93
48254	93
48278	93
48281	93
48282	93
48343	93
48365	93
48369	93
48372	93
48425	93
48431	93
48457	93
48487	93
48513	93
48533	93
48562	93
48564	93
48577	93
48672	93
48675	93
48678	93
48705	93
48742	93
48761	93
48766	93
48773	93
48780	93
48792	93
48831	93
48837	93
48858	93
48903	93
48930	93
48934	93
48972	93
49076	93
49095	93
49136	93
49148	93
49191	93
49219	93
49229	93
49252	93
49303	93
49332	93
49354	93
49360	93
49386	93
49468	93
49482	93
49579	93
49604	93
49623	93
49654	93
49658	93
49716	93
49767	93
49850	93
49876	93
49897	93
49919	93
49924	93
49939	93
14	92
31	92
61	92
65	92
82	92
119	92
128	92
154	92
190	92
202	92
211	92
222	92
263	92
333	92
385	92
395	92
403	92
425	92
502	92
504	92
509	92
539	92
577	92
609	92
619	92
633	92
642	92
658	92
754	92
761	92
768	92
796	92
865	92
871	92
911	92
989	92
995	92
999	92
1061	92
1069	92
1086	92
1117	92
1128	92
1154	92
1188	92
1225	92
1276	92
1310	92
1328	92
1332	92
1418	92
1514	92
1522	92
1584	92
1678	92
1695	92
1699	92
1742	92
1753	92
1815	92
1837	92
1937	92
2039	92
2052	92
2156	92
2170	92
2239	92
2262	92
2319	92
2332	92
2447	92
2457	92
2489	92
2566	92
2571	92
2572	92
2621	92
2641	92
2709	92
2743	92
2761	92
2795	92
2877	92
2902	92
2938	92
2943	92
2971	92
3007	92
3047	92
3075	92
3105	92
3108	92
3118	92
3183	92
3189	92
3203	92
3228	92
3288	92
3292	92
3372	92
3447	92
3463	92
3479	92
3483	92
3506	92
3534	92
3601	92
3653	92
3662	92
3678	92
3702	92
3757	92
3793	92
3802	92
3813	92
3859	92
3875	92
3903	92
3912	92
4019	92
4027	92
4044	92
4059	92
4062	92
4104	92
4141	92
4177	92
4182	92
4185	92
4222	92
4340	92
4352	92
4362	92
4495	92
4509	92
4516	92
4536	92
4573	92
4584	92
4624	92
4649	92
4676	92
4689	92
4762	92
4796	92
4800	92
4833	92
4835	92
4852	92
4886	92
4929	92
4972	92
5041	92
5161	92
5172	92
5185	92
5239	92
5255	92
5288	92
5324	92
5343	92
5378	92
5382	92
5485	92
5597	92
5617	92
5632	92
5640	92
5677	92
5680	92
5685	92
5693	92
5698	92
5760	92
5786	92
5814	92
5821	92
5861	92
5900	92
5938	92
5962	92
6001	92
6159	92
6211	92
6268	92
6270	92
6332	92
6367	92
6390	92
6413	92
6419	92
6429	92
6461	92
6505	92
6572	92
6628	92
6678	92
6770	92
6786	92
6882	92
6899	92
6903	92
6914	92
6927	92
7026	92
7030	92
7050	92
7075	92
7122	92
7154	92
7161	92
7175	92
7240	92
7290	92
7303	92
7493	92
7543	92
7546	92
7549	92
7594	92
7637	92
7769	92
7800	92
7911	92
7971	92
8003	92
8047	92
8059	92
8084	92
8142	92
8166	92
8187	92
8191	92
8238	92
8329	92
8350	92
8438	92
8450	92
8602	92
8605	92
8631	92
8685	92
8702	92
8717	92
8746	92
8785	92
8790	92
8977	92
8979	92
9069	92
9149	92
9157	92
9167	92
9247	92
9279	92
9322	92
9384	92
9388	92
9392	92
9427	92
9538	92
9582	92
9598	92
9658	92
9756	92
9820	92
9866	92
9894	92
9919	92
9947	92
9984	92
9992	92
10008	92
10063	92
10123	92
10283	92
10371	92
10413	92
10435	92
10441	92
10447	92
10467	92
10491	92
10505	92
10544	92
10581	92
10619	92
10735	92
10760	92
10762	92
10772	92
10813	92
10817	92
10827	92
10939	92
10990	92
11011	92
11015	92
11024	92
11075	92
11090	92
11109	92
11126	92
11208	92
11227	92
11252	92
11278	92
11340	92
11382	92
11396	92
11414	92
11424	92
11485	92
11520	92
11523	92
11527	92
11562	92
11645	92
11652	92
11685	92
11702	92
11946	92
11974	92
11984	92
12050	92
12069	92
12117	92
12144	92
12156	92
12169	92
12248	92
12301	92
12313	92
12331	92
12378	92
12404	92
12423	92
12455	92
12467	92
12476	92
12521	92
12574	92
12597	92
12598	92
12648	92
12708	92
12728	92
12750	92
12768	92
12790	92
12843	92
12942	92
12943	92
12947	92
13025	92
13059	92
13090	92
13137	92
13199	92
13210	92
13237	92
13343	92
13401	92
13422	92
13553	92
13589	92
13644	92
13723	92
13742	92
13749	92
13799	92
13808	92
13869	92
13913	92
13917	92
14015	92
14087	92
14161	92
14167	92
14260	92
14268	92
14374	92
14437	92
14570	92
14582	92
14619	92
14694	92
14728	92
14749	92
14786	92
14829	92
14851	92
14852	92
14885	92
14988	92
15033	92
15045	92
15188	92
15233	92
15284	92
15302	92
15420	92
15496	92
15536	92
15546	92
15548	92
15646	92
15693	92
15791	92
15793	92
15796	92
15821	92
15835	92
15857	92
15868	92
15903	92
15990	92
16005	92
16031	92
16089	92
16099	92
16203	92
16245	92
16255	92
16267	92
16268	92
16294	92
16339	92
16409	92
16437	92
16495	92
16555	92
16564	92
16686	92
16687	92
16688	92
16699	92
16735	92
16745	92
16774	92
16794	92
16857	92
16896	92
17028	92
17147	92
17156	92
17157	92
17159	92
17175	92
17229	92
17420	92
17421	92
17505	92
17542	92
17568	92
17611	92
17657	92
17849	92
17889	92
17912	92
17954	92
17963	92
17971	92
18065	92
18074	92
18083	92
18085	92
18120	92
18123	92
18205	92
18290	92
18322	92
18439	92
18565	92
18571	92
18603	92
18649	92
18670	92
18728	92
18776	92
18870	92
18935	92
18946	92
18954	92
19004	92
19034	92
19038	92
19070	92
19091	92
19095	92
19105	92
19119	92
19125	92
19167	92
19196	92
19208	92
19243	92
19262	92
19268	92
19270	92
19282	92
19289	92
19306	92
19377	92
19386	92
19390	92
19488	92
19531	92
19533	92
19574	92
19677	92
19693	92
19735	92
19757	92
19794	92
19801	92
19806	92
19842	92
19866	92
19868	92
19904	92
19908	92
19952	92
19986	92
19997	92
20027	92
20041	92
20076	92
20129	92
20137	92
20191	92
20206	92
20208	92
20224	92
20236	92
20263	92
20275	92
20396	92
20437	92
20459	92
20619	92
20621	92
20675	92
20693	92
20780	92
20806	92
20833	92
20875	92
20888	92
20891	92
20908	92
20910	92
20917	92
20988	92
21018	92
21065	92
21111	92
21126	92
21130	92
21282	92
21293	92
21361	92
21407	92
21414	92
21479	92
21511	92
21520	92
21575	92
21598	92
21602	92
21633	92
21694	92
21751	92
21765	92
21766	92
21782	92
21792	92
21827	92
21839	92
21861	92
21866	92
21922	92
21924	92
21948	92
21960	92
21982	92
21988	92
22183	92
22217	92
22363	92
22401	92
22418	92
22439	92
22465	92
22471	92
22486	92
22492	92
22499	92
22514	92
22518	92
22520	92
22771	92
22798	92
22838	92
22850	92
22858	92
22879	92
23068	92
23069	92
23124	92
23159	92
23174	92
23322	92
23353	92
23354	92
23374	92
23391	92
23428	92
23443	92
23449	92
23500	92
23501	92
23512	92
23555	92
23562	92
23627	92
23796	92
23820	92
23868	92
23871	92
23872	92
23970	92
23979	92
24019	92
24039	92
24175	92
24210	92
24253	92
24265	92
24268	92
24289	92
24300	92
24309	92
24343	92
24347	92
24376	92
24379	92
24405	92
24432	92
24433	92
24448	92
24454	92
24470	92
24639	92
24709	92
24759	92
24785	92
24804	92
24832	92
24892	92
24905	92
24938	92
25041	92
25056	92
25084	92
25100	92
25116	92
25122	92
25218	92
25247	92
25477	92
25489	92
25680	92
25698	92
25749	92
25772	92
25827	92
25884	92
25885	92
25913	92
25963	92
26031	92
26084	92
26102	92
26144	92
26252	92
26254	92
26262	92
26291	92
26308	92
26345	92
26362	92
26370	92
26375	92
26393	92
26412	92
26452	92
26460	92
26471	92
26498	92
26535	92
26540	92
26559	92
26562	92
26597	92
26607	92
26662	92
26696	92
26740	92
26774	92
26847	92
26875	92
26905	92
26929	92
26987	92
27090	92
27099	92
27134	92
27145	92
27196	92
27228	92
27306	92
27320	92
27325	92
27360	92
27399	92
27405	92
27409	92
27462	92
27471	92
27505	92
27536	92
27567	92
27570	92
27588	92
27591	92
27744	92
27787	92
27803	92
27840	92
27883	92
27983	92
28011	92
28137	92
28159	92
28175	92
28232	92
28295	92
28323	92
28335	92
28372	92
28411	92
28449	92
28489	92
28552	92
28593	92
28596	92
28615	92
28624	92
28670	92
28702	92
28847	92
28857	92
28873	92
28905	92
28917	92
28988	92
29015	92
29024	92
29032	92
29086	92
29094	92
29096	92
29099	92
29146	92
29154	92
29161	92
29172	92
29204	92
29230	92
29276	92
29283	92
29288	92
29325	92
29335	92
29344	92
29383	92
29397	92
29429	92
29453	92
29521	92
29651	92
29693	92
29729	92
29750	92
29799	92
29804	92
29835	92
29852	92
29932	92
29991	92
29992	92
29996	92
30004	92
30018	92
30070	92
30215	92
30353	92
30415	92
30437	92
30447	92
30448	92
30585	92
30588	92
30602	92
30658	92
30705	92
30771	92
30772	92
30806	92
30896	92
30961	92
30963	92
30995	92
31009	92
31010	92
31233	92
31273	92
31278	92
31307	92
31422	92
31452	92
31497	92
31513	92
31583	92
31666	92
31845	92
31929	92
31945	92
31947	92
32014	92
32077	92
32188	92
32218	92
32245	92
32255	92
32256	92
32262	92
32265	92
32268	92
32269	92
32311	92
32360	92
32415	92
32416	92
32502	92
32507	92
32553	92
32596	92
32602	92
32605	92
32608	92
32635	92
32661	92
32815	92
32989	92
33225	92
33261	92
33383	92
33409	92
33487	92
33570	92
33651	92
33762	92
33784	92
33820	92
33844	92
33884	92
33945	92
34006	92
34024	92
34075	92
34150	92
34195	92
34270	92
34292	92
34348	92
34512	92
34537	92
34567	92
34593	92
34626	92
34681	92
34721	92
34800	92
34813	92
34878	92
34879	92
35043	92
35071	92
35103	92
35145	92
35155	92
35171	92
35230	92
35235	92
35236	92
35301	92
35337	92
35356	92
35383	92
35390	92
35458	92
35465	92
35479	92
35498	92
35505	92
35533	92
35611	92
35824	92
35922	92
35928	92
35940	92
35958	92
35959	92
36098	92
36105	92
36194	92
36200	92
36249	92
36343	92
36377	92
36414	92
36428	92
36442	92
36444	92
36563	92
36631	92
36673	92
36755	92
36763	92
36780	92
36824	92
36852	92
36865	92
36880	92
36885	92
36994	92
37014	92
37047	92
37123	92
37141	92
37156	92
37173	92
37174	92
37183	92
37187	92
37321	92
37362	92
37384	92
37409	92
37423	92
37458	92
37462	92
37513	92
37566	92
37604	92
37632	92
37680	92
37701	92
37716	92
37757	92
37823	92
37853	92
37854	92
37860	92
37978	92
37983	92
38070	92
38075	92
38116	92
38136	92
38159	92
38187	92
38198	92
38212	92
38226	92
38267	92
38280	92
38362	92
38384	92
38476	92
38519	92
38543	92
38577	92
38613	92
38663	92
38665	92
38675	92
38689	92
38691	92
38696	92
38703	92
38743	92
38793	92
38814	92
38818	92
38852	92
38903	92
38933	92
38955	92
39263	92
39287	92
39323	92
39363	92
39434	92
39476	92
39604	92
39627	92
39699	92
39723	92
39743	92
39759	92
39764	92
39771	92
39837	92
39879	92
39890	92
39912	92
39956	92
39983	92
40002	92
40113	92
40146	92
40167	92
40174	92
40243	92
40301	92
40347	92
40376	92
40384	92
40428	92
40451	92
40483	92
40508	92
40525	92
40647	92
40678	92
40756	92
40793	92
40819	92
40844	92
40866	92
40905	92
40960	92
40962	92
41061	92
41091	92
41127	92
41310	92
41512	92
41571	92
41586	92
41592	92
41649	92
41650	92
41698	92
41742	92
41757	92
41774	92
41820	92
41824	92
41827	92
41831	92
41886	92
41962	92
41998	92
42000	92
42080	92
42147	92
42156	92
42167	92
42215	92
42361	92
42402	92
42403	92
42406	92
42541	92
42603	92
42624	92
42656	92
42691	92
42699	92
42719	92
42793	92
42916	92
42941	92
42950	92
42952	92
43011	92
43077	92
43109	92
43161	92
43193	92
43206	92
43253	92
43308	92
43312	92
43328	92
43349	92
43483	92
43502	92
43558	92
43655	92
43737	92
43837	92
43883	92
43923	92
44019	92
44029	92
44152	92
44167	92
44168	92
44170	92
44286	92
44321	92
44359	92
44383	92
44395	92
44401	92
44412	92
44478	92
44479	92
44511	92
44588	92
44626	92
44686	92
44746	92
44832	92
44884	92
44893	92
44942	92
44944	92
44965	92
44966	92
44969	92
45001	92
45008	92
45016	92
45075	92
45095	92
45100	92
45201	92
45222	92
45257	92
45311	92
45324	92
45493	92
45532	92
45554	92
45563	92
45593	92
45678	92
45701	92
45714	92
45770	92
45913	92
46072	92
46129	92
46150	92
46193	92
46202	92
46249	92
46279	92
46299	92
46375	92
46398	92
46411	92
46444	92
46462	92
46476	92
46613	92
46664	92
46794	92
46808	92
46839	92
46884	92
46887	92
46900	92
46978	92
46981	92
46986	92
46992	92
47019	92
47090	92
47098	92
47118	92
47134	92
47147	92
47152	92
47165	92
47177	92
47202	92
47221	92
47304	92
47367	92
47467	92
47469	92
47489	92
47574	92
47690	92
47717	92
47787	92
47866	92
47907	92
47961	92
47985	92
48002	92
48054	92
48105	92
48166	92
48182	92
48211	92
48228	92
48235	92
48469	92
48585	92
48645	92
48669	92
48712	92
48719	92
48731	92
48734	92
48781	92
48902	92
48920	92
48936	92
48947	92
48968	92
48986	92
49023	92
49051	92
49079	92
49085	92
49104	92
49105	92
49123	92
49177	92
49180	92
49236	92
49258	92
49262	92
49299	92
49338	92
49363	92
49395	92
49424	92
49436	92
49477	92
49494	92
49499	92
49545	92
49556	92
49644	92
49668	92
49671	92
49849	92
49864	92
49894	92
49926	92
49952	92
49973	92
60	91
98	91
221	91
258	91
262	91
332	91
339	91
382	91
386	91
398	91
430	91
433	91
436	91
446	91
477	91
489	91
492	91
520	91
525	91
550	91
622	91
645	91
776	91
825	91
859	91
954	91
961	91
972	91
1062	91
1155	91
1200	91
1233	91
1265	91
1378	91
1435	91
1449	91
1477	91
1579	91
1592	91
1614	91
1672	91
1696	91
1711	91
1745	91
1751	91
1780	91
1832	91
1883	91
1940	91
1976	91
2055	91
2086	91
2094	91
2110	91
2142	91
2215	91
2221	91
2222	91
2251	91
2285	91
2321	91
2325	91
2343	91
2415	91
2469	91
2483	91
2488	91
2519	91
2564	91
2728	91
2754	91
3002	91
3005	91
3096	91
3190	91
3273	91
3374	91
3415	91
3485	91
3544	91
3551	91
3581	91
3666	91
3667	91
3706	91
3725	91
3861	91
3881	91
3916	91
3922	91
4039	91
4170	91
4224	91
4258	91
4282	91
4297	91
4351	91
4478	91
4532	91
4560	91
4591	91
4717	91
4739	91
4799	91
4822	91
4845	91
4975	91
4983	91
5015	91
5036	91
5211	91
5240	91
5306	91
5337	91
5461	91
5487	91
5612	91
5671	91
5712	91
5826	91
5885	91
5924	91
5974	91
5983	91
6124	91
6137	91
6218	91
6328	91
6346	91
6358	91
6394	91
6476	91
6489	91
6515	91
6533	91
6542	91
6635	91
6670	91
6727	91
6762	91
6919	91
6938	91
6984	91
6986	91
6989	91
7039	91
7131	91
7193	91
7241	91
7301	91
7311	91
7323	91
7339	91
7359	91
7392	91
7419	91
7421	91
7427	91
7460	91
7484	91
7501	91
7558	91
7562	91
7669	91
7697	91
7825	91
7844	91
7902	91
7908	91
7921	91
7981	91
8087	91
8094	91
8239	91
8252	91
8297	91
8355	91
8372	91
8380	91
8399	91
8507	91
8586	91
8640	91
8681	91
8694	91
8828	91
8848	91
8894	91
9043	91
9097	91
9169	91
9327	91
9343	91
9433	91
9462	91
9470	91
9646	91
9651	91
9856	91
9895	91
9922	91
10078	91
10108	91
10112	91
10120	91
10331	91
10419	91
10420	91
10427	91
10458	91
10466	91
10556	91
10679	91
10681	91
10838	91
10863	91
11169	91
11176	91
11189	91
11255	91
11266	91
11374	91
11517	91
11533	91
11581	91
11667	91
11797	91
11817	91
11834	91
11915	91
11976	91
12001	91
12002	91
12095	91
12129	91
12195	91
12201	91
12202	91
12220	91
12272	91
12279	91
12286	91
12376	91
12398	91
12438	91
12484	91
12495	91
12505	91
12527	91
12530	91
12633	91
12654	91
12660	91
12747	91
12860	91
12865	91
12893	91
12948	91
12953	91
13019	91
13032	91
13109	91
13188	91
13218	91
13329	91
13382	91
13407	91
13417	91
13457	91
13501	91
13522	91
13571	91
13609	91
13622	91
13659	91
13711	91
13795	91
13888	91
13911	91
13994	91
14096	91
14099	91
14143	91
14183	91
14193	91
14298	91
14332	91
14381	91
14425	91
14485	91
14493	91
14593	91
14641	91
14648	91
14772	91
14788	91
14845	91
14939	91
14994	91
15029	91
15134	91
15157	91
15159	91
15243	91
15287	91
15327	91
15423	91
15559	91
15673	91
15723	91
15819	91
15968	91
16105	91
16107	91
16173	91
16282	91
16321	91
16331	91
16353	91
16377	91
16388	91
16426	91
16460	91
16462	91
16623	91
16645	91
16692	91
16723	91
16749	91
16773	91
16780	91
16781	91
16825	91
16910	91
16923	91
17171	91
17189	91
17220	91
17237	91
17338	91
17353	91
17386	91
17400	91
17624	91
17662	91
17806	91
17941	91
17943	91
17973	91
17997	91
18029	91
18078	91
18331	91
18594	91
18600	91
18648	91
18709	91
18754	91
18804	91
18810	91
18843	91
18917	91
18931	91
19012	91
19018	91
19022	91
19072	91
19080	91
19101	91
19233	91
19272	91
19279	91
19308	91
19315	91
19450	91
19470	91
19501	91
19608	91
19614	91
19647	91
19695	91
19721	91
19759	91
19820	91
19861	91
19867	91
19909	91
19947	91
19962	91
20040	91
20057	91
20083	91
20127	91
20165	91
20260	91
20270	91
20273	91
20276	91
20298	91
20310	91
20327	91
20498	91
20512	91
20559	91
20635	91
20650	91
20743	91
20748	91
20777	91
20802	91
20810	91
20822	91
20825	91
20836	91
20890	91
20935	91
20951	91
21017	91
21024	91
21094	91
21115	91
21157	91
21170	91
21239	91
21276	91
21285	91
21332	91
21390	91
21410	91
21419	91
21426	91
21521	91
21529	91
21535	91
21548	91
21562	91
21654	91
21669	91
21680	91
21696	91
21797	91
21813	91
21814	91
21889	91
21907	91
21947	91
21977	91
22043	91
22080	91
22154	91
22184	91
22208	91
22270	91
22284	91
22408	91
22411	91
22482	91
22537	91
22578	91
22656	91
22663	91
22786	91
22942	91
23016	91
23018	91
23028	91
23030	91
23177	91
23210	91
23224	91
23241	91
23248	91
23305	91
23308	91
23368	91
23383	91
23400	91
23471	91
23490	91
23550	91
23573	91
23622	91
23650	91
23669	91
23727	91
23802	91
23841	91
23855	91
23856	91
23864	91
23896	91
24028	91
24048	91
24089	91
24155	91
24254	91
24284	91
24311	91
24490	91
24653	91
24885	91
24907	91
24946	91
25060	91
25107	91
25127	91
25163	91
25315	91
25362	91
25406	91
25471	91
25533	91
25570	91
25618	91
25631	91
25653	91
25750	91
25780	91
25807	91
25839	91
25848	91
25959	91
25968	91
25990	91
26013	91
26024	91
26050	91
26152	91
26218	91
26240	91
26310	91
26450	91
26454	91
26578	91
26601	91
26659	91
26677	91
26725	91
26772	91
26776	91
26952	91
27030	91
27050	91
27059	91
27127	91
27143	91
27247	91
27293	91
27329	91
27335	91
27363	91
27367	91
27514	91
27516	91
27522	91
27544	91
27652	91
27700	91
27725	91
27728	91
27788	91
27856	91
27860	91
27912	91
27930	91
27952	91
28018	91
28069	91
28091	91
28096	91
28101	91
28171	91
28198	91
28211	91
28218	91
28235	91
28390	91
28431	91
28444	91
28459	91
28472	91
28476	91
28514	91
28539	91
28622	91
28635	91
28731	91
28825	91
28851	91
28934	91
28975	91
28976	91
29012	91
29028	91
29129	91
29182	91
29205	91
29238	91
29274	91
29285	91
29349	91
29384	91
29411	91
29424	91
29427	91
29527	91
29560	91
29641	91
29753	91
29802	91
29843	91
29845	91
29876	91
29919	91
30086	91
30098	91
30099	91
30104	91
30195	91
30347	91
30396	91
30439	91
30486	91
30487	91
30514	91
30516	91
30532	91
30552	91
30580	91
30582	91
30586	91
30598	91
30610	91
30647	91
30652	91
30845	91
30847	91
30983	91
31084	91
31105	91
31242	91
31249	91
31251	91
31288	91
31310	91
31323	91
31346	91
31527	91
31552	91
31578	91
31598	91
31659	91
31697	91
31710	91
31718	91
31798	91
31878	91
31903	91
31921	91
31936	91
31976	91
31993	91
32017	91
32150	91
32216	91
32292	91
32313	91
32367	91
32390	91
32417	91
32429	91
32442	91
32517	91
32518	91
32581	91
32666	91
32730	91
32755	91
32791	91
32833	91
33144	91
33321	91
33326	91
33415	91
33482	91
33645	91
33713	91
33723	91
33745	91
33790	91
33823	91
33887	91
34023	91
34048	91
34069	91
34084	91
34205	91
34445	91
34520	91
34569	91
34612	91
34628	91
34694	91
34778	91
34869	91
34948	91
34962	91
35013	91
35033	91
35074	91
35094	91
35119	91
35140	91
35163	91
35205	91
35322	91
35338	91
35436	91
35486	91
35522	91
35530	91
35677	91
35703	91
35795	91
35842	91
35890	91
35975	91
36231	91
36239	91
36378	91
36401	91
36407	91
36497	91
36512	91
36515	91
36524	91
36525	91
36557	91
36623	91
36676	91
36796	91
36802	91
36803	91
36862	91
36902	91
36917	91
36964	91
36995	91
37116	91
37190	91
37211	91
37229	91
37275	91
37376	91
37398	91
37420	91
37615	91
37620	91
37634	91
37662	91
37666	91
37762	91
37785	91
37801	91
37834	91
37856	91
37916	91
37918	91
37936	91
38078	91
38257	91
38371	91
38400	91
38475	91
38593	91
38632	91
38658	91
38716	91
38717	91
38763	91
38768	91
38775	91
38800	91
38854	91
38898	91
38951	91
38956	91
38998	91
39156	91
39179	91
39180	91
39192	91
39222	91
39236	91
39391	91
39562	91
39691	91
39749	91
39769	91
39784	91
39865	91
39876	91
39911	91
39915	91
39927	91
40068	91
40074	91
40100	91
40185	91
40238	91
40239	91
40271	91
40419	91
40558	91
40604	91
40628	91
40636	91
40656	91
40676	91
40692	91
40719	91
40750	91
40903	91
40909	91
40987	91
40989	91
41079	91
41089	91
41128	91
41183	91
41188	91
41189	91
41224	91
41226	91
41274	91
41346	91
41448	91
41481	91
41494	91
41539	91
41630	91
41687	91
41746	91
41786	91
41804	91
41816	91
41844	91
41896	91
41903	91
41949	91
41954	91
42302	91
42314	91
42353	91
42354	91
42387	91
42468	91
42490	91
42547	91
42554	91
42626	91
42697	91
43067	91
43153	91
43168	91
43173	91
43195	91
43246	91
43318	91
43368	91
43371	91
43381	91
43387	91
43423	91
43462	91
43494	91
43536	91
43590	91
43717	91
43816	91
43944	91
43953	91
43955	91
44051	91
44063	91
44091	91
44148	91
44213	91
44226	91
44263	91
44279	91
44315	91
44335	91
44341	91
44378	91
44413	91
44445	91
44476	91
44575	91
44607	91
44726	91
44805	91
44818	91
44827	91
44895	91
44953	91
45071	91
45083	91
45159	91
45195	91
45211	91
45228	91
45238	91
45241	91
45322	91
45358	91
45360	91
45497	91
45500	91
45661	91
45706	91
45743	91
45753	91
45760	91
45796	91
45813	91
45848	91
45876	91
45885	91
45920	91
46019	91
46082	91
46131	91
46140	91
46146	91
46190	91
46203	91
46233	91
46266	91
46347	91
46421	91
46538	91
46683	91
46750	91
46790	91
46817	91
46847	91
47001	91
47020	91
47029	91
47116	91
47164	91
47190	91
47197	91
47244	91
47260	91
47381	91
47386	91
47426	91
47490	91
47508	91
47638	91
47648	91
47660	91
47692	91
47785	91
47899	91
48029	91
48041	91
48053	91
48115	91
48144	91
48157	91
48178	91
48284	91
48641	91
48644	91
48748	91
48755	91
48756	91
48914	91
48970	91
49031	91
49058	91
49122	91
49153	91
49156	91
49193	91
49313	91
49323	91
49326	91
49337	91
49382	91
49404	91
49509	91
49542	91
49562	91
49616	91
49680	91
49703	91
49760	91
49787	91
49859	91
49904	91
49928	91
49998	91
37	90
62	90
105	90
160	90
234	90
253	90
302	90
438	90
556	90
664	90
679	90
918	90
947	90
1072	90
1076	90
1217	90
1244	90
1270	90
1428	90
1479	90
1582	90
1688	90
1717	90
1729	90
1803	90
1936	90
2029	90
2140	90
2260	90
2264	90
2282	90
2357	90
2422	90
2428	90
2477	90
2486	90
2636	90
2793	90
2806	90
2844	90
2852	90
2898	90
2903	90
2958	90
2991	90
3020	90
3061	90
3081	90
3184	90
3294	90
3359	90
3369	90
3395	90
3404	90
3526	90
3605	90
3697	90
3700	90
3704	90
3886	90
3887	90
3963	90
4048	90
4088	90
4099	90
4117	90
4225	90
4320	90
4407	90
4548	90
4621	90
4661	90
4690	90
4856	90
4900	90
4927	90
4969	90
5000	90
5001	90
5052	90
5094	90
5138	90
5269	90
5279	90
5286	90
5385	90
5388	90
5391	90
5416	90
5453	90
5555	90
5688	90
5763	90
5865	90
5902	90
5916	90
6073	90
6233	90
6236	90
6257	90
6571	90
6666	90
6697	90
6829	90
6929	90
6966	90
6971	90
7080	90
7086	90
7262	90
7461	90
7486	90
7489	90
7502	90
7571	90
7744	90
7765	90
7799	90
7803	90
7811	90
7828	90
7871	90
7944	90
7960	90
8079	90
8096	90
8111	90
8130	90
8156	90
8221	90
8319	90
8354	90
8531	90
8535	90
8548	90
8568	90
8743	90
8927	90
8994	90
9014	90
9034	90
9192	90
9255	90
9409	90
9481	90
9487	90
9491	90
9719	90
9838	90
9861	90
9882	90
10205	90
10473	90
10579	90
10584	90
10595	90
10612	90
10648	90
10654	90
10662	90
10680	90
10708	90
10751	90
10763	90
10793	90
11125	90
11140	90
11188	90
11259	90
11281	90
11282	90
11293	90
11404	90
11430	90
11449	90
11558	90
11700	90
11773	90
11778	90
11883	90
11920	90
11998	90
12007	90
12211	90
12235	90
12322	90
12369	90
12387	90
12503	90
12504	90
12585	90
12587	90
12604	90
12609	90
12670	90
12744	90
12920	90
13014	90
13241	90
13284	90
13288	90
13328	90
13396	90
13412	90
13421	90
13548	90
13566	90
13635	90
13647	90
13744	90
13792	90
13852	90
13897	90
13953	90
14049	90
14076	90
14169	90
14217	90
14229	90
14290	90
14306	90
14335	90
14462	90
14584	90
14586	90
14633	90
14636	90
14714	90
14804	90
14849	90
14964	90
14987	90
15049	90
15087	90
15222	90
15280	90
15321	90
15326	90
15495	90
15535	90
15566	90
15653	90
15739	90
16049	90
16054	90
16159	90
16172	90
16176	90
16208	90
16211	90
16234	90
16258	90
16399	90
16472	90
16542	90
16543	90
16558	90
16658	90
16680	90
16791	90
16807	90
16887	90
16975	90
16986	90
17030	90
17139	90
17148	90
17178	90
17227	90
17334	90
17362	90
17434	90
17517	90
17550	90
17787	90
17807	90
17888	90
17946	90
17987	90
18069	90
18255	90
18408	90
18421	90
18492	90
18579	90
18695	90
18772	90
18794	90
18829	90
18963	90
18994	90
19068	90
19104	90
19162	90
19177	90
19300	90
19341	90
19355	90
19380	90
19381	90
19474	90
19510	90
19565	90
19597	90
19601	90
19687	90
19741	90
19764	90
19818	90
19849	90
19923	90
20156	90
20187	90
20250	90
20281	90
20293	90
20359	90
20441	90
20710	90
20800	90
20870	90
20947	90
20974	90
21122	90
21266	90
21301	90
21326	90
21397	90
21571	90
21583	90
21589	90
21701	90
21707	90
21793	90
21999	90
22065	90
22077	90
22220	90
22224	90
22253	90
22287	90
22330	90
22338	90
22368	90
22374	90
22376	90
22422	90
22427	90
22437	90
22478	90
22500	90
22544	90
22599	90
22704	90
22729	90
22754	90
22796	90
22884	90
22956	90
22962	90
23132	90
23151	90
23169	90
23230	90
23234	90
23245	90
23277	90
23324	90
23336	90
23371	90
23432	90
23485	90
23488	90
23506	90
23543	90
23694	90
23708	90
23752	90
23770	90
23798	90
23807	90
23854	90
23974	90
23975	90
24003	90
24024	90
24160	90
24211	90
24436	90
24450	90
24530	90
24532	90
24552	90
24640	90
24723	90
24740	90
25021	90
25137	90
25228	90
25252	90
25359	90
25373	90
25457	90
25485	90
25510	90
25588	90
25621	90
25634	90
25662	90
25775	90
25812	90
25894	90
25906	90
25914	90
25918	90
25937	90
25945	90
25948	90
25983	90
26011	90
26032	90
26107	90
26196	90
26212	90
26435	90
26488	90
26496	90
26590	90
26739	90
26790	90
26797	90
26822	90
26846	90
26957	90
26992	90
27011	90
27025	90
27055	90
27083	90
27101	90
27141	90
27215	90
27258	90
27262	90
27276	90
27326	90
27330	90
27358	90
27413	90
27523	90
27664	90
27686	90
27745	90
27801	90
27807	90
27899	90
27995	90
28010	90
28179	90
28213	90
28229	90
28268	90
28326	90
28391	90
28534	90
28543	90
28656	90
28801	90
28884	90
28901	90
28914	90
28985	90
29134	90
29168	90
29275	90
29555	90
29678	90
29710	90
29770	90
29851	90
29942	90
30125	90
30161	90
30301	90
30331	90
30391	90
30401	90
30614	90
30679	90
30714	90
30717	90
30998	90
31102	90
31106	90
31113	90
31186	90
31253	90
31352	90
31392	90
31569	90
31597	90
31668	90
31669	90
31724	90
31726	90
31749	90
31819	90
31849	90
31856	90
31870	90
31946	90
31954	90
32131	90
32241	90
32284	90
32318	90
32453	90
32677	90
32856	90
32945	90
33014	90
33051	90
33077	90
33174	90
33378	90
33393	90
33402	90
33431	90
33486	90
33526	90
33582	90
33583	90
33621	90
33736	90
33791	90
33892	90
33901	90
33953	90
33966	90
34177	90
34220	90
34302	90
34304	90
34309	90
34334	90
34377	90
34525	90
34530	90
34840	90
34865	90
34975	90
34987	90
35076	90
35092	90
35125	90
35278	90
35283	90
35403	90
35592	90
35628	90
35779	90
35813	90
35840	90
36007	90
36030	90
36053	90
36073	90
36099	90
36220	90
36356	90
36433	90
36435	90
36449	90
36473	90
36477	90
36507	90
36584	90
36647	90
36704	90
36854	90
36884	90
36985	90
36987	90
36993	90
37067	90
37126	90
37239	90
37329	90
37363	90
37375	90
37454	90
37490	90
37594	90
38008	90
38030	90
38094	90
38097	90
38180	90
38200	90
38231	90
38330	90
38525	90
38537	90
38607	90
38616	90
38742	90
38747	90
38780	90
39023	90
39081	90
39261	90
39289	90
39305	90
39349	90
39415	90
39422	90
39474	90
39530	90
39560	90
39567	90
39596	90
39689	90
39710	90
39795	90
39796	90
39999	90
40075	90
40199	90
40250	90
40371	90
40599	90
40687	90
40722	90
40724	90
40769	90
40778	90
40779	90
40797	90
40976	90
41058	90
41105	90
41166	90
41228	90
41258	90
41418	90
41467	90
41645	90
41657	90
41674	90
41709	90
41710	90
41762	90
41838	90
41857	90
41898	90
41911	90
42100	90
42208	90
42241	90
42249	90
42270	90
42281	90
42288	90
42338	90
42590	90
42654	90
42806	90
42924	90
43015	90
43240	90
43310	90
43329	90
43346	90
43361	90
43416	90
43443	90
43578	90
43584	90
43597	90
43600	90
43608	90
43619	90
43635	90
43777	90
43812	90
43822	90
43985	90
43988	90
44061	90
44151	90
44157	90
44180	90
44312	90
44354	90
44366	90
44418	90
44425	90
44600	90
44613	90
44642	90
44653	90
44682	90
44766	90
44793	90
44799	90
44853	90
44889	90
44902	90
44947	90
45056	90
45084	90
45114	90
45122	90
45179	90
45202	90
45216	90
45366	90
45426	90
45464	90
45479	90
45485	90
45654	90
45711	90
45802	90
45831	90
45844	90
45899	90
45961	90
45975	90
46051	90
46099	90
46121	90
46231	90
46307	90
46353	90
46364	90
46432	90
46480	90
46488	90
46593	90
46685	90
46726	90
46756	90
46773	90
46804	90
46993	90
47012	90
47117	90
47124	90
47148	90
47182	90
47194	90
47314	90
47327	90
47345	90
47353	90
47364	90
47452	90
47465	90
47515	90
47615	90
47662	90
47669	90
47687	90
47691	90
47702	90
47709	90
47737	90
47740	90
47781	90
47799	90
47807	90
47926	90
47993	90
48052	90
48068	90
48181	90
48229	90
48236	90
48377	90
48615	90
48681	90
48694	90
48729	90
48749	90
48820	90
48889	90
48899	90
48905	90
48993	90
49125	90
49139	90
49343	90
49371	90
49455	90
49473	90
49534	90
49621	90
49633	90
49813	90
49823	90
49917	90
38	89
186	89
282	89
394	89
443	89
462	89
475	89
572	89
573	89
668	89
694	89
747	89
823	89
883	89
1168	89
1213	89
1305	89
1355	89
1361	89
1465	89
1473	89
1475	89
1513	89
1519	89
1590	89
1622	89
1848	89
1893	89
1902	89
1967	89
2024	89
2053	89
2174	89
2379	89
2524	89
2526	89
2549	89
2632	89
2679	89
2739	89
2821	89
2846	89
2876	89
2883	89
2887	89
2996	89
3107	89
3177	89
3179	89
3222	89
3239	89
3249	89
3315	89
3456	89
3496	89
3514	89
3643	89
3648	89
3734	89
3777	89
3837	89
3846	89
3904	89
3983	89
4047	89
4073	89
4289	89
4363	89
4465	89
4496	89
4547	89
4562	89
4589	89
4659	89
4692	89
4726	89
4745	89
4909	89
5022	89
5048	89
5066	89
5191	89
5447	89
5662	89
5709	89
5735	89
5869	89
5877	89
6020	89
6043	89
6220	89
6317	89
6402	89
6436	89
6662	89
6665	89
6730	89
6764	89
6861	89
6972	89
6998	89
7276	89
7284	89
7497	89
7513	89
7600	89
7705	89
7988	89
7994	89
8005	89
8295	89
8296	89
8400	89
8435	89
8476	89
8587	89
8699	89
8811	89
9040	89
9062	89
9112	89
9229	89
9402	89
9459	89
9507	89
9509	89
9665	89
9735	89
9864	89
9869	89
9908	89
9929	89
9969	89
10039	89
10209	89
10261	89
10275	89
10317	89
10421	89
10533	89
10622	89
10626	89
10743	89
10859	89
10903	89
10910	89
10969	89
11000	89
11058	89
11276	89
11370	89
11393	89
11434	89
11532	89
11578	89
11580	89
11683	89
11815	89
11866	89
11880	89
11995	89
12106	89
12356	89
12502	89
12532	89
12551	89
12621	89
12772	89
12913	89
12919	89
12939	89
12985	89
13054	89
13107	89
13252	89
13270	89
13444	89
13509	89
13613	89
13722	89
13773	89
13857	89
13907	89
13944	89
13983	89
14086	89
14170	89
14501	89
14515	89
14673	89
14691	89
14884	89
15082	89
15090	89
15137	89
15236	89
15363	89
15520	89
15618	89
15742	89
15842	89
15847	89
15950	89
15957	89
16083	89
16142	89
16216	89
16325	89
16405	89
16628	89
16672	89
16725	89
16929	89
16962	89
17052	89
17180	89
17313	89
17324	89
17331	89
17408	89
17588	89
17746	89
17771	89
17794	89
17957	89
17990	89
18048	89
18091	89
18135	89
18248	89
18474	89
18744	89
18755	89
18828	89
18835	89
18899	89
19086	89
19235	89
19283	89
19305	89
19506	89
19679	89
19683	89
19795	89
19928	89
20000	89
20013	89
20066	89
20140	89
20159	89
20169	89
20220	89
20290	89
20402	89
20427	89
20524	89
20605	89
20636	89
20829	89
20866	89
20867	89
20949	89
20956	89
20971	89
21185	89
21393	89
21404	89
21423	89
21523	89
21619	89
21627	89
21639	89
21719	89
22186	89
22335	89
22458	89
22528	89
22625	89
22640	89
22696	89
22755	89
22816	89
22829	89
22926	89
22982	89
23006	89
23197	89
23214	89
23229	89
23259	89
23267	89
23392	89
23534	89
23548	89
23572	89
23577	89
23580	89
23655	89
23756	89
23966	89
24043	89
24230	89
24304	89
24394	89
24487	89
24649	89
24684	89
24738	89
24751	89
24831	89
24918	89
24940	89
24947	89
24992	89
25045	89
25106	89
25151	89
25210	89
25278	89
25282	89
25327	89
25343	89
25390	89
25411	89
25541	89
25649	89
25656	89
25893	89
26083	89
26097	89
26203	89
26204	89
26276	89
26340	89
26474	89
26493	89
26598	89
26613	89
26690	89
26777	89
26824	89
27244	89
27286	89
27348	89
27501	89
27971	89
28078	89
28201	89
28220	89
28289	89
28292	89
28440	89
28465	89
28504	89
28541	89
28547	89
28672	89
28705	89
28753	89
28784	89
28790	89
28805	89
28839	89
28886	89
28978	89
28982	89
29148	89
29176	89
29252	89
29272	89
29321	89
29512	89
29792	89
29911	89
29978	89
29982	89
29993	89
30032	89
30473	89
30697	89
30757	89
30781	89
30903	89
30989	89
31029	89
31041	89
31064	89
31291	89
31340	89
31580	89
31599	89
31632	89
31832	89
31847	89
31918	89
31919	89
31960	89
32198	89
32283	89
32304	89
32450	89
32492	89
32565	89
32633	89
32652	89
33091	89
33151	89
33244	89
33346	89
33387	89
33399	89
33423	89
33657	89
33778	89
33809	89
34073	89
34109	89
34122	89
34206	89
34223	89
34242	89
34253	89
34352	89
34362	89
34587	89
34601	89
34661	89
34814	89
34830	89
35049	89
35189	89
35263	89
35297	89
35511	89
35555	89
35630	89
35712	89
35802	89
35883	89
35913	89
36198	89
36207	89
36450	89
36489	89
36509	89
36637	89
36733	89
36765	89
36899	89
36942	89
37007	89
37115	89
37300	89
37361	89
37414	89
37535	89
37579	89
37612	89
37629	89
37885	89
37913	89
37935	89
38140	89
38236	89
38258	89
38309	89
38438	89
38496	89
38507	89
38559	89
38790	89
38816	89
38832	89
38889	89
39021	89
39335	89
39343	89
39411	89
39499	89
39503	89
39546	89
39575	89
39597	89
39613	89
39987	89
40058	89
40124	89
40161	89
40187	89
40293	89
40368	89
40657	89
40759	89
41139	89
41230	89
41241	89
41276	89
41280	89
41284	89
41328	89
41357	89
41390	89
41419	89
41506	89
41588	89
41613	89
41679	89
41888	89
41909	89
41966	89
42033	89
42115	89
42153	89
42212	89
42214	89
42300	89
42312	89
42369	89
42469	89
42507	89
42667	89
42724	89
42759	89
42785	89
42841	89
42885	89
43063	89
43130	89
43145	89
43230	89
43281	89
43473	89
43495	89
43615	89
43668	89
43695	89
43783	89
43815	89
43937	89
43943	89
44000	89
44012	89
44030	89
44035	89
44085	89
44114	89
44139	89
44155	89
44212	89
44496	89
44596	89
44782	89
44795	89
44797	89
44854	89
44945	89
45000	89
45033	89
45207	89
45344	89
45604	89
45627	89
45671	89
45691	89
45749	89
45768	89
45816	89
45841	89
45866	89
45870	89
45898	89
45946	89
46281	89
46323	89
46468	89
46510	89
46537	89
46591	89
46598	89
46599	89
46748	89
46953	89
47102	89
47113	89
47215	89
47307	89
47365	89
47455	89
47463	89
47495	89
47579	89
47699	89
47722	89
47779	89
47968	89
47980	89
48078	89
48129	89
48296	89
48366	89
48375	89
48601	89
48609	89
48617	89
48715	89
48794	89
48814	89
48834	89
48849	89
48913	89
48984	89
49142	89
49260	89
49483	89
49567	89
49585	89
49630	89
49702	89
49774	89
49879	89
49909	89
49910	89
161	88
162	88
172	88
295	88
532	88
578	88
666	88
769	88
828	88
1245	88
1351	88
1356	88
1480	88
1507	88
1533	88
1612	88
1621	88
1633	88
1655	88
1682	88
2302	88
2548	88
2587	88
2601	88
2766	88
2773	88
3006	88
3086	88
3090	88
3225	88
3256	88
3287	88
3351	88
3386	88
3491	88
3599	88
3743	88
3831	88
4272	88
4371	88
4541	88
4623	88
4790	88
5104	88
5164	88
5510	88
5532	88
5672	88
5689	88
5769	88
5881	88
5896	88
5914	88
6302	88
6360	88
6535	88
6668	88
6769	88
6797	88
6800	88
6820	88
6945	88
7070	88
7229	88
7341	88
7401	88
7529	88
7564	88
7652	88
7750	88
7759	88
7841	88
7843	88
7980	88
8090	88
8150	88
8229	88
8505	88
8529	88
8636	88
8653	88
8737	88
8787	88
8813	88
8824	88
8917	88
9063	88
9135	88
9212	88
9274	88
9293	88
9505	88
9521	88
9524	88
9557	88
9661	88
9693	88
9813	88
9934	88
9955	88
9983	88
9989	88
10014	88
10093	88
10098	88
10568	88
10624	88
10796	88
10816	88
10828	88
10929	88
11139	88
11150	88
11231	88
11248	88
11331	88
11399	88
11438	88
11640	88
11671	88
11749	88
11804	88
11827	88
12065	88
12093	88
12097	88
12167	88
12183	88
12215	88
12451	88
12608	88
12683	88
12704	88
12722	88
12745	88
12764	88
12827	88
12954	88
13026	88
13100	88
13125	88
13133	88
13393	88
13520	88
13755	88
13845	88
13900	88
14009	88
14014	88
14659	88
14721	88
14764	88
14790	88
14841	88
14871	88
15150	88
15194	88
15198	88
15220	88
15296	88
15305	88
15308	88
15403	88
15507	88
15516	88
15540	88
15614	88
15732	88
15856	88
15966	88
16004	88
16150	88
16233	88
16262	88
16514	88
16595	88
16710	88
16937	88
16955	88
17053	88
17105	88
17143	88
17312	88
17378	88
17699	88
17735	88
17789	88
17798	88
17815	88
17882	88
17903	88
17919	88
17925	88
18095	88
18097	88
18302	88
18318	88
18348	88
18413	88
18526	88
18595	88
18645	88
18681	88
18785	88
18864	88
18919	88
18926	88
18943	88
19200	88
19334	88
19405	88
19529	88
19616	88
19804	88
19893	88
19930	88
19970	88
20195	88
20366	88
20549	88
20620	88
20679	88
20741	88
21014	88
21046	88
21245	88
21289	88
21290	88
21328	88
21336	88
21377	88
21524	88
21594	88
21614	88
21788	88
21842	88
21871	88
21959	88
22103	88
22119	88
22156	88
22311	88
22632	88
22658	88
22694	88
22822	88
23126	88
23246	88
23325	88
23330	88
23331	88
23382	88
23476	88
23696	88
23744	88
23801	88
23888	88
23954	88
24004	88
24075	88
24126	88
24191	88
24440	88
24541	88
24546	88
24583	88
24612	88
24816	88
25006	88
25062	88
25294	88
25438	88
25508	88
25991	88
26111	88
26246	88
26330	88
26350	88
26548	88
26868	88
26945	88
26994	88
27010	88
27032	88
27093	88
27119	88
27177	88
27260	88
27271	88
27444	88
27488	88
27557	88
27694	88
27830	88
28058	88
28071	88
28163	88
28189	88
28339	88
28359	88
28394	88
28418	88
28473	88
28586	88
28605	88
28685	88
28894	88
28906	88
29044	88
29175	88
29187	88
29430	88
29675	88
29784	88
29948	88
30238	88
30252	88
30364	88
30389	88
30434	88
30470	88
30519	88
30636	88
30648	88
30839	88
30881	88
30992	88
31067	88
31100	88
31150	88
31320	88
31376	88
31471	88
31491	88
31595	88
31645	88
31796	88
31905	88
31907	88
31969	88
31988	88
32020	88
32547	88
32588	88
32614	88
32788	88
32841	88
32956	88
33025	88
33076	88
33397	88
33759	88
33805	88
33973	88
34283	88
34287	88
34496	88
34505	88
34561	88
34629	88
34754	88
34838	88
34860	88
34912	88
35080	88
35183	88
35210	88
35265	88
35313	88
35331	88
35483	88
35676	88
35793	88
35812	88
36079	88
36125	88
36142	88
36202	88
36273	88
36335	88
36388	88
36395	88
36418	88
36527	88
36590	88
36594	88
36748	88
36774	88
36834	88
37269	88
37365	88
37459	88
37672	88
37676	88
37795	88
37844	88
37877	88
37955	88
38191	88
38199	88
38238	88
38317	88
38459	88
38493	88
38523	88
38541	88
38619	88
38853	88
38875	88
39039	88
39078	88
39141	88
39207	88
39210	88
39264	88
39453	88
39460	88
39616	88
39735	88
39855	88
39862	88
39989	88
40029	88
40063	88
40157	88
40165	88
40257	88
40258	88
40287	88
40518	88
40681	88
40808	88
40830	88
40877	88
40979	88
41164	88
41173	88
41204	88
41267	88
41338	88
41363	88
41373	88
41478	88
41559	88
41582	88
41612	88
41616	88
42187	88
42268	88
42409	88
42441	88
42492	88
42558	88
42802	88
42820	88
42866	88
42873	88
43517	88
43528	88
43567	88
43682	88
43726	88
43984	88
44138	88
44271	88
44272	88
44481	88
44669	88
44698	88
44811	88
44875	88
44983	88
45194	88
45345	88
45823	88
46015	88
46269	88
46461	88
46466	88
46500	88
46540	88
46665	88
46666	88
46684	88
46729	88
46730	88
46777	88
46876	88
46911	88
46913	88
46941	88
47103	88
47136	88
47171	88
47198	88
47270	88
47328	88
47407	88
47512	88
47531	88
47589	88
47603	88
47700	88
47706	88
47755	88
47774	88
47789	88
47813	88
47845	88
47893	88
48056	88
48241	88
48255	88
48274	88
48347	88
48358	88
48580	88
48584	88
48657	88
48772	88
48816	88
49066	88
49273	88
49437	88
49731	88
49831	88
49908	88
49997	88
16	87
115	87
198	87
206	87
214	87
270	87
358	87
841	87
886	87
1073	87
1147	87
1175	87
1511	87
1565	87
1631	87
1681	87
1714	87
2067	87
2192	87
2314	87
2328	87
2541	87
2552	87
2560	87
2577	87
2584	87
2613	87
2624	87
2696	87
2827	87
2837	87
2897	87
2928	87
3034	87
3069	87
3079	87
3387	87
3451	87
3465	87
3492	87
3640	87
3794	87
3858	87
4080	87
4089	87
4161	87
4211	87
4273	87
4408	87
4508	87
4648	87
4665	87
4818	87
4898	87
4903	87
5246	87
5271	87
5274	87
5389	87
5479	87
5499	87
5511	87
5559	87
5793	87
5803	87
5859	87
5878	87
5888	87
6107	87
6200	87
6275	87
6282	87
6446	87
6561	87
6631	87
6659	87
6707	87
6811	87
6866	87
7138	87
7145	87
7324	87
7390	87
7399	87
7821	87
7995	87
8212	87
8650	87
8727	87
8764	87
8812	87
8830	87
8920	87
8946	87
8974	87
9013	87
9076	87
9118	87
9189	87
9532	87
9657	87
9709	87
9729	87
10061	87
10071	87
10187	87
10346	87
10673	87
11044	87
11170	87
11280	87
11299	87
11465	87
11522	87
11579	87
11594	87
11678	87
11787	87
11837	87
11900	87
12018	87
12100	87
12217	87
12347	87
12477	87
12523	87
12588	87
12631	87
12758	87
12845	87
12907	87
13064	87
13335	87
13430	87
13450	87
13498	87
13645	87
13825	87
13840	87
13873	87
14035	87
14089	87
14098	87
14265	87
14271	87
14417	87
14461	87
14508	87
14621	87
14626	87
14664	87
14858	87
15019	87
15175	87
15330	87
15480	87
15510	87
15712	87
15806	87
15866	87
15994	87
16025	87
16036	87
16087	87
16131	87
16162	87
16214	87
16221	87
16291	87
16307	87
16467	87
16905	87
16911	87
17133	87
17336	87
17448	87
17462	87
17575	87
17726	87
17860	87
17986	87
18031	87
18142	87
18312	87
18495	87
18531	87
18770	87
18805	87
18868	87
19164	87
19203	87
19276	87
19313	87
19487	87
19549	87
19591	87
19660	87
19865	87
19939	87
20175	87
20264	87
20405	87
20430	87
20475	87
20502	87
20661	87
20722	87
20761	87
20921	87
20994	87
21376	87
21411	87
21552	87
21714	87
21847	87
21933	87
22123	87
22196	87
22215	87
22380	87
22607	87
22629	87
22700	87
22970	87
23105	87
23228	87
23381	87
23533	87
23585	87
23598	87
23601	87
23695	87
23741	87
23758	87
23913	87
23982	87
23998	87
24146	87
24162	87
24183	87
24324	87
24350	87
24523	87
24602	87
24630	87
24757	87
24891	87
24908	87
24975	87
24982	87
24985	87
25162	87
25285	87
25476	87
25607	87
26061	87
26241	87
26570	87
26814	87
26895	87
27361	87
27387	87
27545	87
27597	87
27633	87
27678	87
27972	87
28233	87
28265	87
28601	87
28602	87
28688	87
28763	87
28813	87
28818	87
28876	87
29091	87
29165	87
29221	87
29251	87
29270	87
29418	87
29575	87
29583	87
29894	87
29916	87
29968	87
30231	87
30264	87
30758	87
30897	87
31015	87
31052	87
31059	87
31134	87
31193	87
31268	87
31298	87
31330	87
31509	87
31579	87
31815	87
31892	87
31987	87
32176	87
32272	87
32287	87
32353	87
32386	87
32445	87
32452	87
32524	87
32574	87
32592	87
32715	87
32810	87
32952	87
32988	87
32994	87
33050	87
33128	87
33186	87
33448	87
33585	87
33739	87
33918	87
33921	87
33991	87
34146	87
34198	87
34238	87
34386	87
34485	87
34915	87
35012	87
35055	87
35120	87
35257	87
35668	87
35731	87
35886	87
35937	87
36352	87
36636	87
36640	87
36643	87
36857	87
37024	87
37320	87
37400	87
37431	87
37650	87
37693	87
37948	87
38013	87
38169	87
38372	87
38606	87
38637	87
38820	87
38911	87
39135	87
39137	87
39160	87
39427	87
39500	87
39585	87
39760	87
39835	87
39940	87
39966	87
39967	87
39970	87
40332	87
40382	87
40590	87
40620	87
41147	87
41157	87
41361	87
41423	87
41432	87
41519	87
41532	87
41666	87
41704	87
41717	87
41773	87
41905	87
41983	87
42018	87
42019	87
42049	87
42077	87
42139	87
42295	87
42317	87
42632	87
42650	87
42816	87
42860	87
42869	87
42919	87
42962	87
42966	87
42974	87
43062	87
43088	87
43128	87
43591	87
43639	87
43646	87
43787	87
43872	87
43997	87
44004	87
44308	87
44399	87
44591	87
44603	87
44639	87
44741	87
44751	87
44876	87
44964	87
45268	87
45402	87
45423	87
45449	87
45517	87
45829	87
45929	87
45939	87
45948	87
45993	87
46096	87
46274	87
46280	87
46406	87
46464	87
46846	87
47002	87
47049	87
47121	87
47410	87
47633	87
47655	87
47996	87
48000	87
48010	87
48171	87
48322	87
48355	87
48393	87
48401	87
48491	87
48496	87
48500	87
48806	87
48901	87
48911	87
49045	87
49137	87
49278	87
49505	87
49825	87
49844	87
49954	87
269	86
390	86
431	86
461	86
485	86
495	86
547	86
590	86
615	86
661	86
726	86
794	86
913	86
968	86
1114	86
1133	86
1181	86
1344	86
1571	86
1706	86
1748	86
1761	86
2095	86
2100	86
2166	86
2228	86
2234	86
2480	86
2604	86
2784	86
2825	86
2957	86
3082	86
3149	86
3392	86
3461	86
3574	86
3959	86
3978	86
4028	86
4337	86
4357	86
4444	86
4618	86
4627	86
4849	86
4851	86
4958	86
4968	86
5083	86
5181	86
5232	86
5322	86
5357	86
5449	86
5585	86
5704	86
5834	86
5917	86
6059	86
6306	86
6604	86
7072	86
7169	86
7288	86
7370	86
7535	86
7606	86
7704	86
7712	86
7729	86
7760	86
7860	86
7928	86
8154	86
8165	86
8224	86
8346	86
8563	86
8565	86
8959	86
9030	86
9035	86
9102	86
9210	86
9267	86
9541	86
9874	86
9938	86
10148	86
10208	86
10395	86
11441	86
11664	86
11782	86
11940	86
12089	86
12123	86
12529	86
12546	86
12738	86
13050	86
13129	86
13151	86
13208	86
13267	86
13274	86
13317	86
13577	86
13740	86
14148	86
14267	86
14297	86
14302	86
14326	86
14530	86
15263	86
15281	86
15733	86
15763	86
15770	86
15872	86
16152	86
16284	86
16394	86
16576	86
16641	86
16859	86
16882	86
17111	86
17268	86
17278	86
17371	86
17406	86
17468	86
17628	86
17668	86
17773	86
17854	86
18017	86
18062	86
18145	86
18286	86
18369	86
18666	86
19131	86
19486	86
20016	86
20109	86
20194	86
20313	86
20466	86
20804	86
20901	86
21399	86
21469	86
21588	86
21628	86
21775	86
22038	86
22071	86
22348	86
22388	86
22490	86
22766	86
22833	86
22918	86
23009	86
23402	86
23524	86
23645	86
23713	86
23840	86
24001	86
24225	86
24303	86
24358	86
24762	86
25157	86
25926	86
25957	86
26022	86
26302	86
26331	86
26657	86
27232	86
27254	86
27284	86
27422	86
27467	86
27695	86
27938	86
28311	86
28500	86
28519	86
28523	86
28684	86
28893	86
28959	86
28970	86
29133	86
29258	86
29312	86
29407	86
29519	86
29684	86
29820	86
30184	86
30266	86
30316	86
30800	86
30853	86
30930	86
30943	86
30973	86
31005	86
31011	86
31023	86
31039	86
31049	86
31118	86
31388	86
31408	86
31538	86
31637	86
31728	86
31859	86
31962	86
32266	86
32700	86
33052	86
33113	86
33306	86
33371	86
33444	86
33568	86
34134	86
34179	86
34285	86
34427	86
34675	86
34735	86
35128	86
35346	86
35406	86
35478	86
35990	86
36271	86
36283	86
36362	86
36707	86
36727	86
36827	86
36849	86
36935	86
36984	86
37041	86
37081	86
37357	86
37412	86
37496	86
37727	86
38126	86
38463	86
38561	86
38754	86
38873	86
38991	86
39074	86
39262	86
39380	86
39682	86
39825	86
39875	86
40083	86
40307	86
40318	86
40328	86
40509	86
40626	86
41212	86
41464	86
41465	86
41504	86
41655	86
41690	86
41755	86
41873	86
41906	86
42015	86
42258	86
42296	86
42417	86
42438	86
42451	86
42599	86
42647	86
42698	86
42927	86
42976	86
43096	86
43266	86
43333	86
43555	86
43662	86
43675	86
43858	86
43948	86
43999	86
44089	86
44605	86
44767	86
44874	86
45034	86
45093	86
45169	86
45173	86
45198	86
45275	86
45434	86
45450	86
45569	86
45738	86
45996	86
46055	86
46070	86
46286	86
46626	86
46643	86
46852	86
47088	86
47226	86
47390	86
47834	86
47909	86
48126	86
48234	86
48276	86
48357	86
48573	86
48611	86
48612	86
48744	86
48767	86
48791	86
48921	86
49016	86
49044	86
49461	86
49491	86
49589	86
49847	86
49959	86
7	85
46	85
621	85
643	85
671	85
676	85
962	85
1293	85
1505	85
1805	85
2010	85
2249	85
2411	85
2562	85
2630	85
2657	85
2718	85
2838	85
2984	85
2985	85
3015	85
3131	85
3202	85
3204	85
3231	85
3346	85
3399	85
3477	85
3742	85
3977	85
4406	85
4415	85
4514	85
4529	85
4629	85
5009	85
5221	85
5454	85
5568	85
5883	85
5895	85
6158	85
6431	85
6537	85
6546	85
6718	85
6735	85
6798	85
6925	85
7221	85
7248	85
7357	85
7462	85
7512	85
7605	85
7707	85
8317	85
8353	85
8445	85
8550	85
8628	85
8683	85
8696	85
8807	85
8992	85
9007	85
9052	85
9129	85
9177	85
9242	85
9652	85
9863	85
9884	85
9976	85
9997	85
10257	85
10327	85
10403	85
10869	85
10894	85
11086	85
11395	85
11477	85
11615	85
11996	85
12321	85
12350	85
12483	85
12564	85
12612	85
12715	85
12836	85
13308	85
13323	85
13332	85
13370	85
13399	85
13706	85
14012	85
14027	85
14068	85
14110	85
14323	85
14696	85
14709	85
14933	85
14958	85
14961	85
15336	85
15469	85
15629	85
15687	85
15711	85
15834	85
16028	85
16275	85
16411	85
16631	85
16718	85
16741	85
16876	85
17118	85
17142	85
17218	85
17219	85
17248	85
17589	85
17607	85
17734	85
17847	85
17961	85
18157	85
18252	85
18673	85
18764	85
18789	85
18989	85
19190	85
19195	85
19422	85
19465	85
19645	85
19685	85
19750	85
19816	85
20238	85
20345	85
20391	85
20440	85
20472	85
20709	85
21137	85
21212	85
21555	85
21609	85
21829	85
22298	85
22349	85
22630	85
22726	85
22751	85
22814	85
22855	85
22941	85
22997	85
23133	85
23201	85
23295	85
23546	85
23553	85
23584	85
23676	85
23715	85
23726	85
23908	85
23945	85
23991	85
24049	85
24080	85
24180	85
24592	85
25169	85
25242	85
25268	85
25648	85
25973	85
26112	85
26344	85
26445	85
26574	85
26586	85
26653	85
26668	85
26742	85
26844	85
26908	85
27183	85
27292	85
27299	85
27661	85
28361	85
28451	85
28532	85
28758	85
28771	85
29211	85
29343	85
29452	85
29551	85
29697	85
29760	85
29963	85
30064	85
30236	85
30344	85
30369	85
30395	85
30503	85
30712	85
30733	85
30792	85
30856	85
30944	85
31425	85
31517	85
31633	85
31731	85
31742	85
31890	85
32092	85
32196	85
32225	85
32430	85
32462	85
32742	85
33177	85
33250	85
33569	85
33696	85
33710	85
33774	85
33847	85
34155	85
34194	85
34453	85
34572	85
35036	85
35067	85
35245	85
35382	85
35576	85
35587	85
35636	85
35858	85
35896	85
36004	85
36028	85
36299	85
36306	85
36337	85
36478	85
36506	85
36815	85
36901	85
37038	85
37226	85
37864	85
37937	85
38041	85
38143	85
38272	85
38290	85
38428	85
38667	85
38758	85
39328	85
39494	85
39556	85
39692	85
39773	85
39824	85
39839	85
40015	85
40021	85
40032	85
40265	85
40472	85
40564	85
40581	85
40603	85
40660	85
40914	85
41075	85
41471	85
41541	85
41605	85
41642	85
41866	85
42341	85
42757	85
42875	85
43961	85
44003	85
44156	85
44158	85
44206	85
44422	85
44520	85
44530	85
44594	85
44952	85
44981	85
45044	85
45099	85
45187	85
45204	85
45543	85
45698	85
45815	85
45840	85
46181	85
46623	85
46718	85
47030	85
47269	85
47560	85
47578	85
48140	85
48165	85
48329	85
48423	85
48656	85
49451	85
49489	85
49593	85
49927	85
49982	85
157	84
238	84
1250	84
1823	84
2072	84
2111	84
2316	84
2568	84
3144	84
3232	84
3596	84
3782	84
4133	84
4369	84
4385	84
4417	84
4622	84
4686	84
4701	84
4754	84
5004	84
5741	84
6006	84
6538	84
6895	84
7680	84
7774	84
8184	84
8265	84
8323	84
8788	84
9099	84
9613	84
9636	84
9715	84
10199	84
10287	84
10352	84
10382	84
10799	84
11008	84
11051	84
11121	84
11337	84
11383	84
11632	84
12057	84
12064	84
12214	84
12863	84
13196	84
13349	84
13468	84
13730	84
14590	84
14809	84
15357	84
15633	84
15798	84
16006	84
16012	84
16180	84
16298	84
16404	84
16526	84
17275	84
17413	84
17492	84
17586	84
17687	84
17840	84
17908	84
18124	84
18144	84
18411	84
18561	84
18947	84
18997	84
19098	84
19368	84
19495	84
19555	84
19599	84
19817	84
20101	84
20477	84
20507	84
21169	84
21221	84
21653	84
21799	84
21923	84
21989	84
22102	84
22171	84
22265	84
22753	84
22820	84
23020	84
23284	84
23333	84
23556	84
23996	84
24544	84
24767	84
24808	84
25209	84
25253	84
25396	84
25518	84
25555	84
25805	84
26071	84
26136	84
26232	84
26238	84
26275	84
26483	84
26492	84
27297	84
27459	84
27735	84
28055	84
28668	84
28694	84
28757	84
28974	84
29201	84
29203	84
29277	84
29791	84
30012	84
30313	84
30414	84
30461	84
30553	84
30646	84
30764	84
31101	84
31587	84
31740	84
31802	84
31828	84
31957	84
32374	84
32427	84
32434	84
32552	84
32591	84
32665	84
32902	84
33031	84
33198	84
33286	84
33588	84
33783	84
33896	84
33955	84
34096	84
34141	84
34518	84
34632	84
34861	84
34991	84
35073	84
35666	84
35757	84
35944	84
36115	84
36153	84
36344	84
36475	84
36542	84
36570	84
36592	84
36894	84
36950	84
37153	84
37422	84
37510	84
37658	84
38449	84
38590	84
38688	84
38940	84
39029	84
39189	84
39246	84
39313	84
39359	84
39458	84
39615	84
39654	84
39804	84
40291	84
40422	84
40712	84
40784	84
41135	84
41617	84
41620	84
41733	84
42064	84
42085	84
42363	84
42410	84
42445	84
42447	84
42508	84
42604	84
42800	84
42997	84
43341	84
43633	84
43901	84
43902	84
44099	84
44710	84
44826	84
45070	84
45422	84
45548	84
45944	84
45963	84
45966	84
45992	84
46080	84
46238	84
46402	84
46571	84
46705	84
47099	84
47658	84
48169	84
48398	84
49111	84
49518	84
49657	84
49882	84
49922	84
29	83
142	83
494	83
630	83
1384	83
1578	83
2007	83
2016	83
2555	83
2582	83
2644	83
2961	83
3827	83
4145	83
4374	83
4387	83
4436	83
4506	83
4698	83
4708	83
4965	83
4984	83
5635	83
6222	83
6497	83
7212	83
7343	83
7374	83
7532	83
7819	83
7832	83
8197	83
8326	83
8394	83
8620	83
8754	83
8925	83
9187	83
9434	83
9897	83
10076	83
10134	83
10224	83
10741	83
11157	83
11211	83
11831	83
12104	83
12292	83
12306	83
12562	83
12681	83
12962	83
13048	83
13097	83
13429	83
13495	83
13670	83
13709	83
14034	83
14433	83
14451	83
15120	83
15231	83
15558	83
15626	83
15878	83
16064	83
16148	83
16215	83
16334	83
17091	83
17115	83
17660	83
18166	83
18226	83
18260	83
18347	83
19248	83
19263	83
19297	83
19674	83
20095	83
20235	83
20386	83
20590	83
20926	83
21107	83
21369	83
21471	83
21781	83
21879	83
21995	83
22125	83
22479	83
22598	83
22634	83
22894	83
22925	83
22927	83
23304	83
23306	83
23339	83
23702	83
23776	83
23781	83
23920	83
24296	83
24346	83
24381	83
24510	83
24580	83
24802	83
25053	83
25071	83
25129	83
25375	83
25443	83
25567	83
25874	83
25907	83
25953	83
26202	83
26249	83
26368	83
27442	83
27483	83
27622	83
27731	83
28513	83
28538	83
29067	83
29193	83
29281	83
29549	83
29580	83
29705	83
30024	83
30175	83
30180	83
30495	83
30814	83
31297	83
31650	83
31807	83
31854	83
32027	83
32433	83
32740	83
33053	83
33224	83
33285	83
33724	83
33825	83
33839	83
33941	83
33981	83
34128	83
34161	83
34296	83
34366	83
34393	83
34605	83
34640	83
34726	83
35042	83
35335	83
35433	83
35535	83
35556	83
35604	83
35680	83
35717	83
35782	83
35863	83
36021	83
37297	83
37652	83
37654	83
37859	83
38025	83
38047	83
38253	83
38942	83
39274	83
39358	83
39603	83
39828	83
39909	83
40088	83
40758	83
40885	83
40935	83
41736	83
41743	83
41821	83
42063	83
42119	83
42168	83
42620	83
42655	83
42707	83
42739	83
42753	83
43165	83
43511	83
43617	83
43697	83
43895	83
44164	83
44269	83
44375	83
44841	83
44883	83
44914	83
45003	83
45052	83
45209	83
45306	83
45473	83
45600	83
45625	83
45746	83
46004	83
46289	83
46428	83
46774	83
47237	83
47684	83
47748	83
48121	83
48173	83
48263	83
48494	83
48586	83
48907	83
49021	83
49561	83
176	82
184	82
229	82
312	82
936	82
1478	82
2268	82
2320	82
2437	82
2645	82
2855	82
3269	82
3523	82
3850	82
4035	82
4488	82
4664	82
4782	82
4850	82
5011	82
5049	82
5124	82
5460	82
5650	82
5666	82
5784	82
6060	82
6251	82
6269	82
7570	82
7572	82
8601	82
8607	82
8791	82
8821	82
8837	82
9046	82
9091	82
9252	82
9315	82
9892	82
10326	82
10559	82
11367	82
11437	82
11795	82
11972	82
12329	82
13052	82
13170	82
13265	82
14059	82
14139	82
14599	82
14605	82
15234	82
15312	82
15375	82
15444	82
15577	82
15953	82
16094	82
16237	82
16269	82
16429	82
16607	82
16925	82
17137	82
17209	82
17215	82
17499	82
17565	82
17701	82
17723	82
17837	82
18051	82
18244	82
18462	82
18656	82
18837	82
18859	82
18992	82
19733	82
19913	82
19953	82
19983	82
19992	82
20692	82
20899	82
20937	82
20978	82
21178	82
21219	82
21427	82
21437	82
21493	82
21593	82
21712	82
21952	82
21996	82
22197	82
22516	82
22526	82
22562	82
22588	82
22666	82
22678	82
22929	82
23162	82
23280	82
23624	82
23720	82
23721	82
23831	82
23844	82
23877	82
24698	82
25361	82
25635	82
25710	82
26057	82
26186	82
26373	82
27111	82
27162	82
27628	82
27677	82
27730	82
27752	82
27796	82
28248	82
28331	82
28362	82
28814	82
29157	82
29518	82
29540	82
29748	82
30363	82
30570	82
30655	82
30702	82
30819	82
31402	82
31473	82
32331	82
32402	82
32851	82
33155	82
33332	82
33382	82
33748	82
33996	82
34005	82
34199	82
34943	82
34993	82
35041	82
35610	82
35709	82
35847	82
36041	82
36717	82
37279	82
37473	82
37575	82
37698	82
39132	82
39158	82
39320	82
39366	82
40026	82
40030	82
40237	82
40450	82
40709	82
40839	82
40893	82
41631	82
41859	82
42506	82
42726	82
42758	82
42766	82
42817	82
42825	82
43232	82
43587	82
43636	82
43652	82
43925	82
44347	82
44858	82
44954	82
45068	82
45175	82
45477	82
46999	82
47111	82
47290	82
47427	82
47619	82
47625	82
48114	82
48308	82
48402	82
48630	82
49234	82
49606	82
49867	82
49931	82
444	81
607	81
964	81
977	81
1090	81
1242	81
1394	81
1574	81
1858	81
1911	81
1987	81
2347	81
2554	81
2774	81
2910	81
3155	81
3731	81
4111	81
4743	81
5157	81
5202	81
5352	81
5610	81
5684	81
5692	81
5777	81
5862	81
5884	81
6086	81
6381	81
6516	81
6519	81
6563	81
6661	81
6836	81
7381	81
8570	81
8762	81
9009	81
9019	81
9029	81
9476	81
9545	81
9606	81
9754	81
9990	81
10106	81
10797	81
10899	81
10937	81
11103	81
11846	81
12233	81
12340	81
13085	81
13642	81
13974	81
15053	81
15069	81
15311	81
15801	81
15934	81
15939	81
16119	81
16149	81
16171	81
16183	81
16506	81
16646	81
17010	81
17907	81
17950	81
17984	81
18355	81
18838	81
19809	81
19911	81
20031	81
20349	81
20380	81
20932	81
21106	81
21133	81
21280	81
21558	81
21641	81
21786	81
21969	81
22046	81
22111	81
22556	81
22903	81
23287	81
24109	81
24364	81
24573	81
24617	81
24673	81
24678	81
24788	81
25193	81
25230	81
25422	81
26526	81
26620	81
26731	81
26789	81
26828	81
27115	81
27359	81
27365	81
27714	81
28471	81
29296	81
29410	81
29460	81
29645	81
30721	81
31034	81
31474	81
31503	81
31789	81
32226	81
32439	81
33640	81
33656	81
33949	81
33982	81
34143	81
34260	81
34437	81
34720	81
34889	81
35410	81
35542	81
35568	81
35766	81
35788	81
36734	81
36955	81
36983	81
37233	81
37986	81
38442	81
38575	81
38672	81
38798	81
38874	81
38887	81
39204	81
39291	81
39724	81
40130	81
40264	81
40394	81
40653	81
41032	81
41609	81
41964	81
42462	81
43012	81
43316	81
43669	81
44828	81
45251	81
45284	81
45318	81
45825	81
46352	81
46669	81
46674	81
47321	81
47542	81
48638	81
49284	81
85	80
511	80
1437	80
1660	80
2180	80
2273	80
2917	80
3085	80
3257	80
3385	80
3722	80
3727	80
4171	80
4667	80
4761	80
6174	80
6625	80
6642	80
6705	80
6930	80
7067	80
7068	80
7157	80
7255	80
7686	80
7691	80
8098	80
8175	80
8285	80
8357	80
8693	80
8900	80
8932	80
9195	80
9576	80
10310	80
10589	80
10639	80
10885	80
10919	80
11258	80
11272	80
12335	80
12889	80
12964	80
13017	80
13068	80
13294	80
13612	80
13761	80
14525	80
14561	80
14878	80
14900	80
15322	80
15447	80
15984	80
16265	80
16993	80
17896	80
18833	80
19046	80
19144	80
19187	80
19505	80
19726	80
20058	80
20121	80
20382	80
20525	80
20600	80
20995	80
21355	80
22093	80
22290	80
22638	80
22856	80
23213	80
23274	80
23366	80
23635	80
24590	80
24647	80
25001	80
25592	80
26039	80
26132	80
26158	80
26458	80
27085	80
27277	80
28102	80
28196	80
28378	80
28804	80
28907	80
29529	80
29674	80
30084	80
30207	80
30218	80
30577	80
30619	80
31275	80
32038	80
32041	80
33734	80
33813	80
33882	80
34078	80
34507	80
34756	80
34837	80
34857	80
34872	80
34916	80
35136	80
35931	80
36133	80
36445	80
36470	80
37675	80
38278	80
39040	80
39104	80
39118	80
39558	80
39831	80
40003	80
40052	80
40178	80
40321	80
40875	80
40967	80
41077	80
41209	80
41396	80
41398	80
41409	80
41771	80
41907	80
42260	80
42625	80
42913	80
42921	80
43406	80
44267	80
44460	80
44590	80
44762	80
44870	80
45488	80
46189	80
46556	80
46731	80
46940	80
47457	80
47553	80
47769	80
48061	80
48540	80
49047	80
49369	80
49769	80
568	79
746	79
1015	79
1277	79
1448	79
2184	79
2667	79
3302	79
3611	79
3882	79
4291	79
4530	79
4684	79
5013	79
5264	79
5705	79
6038	79
6494	79
6712	79
6739	79
6812	79
7260	79
7915	79
7987	79
8161	79
8227	79
8442	79
8680	79
8973	79
9003	79
9403	79
9564	79
9670	79
9712	79
9742	79
10495	79
10522	79
11174	79
11651	79
11864	79
12071	79
12385	79
12620	79
12741	79
13091	79
14176	79
14424	79
14546	79
14606	79
14616	79
15854	79
17858	79
18567	79
19265	79
19589	79
20079	79
20840	79
21110	79
21125	79
21335	79
21736	79
21953	79
22162	79
22731	79
22839	79
22948	79
23111	79
24106	79
24306	79
24497	79
24731	79
25013	79
25109	79
25933	79
26636	79
26642	79
26914	79
27178	79
27509	79
27672	79
27742	79
28957	79
29640	79
30199	79
30534	79
30804	79
31122	79
31141	79
31303	79
31783	79
32146	79
32589	79
32773	79
33898	79
34233	79
34347	79
34385	79
34394	79
34481	79
35291	79
35762	79
36751	79
37051	79
37090	79
37428	79
37480	79
37660	79
37799	79
37826	79
37904	79
38379	79
38784	79
39268	79
39371	79
39438	79
39493	79
39611	79
39841	79
39885	79
41392	79
42140	79
42343	79
42420	79
42528	79
42560	79
43081	79
43759	79
44265	79
44318	79
44601	79
44855	79
44960	79
45338	79
45463	79
45832	79
46285	79
47025	79
47288	79
47987	79
48141	79
48449	79
48536	79
49186	79
49292	79
49426	79
49439	79
49609	79
699	78
1602	78
1901	78
2214	78
2367	78
2399	78
2609	78
3032	78
3331	78
3513	78
3602	78
3917	78
4169	78
5192	78
5300	78
5500	78
5530	78
5668	78
5860	78
6083	78
6377	78
6420	78
6464	78
7125	78
7617	78
7659	78
7665	78
8093	78
8097	78
8509	78
9263	78
10826	78
10962	78
10964	78
11549	78
11564	78
11853	78
12150	78
12274	78
12662	78
13455	78
13538	78
14155	78
14519	78
14643	78
14802	78
15460	78
15704	78
16189	78
16751	78
17216	78
17580	78
17856	78
17934	78
18221	78
18729	78
19708	78
19862	78
20069	78
23088	78
23186	78
23437	78
24579	78
24718	78
24733	78
25009	78
25074	78
25166	78
25280	78
25842	78
26093	78
26840	78
27327	78
27685	78
28669	78
28935	78
29114	78
29586	78
29671	78
29739	78
29825	78
30043	78
30091	78
30126	78
31510	78
31985	78
32112	78
32252	78
32811	78
32847	78
33485	78
33709	78
34323	78
35218	78
36076	78
36400	78
39102	78
39505	78
39713	78
40152	78
40412	78
40462	78
40824	78
40934	78
41122	78
41540	78
41837	78
41876	78
43089	78
43940	78
44311	78
45190	78
45258	78
47340	78
48222	78
48421	78
48461	78
48558	78
48741	78
48827	78
49117	78
49416	78
49603	78
997	77
1094	77
1476	77
1619	77
1827	77
1841	77
1969	77
2240	77
2600	77
2736	77
3367	77
3467	77
4397	77
4656	77
5110	77
5148	77
6435	77
7408	77
8061	77
8206	77
8556	77
8659	77
9486	77
9732	77
9774	77
9823	77
10388	77
11428	77
12141	77
12489	77
13247	77
13497	77
13685	77
14007	77
14223	77
15751	77
16797	77
17577	77
18246	77
18938	77
19514	77
20742	77
21200	77
22095	77
22475	77
22660	77
23300	77
23592	77
23679	77
23813	77
24189	77
24331	77
25191	77
25487	77
26534	77
27195	77
27340	77
27698	77
27994	77
28084	77
28421	77
28741	77
29002	77
29507	77
29603	77
29642	77
29926	77
29969	77
29971	77
30274	77
30459	77
30797	77
30901	77
31574	77
31959	77
32042	77
33112	77
33257	77
34301	77
34625	77
35607	77
35980	77
36280	77
37301	77
37580	77
37863	77
37938	77
38997	77
39509	77
39586	77
41968	77
42556	77
43033	77
44210	77
44531	77
44836	77
44919	77
45125	77
45308	77
45341	77
45427	77
45564	77
45984	77
46234	77
46440	77
46519	77
46747	77
47551	77
47614	77
48326	77
49777	77
139	76
589	76
1135	76
1661	76
3220	76
3744	76
4050	76
4688	76
5512	76
7540	76
9432	76
10571	76
10860	76
11444	76
11646	76
12485	76
13380	76
13456	76
13463	76
13768	76
13908	76
14144	76
14240	76
14361	76
15394	76
15784	76
18458	76
18609	76
18668	76
18791	76
18845	76
19002	76
19433	76
19831	76
20746	76
20774	76
20803	76
20855	76
21661	76
21804	76
23358	76
24093	76
24119	76
25718	76
25881	76
26317	76
26787	76
27380	76
27593	76
27691	76
27763	76
27789	76
28105	76
29191	76
29834	76
30073	76
31104	76
31605	76
31685	76
32796	76
33624	76
34138	76
34244	76
34390	76
34442	76
36328	76
36659	76
37166	76
37200	76
37201	76
37998	76
38340	76
38602	76
38669	76
39208	76
39984	76
43016	76
43065	76
43317	76
43332	76
43638	76
44372	76
45154	76
45220	76
45283	76
45356	76
45642	76
45797	76
46442	76
48217	76
49895	76
1567	75
2242	75
2470	75
2880	75
2948	75
3098	75
3171	75
3505	75
3512	75
3651	75
5330	75
5830	75
6074	75
6161	75
7117	75
7912	75
8499	75
8520	75
8799	75
10158	75
10820	75
10925	75
11294	75
11571	75
12113	75
12116	75
12152	75
12276	75
12702	75
13346	75
14237	75
15163	75
15506	75
16348	75
16533	75
17309	75
17895	75
18136	75
18282	75
18361	75
19640	75
19925	75
21138	75
21213	75
21547	75
22911	75
23100	75
23140	75
23426	75
23648	75
23747	75
23969	75
24054	75
24297	75
24833	75
26052	75
26077	75
26121	75
26183	75
27717	75
27979	75
28245	75
28786	75
29073	75
29805	75
30062	75
30288	75
30637	75
31711	75
31737	75
32079	75
32724	75
33100	75
33176	75
34251	75
34606	75
35247	75
35384	75
35649	75
35807	75
36128	75
36211	75
36878	75
37957	75
37982	75
38265	75
38974	75
39073	75
39212	75
39402	75
39484	75
40043	75
41695	75
42503	75
42634	75
42821	75
44718	75
45020	75
47168	75
47435	75
47952	75
48106	75
474	74
920	74
1948	74
4064	74
4486	74
7463	74
7708	74
9101	74
9113	74
9539	74
9998	74
10133	74
10434	74
10627	74
11727	74
11777	74
11861	74
13470	74
14044	74
16458	74
16694	74
17263	74
17418	74
18354	74
18430	74
20075	74
20131	74
20229	74
20513	74
20791	74
20861	74
21457	74
21716	74
21958	74
22394	74
22538	74
22775	74
22883	74
23901	74
26173	74
27012	74
27510	74
29516	74
30293	74
30360	74
30985	74
31335	74
31676	74
31754	74
32432	74
33472	74
33930	74
34376	74
34832	74
34847	74
35547	74
35605	74
36054	74
36887	74
38206	74
38868	74
39277	74
40857	74
41181	74
41572	74
41740	74
41744	74
43445	74
43753	74
44146	74
44913	74
44993	74
45253	74
45440	74
48620	74
48623	74
48696	74
49277	74
49374	74
49632	74
49979	74
168	73
942	73
1112	73
1725	73
1820	73
2226	73
2313	73
3110	73
3424	73
3785	73
4631	73
6936	73
7132	73
7186	73
7312	73
8962	73
11172	73
14354	73
16419	73
16909	73
17750	73
17901	73
18657	73
18907	73
20463	73
21067	73
21618	73
21675	73
22135	73
22543	73
23225	73
23665	73
24458	73
24599	73
25685	73
26954	73
27002	73
27586	73
27779	73
27792	73
28900	73
28995	73
29604	73
29765	73
30368	73
30768	73
31368	73
32129	73
32623	73
32959	73
33194	73
34203	73
34796	73
35129	73
35251	73
35296	73
35330	73
36027	73
36329	73
37317	73
37830	73
38284	73
38429	73
38487	73
40358	73
42305	73
43169	73
43453	73
43714	73
44625	73
45406	73
47767	73
48192	73
48385	73
48523	73
48713	73
1080	72
2129	72
2183	72
2828	72
3003	72
3836	72
3900	72
4456	72
6832	72
7160	72
7879	72
8975	72
9071	72
9331	72
11274	72
11605	72
12082	72
12312	72
13327	72
13492	72
13889	72
14524	72
15937	72
16502	72
16822	72
16943	72
17293	72
17636	72
18109	72
18927	72
19680	72
19821	72
20561	72
20592	72
21103	72
21104	72
21462	72
22165	72
22204	72
22285	72
22314	72
22763	72
22815	72
23060	72
23733	72
24010	72
24339	72
25217	72
26259	72
26689	72
26751	72
27246	72
27599	72
28030	72
28127	72
30766	72
30783	72
31072	72
31523	72
32087	72
32647	72
32978	72
33208	72
33863	72
34355	72
35203	72
35508	72
36807	72
36988	72
37295	72
38447	72
38892	72
41155	72
41169	72
42124	72
42186	72
42263	72
42292	72
43725	72
43797	72
45028	72
45177	72
45511	72
46744	72
47196	72
47279	72
47875	72
49572	72
49689	72
876	71
1363	71
1843	71
2762	71
3363	71
3365	71
4720	71
5014	71
5203	71
6144	71
8479	71
9036	71
9232	71
9837	71
10694	71
11739	71
12618	71
12835	71
13065	71
13968	71
14650	71
15416	71
15738	71
15993	71
17341	71
18087	71
18173	71
18181	71
18702	71
19873	71
19971	71
20854	71
20874	71
21230	71
21448	71
21883	71
22160	71
22485	71
23529	71
23689	71
24729	71
25317	71
25420	71
27133	71
27590	71
27837	71
29239	71
30011	71
31525	71
32314	71
33207	71
34202	71
35174	71
36550	71
38174	71
38799	71
39712	71
40971	71
40973	71
41377	71
41861	71
42351	71
42771	71
42958	71
43098	71
43880	71
43921	71
45380	71
45573	71
45755	71
45905	71
46201	71
46996	71
47642	71
49440	71
49726	71
164	70
188	70
1977	70
3673	70
4335	70
4640	70
4842	70
5968	70
6258	70
7159	70
7809	70
7899	70
8600	70
9932	70
11082	70
11195	70
11951	70
13152	70
14246	70
14722	70
15591	70
16360	70
16491	70
16642	70
17361	70
17703	70
17975	70
19434	70
19688	70
21010	70
21015	70
21234	70
22342	70
23052	70
23472	70
24820	70
26791	70
27732	70
29299	70
29523	70
29557	70
30668	70
31825	70
33810	70
34791	70
35159	70
35188	70
37424	70
38084	70
38585	70
38872	70
39490	70
39818	70
40847	70
41520	70
42827	70
42897	70
43932	70
44421	70
44524	70
46955	70
48866	70
49854	70
278	69
1869	69
1938	69
2208	69
2751	69
3298	69
3571	69
6052	69
6521	69
7245	69
9365	69
10475	69
10523	69
10747	69
10839	69
10981	69
11078	69
11589	69
13654	69
14129	69
15874	69
16293	69
17454	69
18257	69
19079	69
19455	69
19490	69
19709	69
20155	69
20182	69
21706	69
22851	69
24987	69
25784	69
26363	69
26476	69
26557	69
26682	69
27910	69
27988	69
28840	69
29956	69
31827	69
33181	69
36649	69
39048	69
40594	69
41444	69
41602	69
43040	69
43290	69
44065	69
45289	69
46621	69
48633	69
49383	69
236	68
1421	68
2306	68
2651	68
2740	68
5145	68
5579	68
6284	68
6309	68
6338	68
6948	68
7943	68
8835	68
8884	68
10963	68
16247	68
16818	68
16973	68
17321	68
17581	68
17995	68
18036	68
18671	68
19324	68
20381	68
21464	68
21761	68
22596	68
22821	68
23682	68
23685	68
24539	68
26074	68
26255	68
26307	68
26655	68
27249	68
27785	68
27885	68
29228	68
29974	68
30785	68
31604	68
34063	68
34465	68
36776	68
37309	68
41725	68
42994	68
44175	68
45918	68
46760	68
47191	68
47256	68
47258	68
47804	68
48058	68
49162	68
1461	67
1697	67
1719	67
5645	67
5772	67
5971	67
6513	67
7495	67
7683	67
9492	67
11215	67
12253	67
12622	67
12903	67
13037	67
17297	67
18453	67
18844	67
18860	67
19292	67
19898	67
20587	67
21616	67
21651	67
24815	67
25652	67
25660	67
26026	67
27722	67
29235	67
29957	67
30251	67
31094	67
31544	67
32010	67
33085	67
34519	67
34773	67
35234	67
35512	67
36448	67
36697	67
39092	67
40127	67
42918	67
44217	67
44674	67
44926	67
45388	67
46610	67
46997	67
47440	67
48077	67
49112	67
71	66
325	66
895	66
946	66
3394	66
3595	66
3600	66
5244	66
6111	66
8869	66
8886	66
9226	66
9471	66
11271	66
11663	66
12473	66
13348	66
13512	66
15467	66
16347	66
16580	66
16850	66
18760	66
20271	66
23578	66
24292	66
24527	66
25284	66
26278	66
27741	66
27833	66
28135	66
28606	66
29105	66
29264	66
29701	66
30193	66
32488	66
33042	66
33063	66
35190	66
35906	66
36479	66
37485	66
38314	66
39418	66
40232	66
40350	66
44109	66
45843	66
46463	66
46707	66
47037	66
4912	65
5363	65
5886	65
7042	65
7946	65
9366	65
13780	65
13999	65
14117	65
14538	65
15488	65
18356	65
20713	65
21375	65
21507	65
21894	65
22552	65
23359	65
23433	65
24137	65
24425	65
24452	65
24924	65
25625	65
27273	65
27873	65
28383	65
28526	65
29370	65
29494	65
29975	65
30774	65
31619	65
34909	65
35526	65
36537	65
38452	65
38836	65
40306	65
43322	65
43585	65
44869	65
46786	65
48162	65
49203	65
49964	65
2005	64
2677	64
2727	64
3168	64
3990	64
4078	64
5868	64
6071	64
6706	64
6729	64
6782	64
7057	64
7292	64
8714	64
8838	64
10281	64
11130	64
11196	64
11359	64
11427	64
13056	64
13986	64
16316	64
17579	64
18303	64
19169	64
19724	64
20915	64
21808	64
22081	64
22451	64
22585	64
22689	64
25186	64
27906	64
29337	64
29571	64
29813	64
30259	64
30479	64
32681	64
32743	64
34246	64
34905	64
35266	64
37943	64
38274	64
38500	64
39469	64
42052	64
42637	64
43413	64
45063	64
45793	64
46026	64
46869	64
47310	64
48086	64
49115	64
2843	63
3045	63
3450	63
4285	63
4814	63
7148	63
9170	63
9183	63
10126	63
10992	63
12054	63
12427	63
12988	63
13534	63
14543	63
14681	63
18636	63
20119	63
20598	63
20781	63
22472	63
23569	63
23608	63
24114	63
26106	63
27194	63
27640	63
28059	63
28761	63
28931	63
29532	63
31582	63
32184	63
34357	63
34364	63
36103	63
36797	63
37460	63
37849	63
39373	63
41190	63
42696	63
43131	63
44936	63
45615	63
45956	63
1026	62
2775	62
2907	62
2981	62
3825	62
5553	62
6121	62
6953	62
7224	62
8183	62
9054	62
12853	62
13149	62
15081	62
16392	62
16598	62
19891	62
20595	62
21080	62
21199	62
21739	62
24763	62
25658	62
26087	62
26729	62
27237	62
27907	62
28244	62
29308	62
33567	62
36033	62
36472	62
36879	62
37140	62
37248	62
37332	62
37592	62
38644	62
38915	62
39108	62
40311	62
41525	62
45011	62
48506	62
49601	62
486	61
516	61
2661	61
6388	61
9244	61
13885	61
15028	61
15961	61
16711	61
16760	61
18640	61
19661	61
19792	61
20077	61
22207	61
24477	61
24483	61
24916	61
25647	61
26410	61
27045	61
28113	61
31322	61
32337	61
32964	61
33788	61
37468	61
38569	61
39152	61
39624	61
40254	61
42594	61
44120	61
44232	61
44282	61
44554	61
45931	61
45945	61
46893	61
47639	61
2356	60
3169	60
6967	60
14780	60
15714	60
18094	60
18988	60
19181	60
19600	60
20240	60
21270	60
21302	60
23564	60
24869	60
25136	60
28858	60
30656	60
30810	60
34583	60
35914	60
36384	60
36732	60
38482	60
38514	60
38604	60
42539	60
44107	60
44258	60
44447	60
47417	60
49269	60
49394	60
1551	59
2157	59
3285	59
3884	59
6896	59
7337	59
8870	59
10361	59
11546	59
12866	59
14408	59
16744	59
17128	59
17451	59
18357	59
18513	59
18629	59
19074	59
20554	59
21599	59
22228	59
22817	59
23484	59
24118	59
26532	59
26691	59
30265	59
32399	59
33131	59
34038	59
35647	59
38266	59
38929	59
39220	59
39352	59
45046	59
47575	59
47930	59
49698	59
1554	58
5241	58
7441	58
8360	58
10375	58
10749	58
13268	58
20245	58
21622	58
21870	58
22078	58
23936	58
24329	58
28241	58
29431	58
29986	58
30039	58
31050	58
33138	58
36739	58
37813	58
41278	58
42076	58
42779	58
42877	58
43187	58
44097	58
45078	58
48196	58
48722	58
319	57
2412	57
4428	57
4735	57
7628	57
8294	57
8486	57
10081	57
10160	57
12707	57
17501	57
19760	57
21003	57
24255	57
25020	57
25700	57
25909	57
27475	57
29017	57
30954	57
31720	57
33671	57
34493	57
34970	57
35032	57
35772	57
38908	57
39266	57
39548	57
42638	57
43653	57
45013	57
46029	57
46124	57
46237	57
46676	57
47078	57
48952	57
49705	57
104	56
375	56
1583	56
10127	56
21153	56
22859	56
24011	56
29169	56
36058	56
38364	56
41912	56
41989	56
43313	56
44403	56
46230	56
46687	56
48184	56
48374	56
48464	56
49438	56
873	55
2439	55
2886	55
5125	55
5311	55
8847	55
9336	55
9417	55
11405	55
13191	55
15933	55
16714	55
16766	55
16941	55
20894	55
23232	55
24999	55
28090	55
31791	55
34162	55
34317	55
38841	55
44598	55
46378	55
48507	55
49304	55
49642	55
32	54
2611	54
4921	54
5494	54
5737	54
6483	54
6742	54
7049	54
10580	54
12303	54
12348	54
14150	54
15564	54
18467	54
20331	54
20736	54
20925	54
24014	54
24550	54
26599	54
29029	54
29615	54
32296	54
36829	54
40153	54
41852	54
41904	54
45476	54
2559	53
9251	53
11703	53
11895	53
13505	53
13625	53
16673	53
16987	53
18400	53
22261	53
23631	53
26357	53
28045	53
30676	53
32134	53
33808	53
34510	53
37474	53
37529	53
37622	53
37857	53
38252	53
43703	53
44911	53
3355	52
4118	52
4641	52
6375	52
7342	52
10069	52
19620	52
20835	52
21648	52
29006	52
33254	52
36254	52
36573	52
42652	52
48346	52
49590	52
1975	51
3766	51
4875	51
5507	51
5515	51
5670	51
6731	51
13092	51
14083	51
17198	51
17527	51
17626	51
19226	51
20783	51
24224	51
34451	51
40267	51
41580	51
201	50
5887	50
6601	50
7124	50
9275	50
10576	50
11392	50
16019	50
23406	50
24712	50
26210	50
27013	50
34571	50
39570	50
41012	50
44276	50
45580	50
644	49
6581	49
9831	49
13608	49
13632	49
16989	49
17875	49
18971	49
19484	49
20911	49
20933	49
22145	49
22542	49
25246	49
29309	49
30149	49
31468	49
32366	49
35037	49
40739	49
41869	49
45353	49
45708	49
49239	49
1766	48
2352	48
2814	48
4932	48
12025	48
15080	48
16061	48
16567	48
17106	48
19431	48
21151	48
23837	48
26117	48
28358	48
30203	48
33492	48
35692	48
37070	48
37697	48
39058	48
42374	48
43976	48
46312	48
47592	48
49411	48
1849	47
2394	47
4400	47
7862	47
8698	47
9584	47
10454	47
13248	47
14512	47
17238	47
17720	47
18854	47
29495	47
29668	47
32306	47
34835	47
38935	47
44346	47
45014	47
47924	47
134	46
321	46
9767	46
12036	46
13771	46
15879	46
21597	46
27809	46
36546	46
40279	46
44537	46
588	45
3219	45
4803	45
16096	45
17989	45
20046	45
28082	45
29188	45
34424	45
37112	45
48484	45
7673	44
19417	44
21631	44
26974	44
27419	44
30119	44
33833	44
36929	44
38086	44
40574	44
40615	44
874	43
3147	43
3746	43
7545	43
21612	43
25177	43
26086	43
26903	43
29026	43
34533	43
37596	43
38884	43
46671	43
47583	43
48060	43
48301	43
205	42
8571	42
8945	42
10198	42
11411	42
13436	42
17906	42
20672	42
21858	42
22161	42
26877	42
27596	42
29167	42
29226	42
34809	42
48097	42
48839	42
3755	41
9993	41
13922	41
26611	41
27322	41
29656	41
43730	41
48112	41
5034	40
17716	40
22008	40
23417	40
27389	40
34356	40
45950	40
46908	40
13697	39
17136	39
18412	39
24873	39
35399	39
36611	39
38067	39
38277	39
42479	39
43625	39
3311	38
3421	38
4132	38
8596	38
24680	38
27331	38
30876	38
32286	38
45361	38
46322	38
5771	37
15047	37
20117	37
22792	37
29514	37
31643	37
32083	37
37779	37
43064	37
3035	36
12210	36
42392	36
226	35
4940	35
7077	35
12732	35
15141	35
37306	35
103	34
3592	34
7861	34
8064	34
14067	34
14449	34
16378	34
26984	34
38735	34
46408	34
1079	33
3966	33
14379	33
15883	33
31935	33
32239	33
32282	33
33007	33
41050	33
833	32
1790	32
4084	32
8626	32
17819	32
21784	32
36085	32
49150	32
8127	31
23203	31
30525	31
38042	31
4933	30
7845	30
18807	30
2200	29
8390	29
12440	29
15820	29
24708	29
34367	29
47749	29
834	27
1259	27
10325	27
12822	27
17008	27
22163	27
25046	27
28166	27
28416	27
28559	27
2263	26
8931	26
13402	26
35412	26
49410	26
17515	25
38515	25
45602	25
29125	24
30489	24
46127	24
20826	22
23753	22
1387	21
41914	21
19166	20
37100	20
15055	19
21429	19
27647	19
40573	17
34440	15
396	14
23504	12
